> Task :compileJava UP-TO-DATE
> Task :processResources NO-SOURCE
> Task :classes UP-TO-DATE
> Task :compileTestJava UP-TO-DATE
> Task :processTestResources UP-TO-DATE
> Task :testClasses UP-TO-DATE

> Task :run
2026-05-24 12:37:55 CDT [main] INFO  net.runelite.client.RuneLite - RuneLite 1.12.26.3 (launcher version unknown) starting up, args: --developer-mode --debug
2026-05-24 12:37:55 CDT [main] INFO  net.runelite.client.RuneLite - Java VM arguments: -Dfile.encoding=windows-1252 -Duser.country=US -Duser.language=en -Duser.variant -ea
2026-05-24 12:37:55 CDT [main] DEBUG n.runelite.client.eventbus.EventBus - Registering class net.runelite.api.events.GameStateChanged - EventBus.Subscriber(object=net.runelite.client.RuntimeConfigRefresher@142eef62, method=public void net.runelite.client.RuntimeConfigRefresher.onGameStateChanged(net.runelite.api.events.GameStateChanged), priority=0.0, lambda=net.runelite.client.RuntimeConfigRefresher$$Lambda$233/0x00000008003e3440@4a9cc6cb)
2026-05-24 12:37:57 CDT [Preloader] INFO  net.runelite.client.rs.ClientLoader - injected-client 25603230584.129
2026-05-24 12:37:57 CDT [main] DEBUG n.runelite.client.eventbus.EventBus - Registering class net.runelite.api.events.FocusChanged - EventBus.Subscriber(object=net.runelite.client.input.KeyManager@6c451c9c, method=private void net.runelite.client.input.KeyManager.onFocusChanged(net.runelite.api.events.FocusChanged), priority=0.0, lambda=net.runelite.client.input.KeyManager$$Lambda$245/0x0000000800466c40@31c269fd)
2026-05-24 12:37:57 CDT [main] DEBUG n.runelite.client.eventbus.EventBus - Registering class net.runelite.client.events.ConfigChanged - EventBus.Subscriber(object=net.runelite.client.chat.ChatMessageManager@320e400, method=public void net.runelite.client.chat.ChatMessageManager.onConfigChanged(net.runelite.client.events.ConfigChanged), priority=0.0, lambda=net.runelite.client.chat.ChatMessageManager$$Lambda$246/0x0000000800466040@5167268)
2026-05-24 12:37:57 CDT [main] DEBUG n.runelite.client.eventbus.EventBus - Registering class net.runelite.client.events.ProfileChanged - EventBus.Subscriber(object=net.runelite.client.chat.ChatMessageManager@320e400, method=public void net.runelite.client.chat.ChatMessageManager.onProfileChanged(net.runelite.client.events.ProfileChanged), priority=0.0, lambda=net.runelite.client.chat.ChatMessageManager$$Lambda$247/0x0000000800466440@2c444798)
2026-05-24 12:37:57 CDT [main] DEBUG n.runelite.client.eventbus.EventBus - Registering class net.runelite.api.events.ScriptCallbackEvent - EventBus.Subscriber(object=net.runelite.client.chat.ChatMessageManager@320e400, method=public void net.runelite.client.chat.ChatMessageManager.onScriptCallbackEvent(net.runelite.api.events.ScriptCallbackEvent), priority=0.0, lambda=net.runelite.client.chat.ChatMessageManager$$Lambda$248/0x0000000800465840@436390f4)
2026-05-24 12:37:57 CDT [main] DEBUG net.runelite.client.input.KeyManager - Registering key listener: net.runelite.client.ui.overlay.OverlayRenderer$1@512d92b
2026-05-24 12:37:57 CDT [main] DEBUG n.runelite.client.eventbus.EventBus - Registering class net.runelite.api.events.ClientTick - EventBus.Subscriber(object=net.runelite.client.ui.overlay.OverlayRenderer@1bc53649, method=protected void net.runelite.client.ui.overlay.OverlayRenderer.onClientTick(net.runelite.api.events.ClientTick), priority=0.0, lambda=net.runelite.client.ui.overlay.OverlayRenderer$$Lambda$250/0x0000000800465040@88d6f9b)
2026-05-24 12:37:57 CDT [main] DEBUG n.runelite.client.eventbus.EventBus - Registering class net.runelite.api.events.BeforeRender - EventBus.Subscriber(object=net.runelite.client.ui.overlay.OverlayRenderer@1bc53649, method=public void net.runelite.client.ui.overlay.OverlayRenderer.onBeforeRender(net.runelite.api.events.BeforeRender), priority=0.0, lambda=net.runelite.client.ui.overlay.OverlayRenderer$$Lambda$251/0x0000000800465440@751e664e)
2026-05-24 12:37:57 CDT [main] DEBUG n.runelite.client.eventbus.EventBus - Registering class net.runelite.api.events.FocusChanged - EventBus.Subscriber(object=net.runelite.client.ui.overlay.OverlayRenderer@1bc53649, method=public void net.runelite.client.ui.overlay.OverlayRenderer.onFocusChanged(net.runelite.api.events.FocusChanged), priority=0.0, lambda=net.runelite.client.ui.overlay.OverlayRenderer$$Lambda$252/0x0000000800464840@182b435b)
2026-05-24 12:37:57 CDT [main] DEBUG n.runelite.client.eventbus.EventBus - Registering class net.runelite.client.events.ConfigChanged - EventBus.Subscriber(object=net.runelite.client.ui.overlay.infobox.InfoBoxManager@ea27e34, method=public void net.runelite.client.ui.overlay.infobox.InfoBoxManager.onConfigChanged(net.runelite.client.events.ConfigChanged), priority=0.0, lambda=net.runelite.client.ui.overlay.infobox.InfoBoxManager$$Lambda$253/0x0000000800464c40@33a2499c)
2026-05-24 12:37:57 CDT [main] DEBUG n.runelite.client.eventbus.EventBus - Registering class net.runelite.client.events.ProfileChanged - EventBus.Subscriber(object=net.runelite.client.ui.overlay.infobox.InfoBoxManager@ea27e34, method=public synchronized void net.runelite.client.ui.overlay.infobox.InfoBoxManager.onProfileChanged(net.runelite.client.events.ProfileChanged), priority=0.0, lambda=net.runelite.client.ui.overlay.infobox.InfoBoxManager$$Lambda$254/0x0000000800464040@33c2bd)
2026-05-24 12:37:57 CDT [main] DEBUG n.runelite.client.eventbus.EventBus - Registering class net.runelite.client.events.InfoBoxMenuClicked - EventBus.Subscriber(object=net.runelite.client.ui.overlay.infobox.InfoBoxManager@ea27e34, method=public void net.runelite.client.ui.overlay.infobox.InfoBoxManager.onInfoBoxMenuClicked(net.runelite.client.events.InfoBoxMenuClicked), priority=0.0, lambda=net.runelite.client.ui.overlay.infobox.InfoBoxManager$$Lambda$255/0x0000000800464440@24855019)
2026-05-24 12:37:57 CDT [main] DEBUG n.runelite.client.eventbus.EventBus - Registering class net.runelite.api.events.ScriptCallbackEvent - EventBus.Subscriber(object=net.runelite.client.callback.Hooks@24b52d3e, method=public void net.runelite.client.callback.Hooks.onScriptCallbackEvent(net.runelite.api.events.ScriptCallbackEvent), priority=0.0, lambda=net.runelite.client.callback.Hooks$$Lambda$256/0x0000000800463840@15deb1dc)
2026-05-24 12:37:57 CDT [main] INFO  injected-client - read 5 credentials from disk
2026-05-24 12:37:57 CDT [main] INFO  n.r.client.account.SessionManager - No session file exists
2026-05-24 12:37:57 CDT [main] DEBUG n.r.client.config.ConfigManager - Profile '$rsprofile' (sync: true, active: -1, id: false, internal)
2026-05-24 12:37:57 CDT [main] INFO  n.r.client.config.ConfigManager - Profile 'default' (sync: false, active: true, id: 16275381606600)
2026-05-24 12:37:57 CDT [main] INFO  n.r.client.config.ConfigManager - Using profile: default (16275381606600)
2026-05-24 12:37:57 CDT [main] DEBUG net.runelite.client.Updater - Skipping update check due to not running from installer, command is C:\Program Files\Eclipse Adoptium\jdk-11.0.30.7-hotspot\bin\java.exe
2026-05-24 12:37:58 CDT [main] DEBUG n.runelite.client.eventbus.EventBus - Registering class net.runelite.api.events.GameStateChanged - EventBus.Subscriber(object=net.runelite.client.game.ItemManager@4b3fe06e, method=private void net.runelite.client.game.ItemManager.onGameStateChanged(net.runelite.api.events.GameStateChanged), priority=0.0, lambda=net.runelite.client.game.ItemManager$$Lambda$300/0x00000008004d5c40@27b45ea)
2026-05-24 12:37:58 CDT [pool-2-thread-1] DEBUG net.runelite.client.game.ItemClient - Built URI: https://api.runelite.net/runelite-1.12.26.3/item/prices.js
2026-05-24 12:37:58 CDT [main] DEBUG n.runelite.client.eventbus.EventBus - Registering class net.runelite.api.events.AnimationChanged - EventBus.Subscriber(object=net.runelite.client.game.NpcUtil@69228e85, method=public void net.runelite.client.game.NpcUtil.onAnimationChanged(net.runelite.api.events.AnimationChanged), priority=0.0, lambda=net.runelite.client.game.NpcUtil$$Lambda$303/0x00000008004d4840@7a7cc52c)
2026-05-24 12:37:58 CDT [main] DEBUG n.runelite.client.eventbus.EventBus - Registering class net.runelite.api.events.NpcChanged - EventBus.Subscriber(object=net.runelite.client.game.NpcUtil@69228e85, method=void net.runelite.client.game.NpcUtil.onNpcChanged(net.runelite.api.events.NpcChanged), priority=0.0, lambda=net.runelite.client.game.NpcUtil$$Lambda$304/0x00000008004d4c40@524a2ffb)
2026-05-24 12:37:58 CDT [main] DEBUG n.r.client.plugins.PluginManager - Loaded plugin BossTimersPlugin
2026-05-24 12:37:58 CDT [main] DEBUG n.r.client.plugins.PluginManager - Loaded plugin MTAPlugin
2026-05-24 12:37:58 CDT [main] DEBUG n.r.client.plugins.PluginManager - Loaded plugin InterfaceStylesPlugin
2026-05-24 12:37:58 CDT [main] DEBUG n.r.client.plugins.PluginManager - Loaded plugin DiaryRequirementsPlugin
2026-05-24 12:37:58 CDT [main] DEBUG n.runelite.client.eventbus.EventBus - Registering class net.runelite.api.events.GameStateChanged - EventBus.Subscriber(object=net.runelite.client.game.ChatIconManager@688d411b, method=private void net.runelite.client.game.ChatIconManager.onGameStateChanged(net.runelite.api.events.GameStateChanged), priority=0.0, lambda=net.runelite.client.game.ChatIconManager$$Lambda$306/0x00000008004d3840@382c90c2)
2026-05-24 12:37:58 CDT [main] DEBUG n.runelite.client.eventbus.EventBus - Registering class net.runelite.api.events.GameStateChanged - EventBus.Subscriber(object=net.runelite.client.game.chatbox.ChatboxPanelManager@72825400, method=private void net.runelite.client.game.chatbox.ChatboxPanelManager.onGameStateChanged(net.runelite.api.events.GameStateChanged), priority=0.0, lambda=net.runelite.client.game.chatbox.ChatboxPanelManager$$Lambda$308/0x00000008004d3040@19ee1ae6)
2026-05-24 12:37:58 CDT [main] DEBUG n.runelite.client.eventbus.EventBus - Registering class net.runelite.api.events.ScriptPreFired - EventBus.Subscriber(object=net.runelite.client.game.chatbox.ChatboxPanelManager@72825400, method=public void net.runelite.client.game.chatbox.ChatboxPanelManager.onScriptPreFired(net.runelite.api.events.ScriptPreFired), priority=0.0, lambda=net.runelite.client.game.chatbox.ChatboxPanelManager$$Lambda$309/0x00000008004d3440@71b6d77f)
2026-05-24 12:37:58 CDT [main] DEBUG n.r.client.plugins.PluginManager - Loaded plugin ChatChannelPlugin
2026-05-24 12:37:58 CDT [main] DEBUG n.r.client.plugins.PluginManager - Loaded plugin HiscorePlugin
2026-05-24 12:37:58 CDT [main] DEBUG n.r.client.plugins.PluginManager - Loaded plugin InventoryViewerPlugin
2026-05-24 12:37:58 CDT [main] DEBUG n.r.client.plugins.PluginManager - Loaded plugin AmmoPlugin
2026-05-24 12:37:58 CDT [pool-2-thread-1] DEBUG net.runelite.client.game.ItemManager - Loaded 4544 prices
2026-05-24 12:37:58 CDT [pool-2-thread-1] DEBUG net.runelite.client.game.ItemClient - Built URI: https://static.runelite.net/item/stats.ids.min.json
2026-05-24 12:37:58 CDT [main] DEBUG n.runelite.client.eventbus.EventBus - Registering class net.runelite.client.party.events.UserPart - EventBus.Subscriber(object=net.runelite.client.party.PartyService@17690e14, method=public void net.runelite.client.party.PartyService.onUserPart(net.runelite.client.party.events.UserPart), priority=1.0, lambda=net.runelite.client.party.PartyService$$Lambda$311/0x00000008004d1840@6850b758)
2026-05-24 12:37:58 CDT [main] DEBUG n.runelite.client.eventbus.EventBus - Registering class net.runelite.client.party.events.UserJoin - EventBus.Subscriber(object=net.runelite.client.party.PartyService@17690e14, method=public void net.runelite.client.party.PartyService.onUserJoin(net.runelite.client.party.events.UserJoin), priority=1.0, lambda=net.runelite.client.party.PartyService$$Lambda$312/0x00000008004d1c40@4207609e)
2026-05-24 12:37:58 CDT [main] DEBUG n.runelite.client.eventbus.EventBus - Registering class net.runelite.client.party.messages.PartyChatMessage - EventBus.Subscriber(object=net.runelite.client.party.PartyService@17690e14, method=public void net.runelite.client.party.PartyService.onPartyChatMessage(net.runelite.client.party.messages.PartyChatMessage), priority=0.0, lambda=net.runelite.client.party.PartyService$$Lambda$313/0x00000008004d1040@2e179f3e)
2026-05-24 12:37:58 CDT [main] DEBUG n.r.client.plugins.PluginManager - Loaded plugin PlayerIndicatorsPlugin
2026-05-24 12:37:58 CDT [main] DEBUG n.r.client.plugins.PluginManager - Loaded plugin XpUpdaterPlugin
2026-05-24 12:37:58 CDT [main] DEBUG n.r.client.plugins.PluginManager - Loaded plugin OpponentInfoPlugin
2026-05-24 12:37:58 CDT [main] DEBUG n.r.client.plugins.PluginManager - Loaded plugin LogoutTimerPlugin
2026-05-24 12:37:58 CDT [main] DEBUG n.r.client.plugins.PluginManager - Loaded plugin BankTagsPlugin
2026-05-24 12:37:58 CDT [main] DEBUG n.r.client.plugins.PluginManager - Loaded plugin DevToolsPlugin
2026-05-24 12:37:58 CDT [main] DEBUG n.r.client.plugins.PluginManager - Loaded plugin FriendNotesPlugin
2026-05-24 12:37:58 CDT [pool-2-thread-1] DEBUG net.runelite.client.game.ItemManager - Loaded 13434 stats
2026-05-24 12:37:58 CDT [pool-2-thread-1] DEBUG n.runelite.client.game.NpcInfoClient - Built URI: https://static.runelite.net/npcs/npcs.min.json
2026-05-24 12:37:58 CDT [main] DEBUG n.r.client.plugins.PluginManager - Loaded plugin MouseHighlightPlugin
2026-05-24 12:37:58 CDT [main] DEBUG n.r.client.plugins.PluginManager - Loaded plugin FpsPlugin
2026-05-24 12:37:58 CDT [main] DEBUG n.runelite.client.eventbus.EventBus - Registering class net.runelite.api.events.GameStateChanged - EventBus.Subscriber(object=net.runelite.client.game.npcoverlay.NpcOverlayService@7fdab70c, method=private void net.runelite.client.game.npcoverlay.NpcOverlayService.onGameStateChanged(net.runelite.api.events.GameStateChanged), priority=0.0, lambda=net.runelite.client.game.npcoverlay.NpcOverlayService$$Lambda$321/0x00000008005e7c40@25ad4f71)
2026-05-24 12:37:58 CDT [main] DEBUG n.runelite.client.eventbus.EventBus - Registering class net.runelite.api.events.NpcChanged - EventBus.Subscriber(object=net.runelite.client.game.npcoverlay.NpcOverlayService@7fdab70c, method=private void net.runelite.client.game.npcoverlay.NpcOverlayService.onNpcChanged(net.runelite.api.events.NpcChanged), priority=-1.0, lambda=net.runelite.client.game.npcoverlay.NpcOverlayService$$Lambda$322/0x00000008005e7040@6f94a5a5)
2026-05-24 12:37:58 CDT [main] DEBUG n.runelite.client.eventbus.EventBus - Registering class net.runelite.api.events.NpcDespawned - EventBus.Subscriber(object=net.runelite.client.game.npcoverlay.NpcOverlayService@7fdab70c, method=private void net.runelite.client.game.npcoverlay.NpcOverlayService.onNpcDespawned(net.runelite.api.events.NpcDespawned), priority=-1.0, lambda=net.runelite.client.game.npcoverlay.NpcOverlayService$$Lambda$323/0x00000008005e7440@a451491)
2026-05-24 12:37:58 CDT [main] DEBUG n.runelite.client.eventbus.EventBus - Registering class net.runelite.api.events.NpcSpawned - EventBus.Subscriber(object=net.runelite.client.game.npcoverlay.NpcOverlayService@7fdab70c, method=private void net.runelite.client.game.npcoverlay.NpcOverlayService.onNpcSpawned(net.runelite.api.events.NpcSpawned), priority=-1.0, lambda=net.runelite.client.game.npcoverlay.NpcOverlayService$$Lambda$324/0x00000008005e6840@5e519ad3)
2026-05-24 12:37:58 CDT [main] DEBUG n.r.client.plugins.PluginManager - Loaded plugin ImplingsPlugin
2026-05-24 12:37:58 CDT [main] DEBUG n.r.client.plugins.PluginManager - Loaded plugin EntityHiderPlugin
2026-05-24 12:37:58 CDT [main] DEBUG n.r.client.plugins.PluginManager - Loaded plugin LoginScreenPlugin
2026-05-24 12:37:58 CDT [main] DEBUG n.r.client.plugins.PluginManager - Loaded plugin AntiDragPlugin
2026-05-24 12:37:58 CDT [main] DEBUG n.r.client.plugins.PluginManager - Loaded plugin RoofRemovalPlugin
2026-05-24 12:37:58 CDT [main] DEBUG n.r.client.plugins.PluginManager - Loaded plugin PohPlugin
2026-05-24 12:37:58 CDT [main] DEBUG n.r.client.plugins.PluginManager - Loaded plugin RandomEventPlugin
2026-05-24 12:37:58 CDT [main] DEBUG n.r.client.plugins.PluginManager - Loaded plugin FairyRingPlugin
2026-05-24 12:37:58 CDT [main] DEBUG n.r.client.plugins.PluginManager - Loaded plugin WikiPlugin
2026-05-24 12:37:58 CDT [main] DEBUG n.r.client.plugins.PluginManager - Loaded plugin GpuPlugin
2026-05-24 12:37:58 CDT [main] DEBUG n.r.client.plugins.PluginManager - Loaded plugin KeyRemappingPlugin
2026-05-24 12:37:58 CDT [main] DEBUG n.r.client.plugins.PluginManager - Loaded plugin PestControlPlugin
2026-05-24 12:37:58 CDT [main] DEBUG n.r.client.plugins.PluginManager - Loaded plugin CombatLevelPlugin
2026-05-24 12:37:58 CDT [main] DEBUG n.r.client.plugins.PluginManager - Loaded plugin ItemChargePlugin
2026-05-24 12:37:58 CDT [main] DEBUG n.r.client.plugins.PluginManager - Loaded plugin TimeTrackingPlugin
2026-05-24 12:37:58 CDT [main] DEBUG n.r.client.plugins.PluginManager - Loaded plugin BlastFurnacePlugin
2026-05-24 12:37:58 CDT [main] DEBUG n.r.client.plugins.PluginManager - Loaded plugin MetronomePlugin
2026-05-24 12:37:58 CDT [main] DEBUG n.runelite.client.eventbus.EventBus - Registering class net.runelite.api.events.PlayerMenuOptionsChanged - EventBus.Subscriber(object=net.runelite.client.menus.MenuManager@12fe1f28, method=public void net.runelite.client.menus.MenuManager.onPlayerMenuOptionsChanged(net.runelite.api.events.PlayerMenuOptionsChanged), priority=0.0, lambda=net.runelite.client.menus.MenuManager$$Lambda$332/0x00000008005e4c40@503df2d0)
2026-05-24 12:37:58 CDT [main] DEBUG n.runelite.client.eventbus.EventBus - Registering class net.runelite.api.events.MenuEntryAdded - EventBus.Subscriber(object=net.runelite.client.menus.MenuManager@12fe1f28, method=public void net.runelite.client.menus.MenuManager.onMenuEntryAdded(net.runelite.api.events.MenuEntryAdded), priority=0.0, lambda=net.runelite.client.menus.MenuManager$$Lambda$333/0x00000008005e4040@c269425)
2026-05-24 12:37:58 CDT [main] DEBUG n.r.client.plugins.PluginManager - Loaded plugin PrayerPlugin
2026-05-24 12:37:58 CDT [pool-2-thread-1] DEBUG n.runelite.client.game.WorldService - Fetching worlds
2026-05-24 12:37:58 CDT [main] DEBUG n.r.client.plugins.PluginManager - Loaded plugin DefaultWorldPlugin
2026-05-24 12:37:58 CDT [pool-2-thread-1] DEBUG net.runelite.client.game.WorldClient - Built URI: https://api.runelite.net/runelite-1.12.26.3/worlds.js
2026-05-24 12:37:58 CDT [main] DEBUG n.r.client.plugins.PluginManager - Loaded plugin InfoPlugin
2026-05-24 12:37:58 CDT [main] DEBUG n.r.client.plugins.PluginManager - Loaded plugin ChatNotificationsPlugin
2026-05-24 12:37:58 CDT [main] DEBUG n.runelite.client.eventbus.EventBus - Registering class net.runelite.api.events.ScriptCallbackEvent - EventBus.Subscriber(object=net.runelite.client.chat.ChatInputManager@fb2e3fd, method=private void net.runelite.client.chat.ChatInputManager.onScriptCallbackEvent(net.runelite.api.events.ScriptCallbackEvent), priority=0.0, lambda=net.runelite.client.chat.ChatInputManager$$Lambda$338/0x00000008005e3440@43a09ce2)
2026-05-24 12:37:58 CDT [main] DEBUG n.runelite.client.eventbus.EventBus - Registering class net.runelite.api.events.ChatMessage - EventBus.Subscriber(object=net.runelite.client.chat.ChatCommandManager@7b66322e, method=public void net.runelite.client.chat.ChatCommandManager.onChatMessage(net.runelite.api.events.ChatMessage), priority=0.0, lambda=net.runelite.client.chat.ChatCommandManager$$Lambda$339/0x00000008005e2840@63538bb4)
2026-05-24 12:37:58 CDT [main] DEBUG n.runelite.client.eventbus.EventBus - Registering class net.runelite.client.events.PrivateMessageInput - EventBus.Subscriber(object=net.runelite.client.chat.ChatCommandManager@7b66322e, method=public void net.runelite.client.chat.ChatCommandManager.onPrivateMessageInput(net.runelite.client.events.PrivateMessageInput), priority=0.0, lambda=net.runelite.client.chat.ChatCommandManager$$Lambda$340/0x00000008005e2c40@6f9c5048)
2026-05-24 12:37:58 CDT [main] DEBUG n.runelite.client.eventbus.EventBus - Registering class net.runelite.client.events.ChatboxInput - EventBus.Subscriber(object=net.runelite.client.chat.ChatCommandManager@7b66322e, method=public void net.runelite.client.chat.ChatCommandManager.onChatboxInput(net.runelite.client.events.ChatboxInput), priority=0.0, lambda=net.runelite.client.chat.ChatCommandManager$$Lambda$341/0x00000008005e2040@767f6ee7)
2026-05-24 12:37:58 CDT [main] DEBUG n.r.client.plugins.PluginManager - Loaded plugin RaidsPlugin
2026-05-24 12:37:58 CDT [main] DEBUG n.r.client.plugins.PluginManager - Loaded plugin SlayerPlugin
2026-05-24 12:37:58 CDT [main] DEBUG n.r.client.plugins.PluginManager - Loaded plugin PyramidPlunderPlugin
2026-05-24 12:37:58 CDT [main] DEBUG n.r.client.plugins.PluginManager - Loaded plugin ScreenshotPlugin
2026-05-24 12:37:58 CDT [main] DEBUG n.r.client.plugins.PluginManager - Loaded plugin VirtualLevelsPlugin
2026-05-24 12:37:58 CDT [main] DEBUG n.r.client.plugins.PluginManager - Loaded plugin ZalcanoPlugin
2026-05-24 12:37:58 CDT [main] DEBUG n.r.client.plugins.PluginManager - Loaded plugin BankPlugin
2026-05-24 12:37:58 CDT [main] DEBUG n.r.client.plugins.PluginManager - Loaded plugin ObjectIndicatorsPlugin
2026-05-24 12:37:58 CDT [main] DEBUG n.r.client.plugins.PluginManager - Loaded plugin CorpPlugin
2026-05-24 12:37:58 CDT [main] DEBUG n.r.client.plugins.PluginManager - Loaded plugin XpTrackerPlugin
2026-05-24 12:37:58 CDT [main] DEBUG n.r.client.plugins.PluginManager - Loaded plugin SmeltingPlugin
2026-05-24 12:37:58 CDT [main] DEBUG n.r.client.plugins.PluginManager - Loaded plugin MiningPlugin
2026-05-24 12:37:58 CDT [main] DEBUG n.r.client.plugins.PluginManager - Loaded plugin MusicPlugin
2026-05-24 12:37:58 CDT [main] DEBUG n.r.client.plugins.PluginManager - Loaded plugin RunecraftPlugin
2026-05-24 12:37:58 CDT [main] DEBUG n.r.client.plugins.PluginManager - Loaded plugin DiscordPlugin
2026-05-24 12:37:58 CDT [main] DEBUG n.r.client.plugins.PluginManager - Loaded plugin CameraPlugin
2026-05-24 12:37:58 CDT [main] DEBUG n.r.client.plugins.PluginManager - Loaded plugin BlastMinePlugin
2026-05-24 12:37:58 CDT [main] DEBUG n.r.client.plugins.PluginManager - Loaded plugin TimersAndBuffsPlugin
2026-05-24 12:37:58 CDT [main] DEBUG n.r.client.plugins.PluginManager - Loaded plugin BoostsPlugin
2026-05-24 12:37:58 CDT [main] DEBUG n.r.client.plugins.PluginManager - Loaded plugin AnimationSmoothingPlugin
2026-05-24 12:37:58 CDT [main] DEBUG n.r.client.plugins.PluginManager - Loaded plugin AttackStylesPlugin
2026-05-24 12:37:58 CDT [main] DEBUG n.r.client.plugins.PluginManager - Loaded plugin FriendListPlugin
2026-05-24 12:37:58 CDT [main] DEBUG n.r.client.plugins.PluginManager - Loaded plugin ChatFilterPlugin
2026-05-24 12:37:58 CDT [main] DEBUG n.r.client.plugins.PluginManager - Loaded plugin NpcIndicatorsPlugin
2026-05-24 12:37:58 CDT [main] DEBUG n.r.client.plugins.PluginManager - Loaded plugin HunterPlugin
2026-05-24 12:37:58 CDT [main] DEBUG n.r.client.plugins.PluginManager - Loaded plugin AccountPlugin
2026-05-24 12:37:58 CDT [main] DEBUG n.r.client.plugins.PluginManager - Loaded plugin StretchedModePlugin
2026-05-24 12:37:58 CDT [main] DEBUG n.r.client.plugins.PluginManager - Loaded plugin SpellbookPlugin
2026-05-24 12:37:58 CDT [main] DEBUG n.r.client.plugins.PluginManager - Loaded plugin FishingPlugin
2026-05-24 12:37:58 CDT [main] DEBUG n.r.client.plugins.PluginManager - Loaded plugin ChatCommandsPlugin
2026-05-24 12:37:58 CDT [main] DEBUG n.r.client.plugins.PluginManager - Loaded plugin XpDropPlugin
2026-05-24 12:37:58 CDT [main] DEBUG n.runelite.client.eventbus.EventBus - Registering class net.runelite.api.events.GameTick - EventBus.Subscriber(object=net.runelite.client.game.LootManager@4b960b5b, method=public void net.runelite.client.game.LootManager.onGameTick(net.runelite.api.events.GameTick), priority=0.0, lambda=net.runelite.client.game.LootManager$$Lambda$361/0x000000080060b040@1b13467c)
2026-05-24 12:37:58 CDT [main] DEBUG n.runelite.client.eventbus.EventBus - Registering class net.runelite.api.events.AnimationChanged - EventBus.Subscriber(object=net.runelite.client.game.LootManager@4b960b5b, method=public void net.runelite.client.game.LootManager.onAnimationChanged(net.runelite.api.events.AnimationChanged), priority=0.0, lambda=net.runelite.client.game.LootManager$$Lambda$362/0x000000080060b440@64dae3b7)
2026-05-24 12:37:58 CDT [main] DEBUG n.runelite.client.eventbus.EventBus - Registering class net.runelite.api.events.NpcChanged - EventBus.Subscriber(object=net.runelite.client.game.LootManager@4b960b5b, method=public void net.runelite.client.game.LootManager.onNpcChanged(net.runelite.api.events.NpcChanged), priority=0.0, lambda=net.runelite.client.game.LootManager$$Lambda$363/0x000000080060a840@1e4c6583)
2026-05-24 12:37:58 CDT [main] DEBUG n.runelite.client.eventbus.EventBus - Registering class net.runelite.api.events.NpcDespawned - EventBus.Subscriber(object=net.runelite.client.game.LootManager@4b960b5b, method=public void net.runelite.client.game.LootManager.onNpcDespawned(net.runelite.api.events.NpcDespawned), priority=0.0, lambda=net.runelite.client.game.LootManager$$Lambda$364/0x000000080060ac40@1d901f20)
2026-05-24 12:37:58 CDT [main] DEBUG n.runelite.client.eventbus.EventBus - Registering class net.runelite.api.events.PlayerDespawned - EventBus.Subscriber(object=net.runelite.client.game.LootManager@4b960b5b, method=public void net.runelite.client.game.LootManager.onPlayerDespawned(net.runelite.api.events.PlayerDespawned), priority=0.0, lambda=net.runelite.client.game.LootManager$$Lambda$365/0x000000080060a040@1acb74ad)
2026-05-24 12:37:58 CDT [main] DEBUG n.runelite.client.eventbus.EventBus - Registering class net.runelite.api.events.ItemDespawned - EventBus.Subscriber(object=net.runelite.client.game.LootManager@4b960b5b, method=public void net.runelite.client.game.LootManager.onItemDespawned(net.runelite.api.events.ItemDespawned), priority=0.0, lambda=net.runelite.client.game.LootManager$$Lambda$366/0x000000080060a440@12b5736c)
2026-05-24 12:37:58 CDT [main] DEBUG n.runelite.client.eventbus.EventBus - Registering class net.runelite.api.events.ItemSpawned - EventBus.Subscriber(object=net.runelite.client.game.LootManager@4b960b5b, method=public void net.runelite.client.game.LootManager.onItemSpawned(net.runelite.api.events.ItemSpawned), priority=0.0, lambda=net.runelite.client.game.LootManager$$Lambda$367/0x0000000800609840@42505474)
2026-05-24 12:37:58 CDT [main] DEBUG n.runelite.client.eventbus.EventBus - Registering class net.runelite.api.events.ScriptPreFired - EventBus.Subscriber(object=net.runelite.client.game.LootManager@4b960b5b, method=private void net.runelite.client.game.LootManager.onScriptPreFired(net.runelite.api.events.ScriptPreFired), priority=0.0, lambda=net.runelite.client.game.LootManager$$Lambda$368/0x0000000800609c40@784223e9)
2026-05-24 12:37:58 CDT [main] DEBUG n.r.client.plugins.PluginManager - Loaded plugin LootTrackerPlugin
2026-05-24 12:37:58 CDT [main] DEBUG n.r.client.plugins.PluginManager - Loaded plugin DpsCounterPlugin
2026-05-24 12:37:58 CDT [main] DEBUG n.r.client.plugins.PluginManager - Loaded plugin CannonPlugin
2026-05-24 12:37:58 CDT [main] DEBUG n.r.client.plugins.PluginManager - Loaded plugin SpecialCounterPlugin
2026-05-24 12:37:58 CDT [main] DEBUG n.r.client.plugins.PluginManager - Loaded plugin InstanceMapPlugin
2026-05-24 12:37:58 CDT [main] DEBUG n.r.client.plugins.PluginManager - Loaded plugin MinimapPlugin
2026-05-24 12:37:58 CDT [main] DEBUG n.r.client.plugins.PluginManager - Loaded plugin WorldMapPlugin
2026-05-24 12:37:58 CDT [main] DEBUG n.r.client.plugins.PluginManager - Loaded plugin GroundItemsPlugin
2026-05-24 12:37:58 CDT [main] DEBUG n.r.client.plugins.PluginManager - Loaded plugin LowMemoryPlugin
2026-05-24 12:37:58 CDT [main] DEBUG n.r.c.p.itemstats.ItemStatChanges - 814 items; 241 behaviours loaded
2026-05-24 12:37:58 CDT [main] DEBUG n.r.client.plugins.PluginManager - Loaded plugin ItemStatPlugin
2026-05-24 12:37:58 CDT [main] DEBUG n.r.client.plugins.PluginManager - Loaded plugin StatusBarsPlugin
2026-05-24 12:37:58 CDT [main] DEBUG n.r.client.plugins.PluginManager - Loaded plugin TitheFarmPlugin
2026-05-24 12:37:58 CDT [main] DEBUG n.r.client.plugins.PluginManager - Loaded plugin CustomCursorPlugin
2026-05-24 12:37:58 CDT [main] DEBUG n.r.client.plugins.PluginManager - Loaded plugin IdleNotifierPlugin
2026-05-24 12:37:58 CDT [main] DEBUG n.r.client.plugins.PluginManager - Loaded plugin RegenMeterPlugin
2026-05-24 12:37:58 CDT [main] DEBUG n.r.client.plugins.PluginManager - Loaded plugin TeamPlugin
2026-05-24 12:37:58 CDT [main] DEBUG n.r.client.plugins.PluginManager - Loaded plugin CookingPlugin
2026-05-24 12:37:58 CDT [main] DEBUG n.r.client.plugins.PluginManager - Loaded plugin SkillCalculatorPlugin
2026-05-24 12:37:58 CDT [main] DEBUG n.r.client.plugins.PluginManager - Loaded plugin PoisonPlugin
2026-05-24 12:37:58 CDT [main] DEBUG n.r.client.plugins.PluginManager - Loaded plugin ExaminePlugin
2026-05-24 12:37:58 CDT [main] DEBUG n.r.client.plugins.PluginManager - Loaded plugin GrandExchangePlugin
2026-05-24 12:37:58 CDT [main] DEBUG n.r.client.plugins.PluginManager - Loaded plugin ReportButtonPlugin
2026-05-24 12:37:58 CDT [main] DEBUG n.r.client.plugins.PluginManager - Loaded plugin KingdomPlugin
2026-05-24 12:37:58 CDT [main] DEBUG n.r.client.plugins.PluginManager - Loaded plugin BarbarianAssaultPlugin
2026-05-24 12:37:58 CDT [main] DEBUG n.r.client.plugins.PluginManager - Loaded plugin RunepouchPlugin
2026-05-24 12:37:58 CDT [main] DEBUG n.r.client.plugins.PluginManager - Loaded plugin AgilityPlugin
2026-05-24 12:37:58 CDT [main] DEBUG n.r.client.plugins.PluginManager - Loaded plugin InventoryTagsPlugin
2026-05-24 12:37:58 CDT [main] DEBUG n.r.client.plugins.PluginManager - Loaded plugin CrowdsourcingPlugin
2026-05-24 12:37:58 CDT [main] DEBUG n.r.client.plugins.PluginManager - Loaded plugin RunEnergyPlugin
2026-05-24 12:37:58 CDT [main] DEBUG n.r.client.plugins.PluginManager - Loaded plugin XpGlobesPlugin
2026-05-24 12:37:58 CDT [main] DEBUG n.r.client.plugins.PluginManager - Loaded plugin TearsOfGuthixPlugin
2026-05-24 12:37:58 CDT [main] DEBUG n.r.client.plugins.PluginManager - Loaded plugin DriftNetPlugin
2026-05-24 12:37:58 CDT [main] DEBUG n.r.client.plugins.PluginManager - Loaded plugin TimestampPlugin
2026-05-24 12:37:58 CDT [main] DEBUG n.r.client.plugins.PluginManager - Loaded plugin NpcAggroAreaPlugin
2026-05-24 12:37:58 CDT [main] DEBUG n.r.client.plugins.PluginManager - Loaded plugin PuzzleSolverPlugin
2026-05-24 12:37:58 CDT [main] DEBUG n.r.client.plugins.PluginManager - Loaded plugin HerbiboarPlugin
2026-05-24 12:37:58 CDT [main] DEBUG n.r.client.plugins.PluginManager - Loaded plugin WintertodtPlugin
2026-05-24 12:37:58 CDT [main] DEBUG n.r.client.plugins.PluginManager - Loaded plugin ConfigPlugin
2026-05-24 12:37:58 CDT [main] DEBUG n.r.client.plugins.PluginManager - Loaded plugin InventoryGridPlugin
2026-05-24 12:37:58 CDT [main] DEBUG n.r.client.plugins.PluginManager - Loaded plugin ClueScrollPlugin
2026-05-24 12:37:58 CDT [main] INFO  n.r.c.plugins.kourendlibrary.Library - Library is now reset
2026-05-24 12:37:58 CDT [main] DEBUG n.r.client.plugins.PluginManager - Loaded plugin KourendLibraryPlugin
2026-05-24 12:37:58 CDT [main] DEBUG n.r.client.plugins.PluginManager - Loaded plugin BarrowsPlugin
2026-05-24 12:37:58 CDT [main] DEBUG n.r.client.plugins.PluginManager - Loaded plugin SkyboxPlugin
2026-05-24 12:37:58 CDT [main] DEBUG n.r.client.plugins.PluginManager - Loaded plugin NightmareZonePlugin
2026-05-24 12:37:58 CDT [main] DEBUG n.r.client.plugins.PluginManager - Loaded plugin PartyPlugin
2026-05-24 12:37:58 CDT [main] DEBUG n.r.client.plugins.PluginManager - Loaded plugin WoodcuttingPlugin
2026-05-24 12:37:58 CDT [main] DEBUG n.r.client.plugins.PluginManager - Loaded plugin NotesPlugin
2026-05-24 12:37:58 CDT [main] DEBUG n.r.client.plugins.PluginManager - Loaded plugin TwitchPlugin
2026-05-24 12:37:58 CDT [main] DEBUG n.r.client.plugins.PluginManager - Loaded plugin GroundMarkerPlugin
2026-05-24 12:37:58 CDT [main] DEBUG n.r.client.plugins.PluginManager - Loaded plugin ItemIdentificationPlugin
2026-05-24 12:37:58 CDT [main] DEBUG n.r.client.plugins.PluginManager - Loaded plugin EmojiPlugin
2026-05-24 12:37:58 CDT [main] DEBUG n.r.client.plugins.PluginManager - Loaded plugin TileIndicatorsPlugin
2026-05-24 12:37:58 CDT [main] DEBUG n.r.client.plugins.PluginManager - Loaded plugin ChatHistoryPlugin
2026-05-24 12:37:58 CDT [main] DEBUG n.r.client.game.SkillIconManager - Loading skill icon from /skill_icons/mining.png
2026-05-24 12:37:58 CDT [main] DEBUG n.r.client.plugins.PluginManager - Loaded plugin MotherlodePlugin
2026-05-24 12:37:58 CDT [main] DEBUG n.r.client.plugins.PluginManager - Loaded plugin DailyTasksPlugin
2026-05-24 12:37:58 CDT [main] DEBUG n.r.client.plugins.PluginManager - Loaded plugin ItemPricesPlugin
2026-05-24 12:37:58 CDT [main] DEBUG n.r.client.plugins.PluginManager - Loaded plugin ScreenMarkerPlugin
2026-05-24 12:37:58 CDT [main] DEBUG n.r.client.plugins.PluginManager - Loaded plugin InteractHighlightPlugin
2026-05-24 12:37:58 CDT [main] DEBUG n.r.client.plugins.PluginManager - Loaded plugin MenuEntrySwapperPlugin
2026-05-24 12:37:58 CDT [main] DEBUG n.r.client.plugins.PluginManager - Loaded plugin QuestListPlugin
2026-05-24 12:37:58 CDT [main] DEBUG n.r.client.plugins.PluginManager - Loaded plugin WorldHopperPlugin
2026-05-24 12:37:58 CDT [main] INFO  n.r.c.e.ExternalPluginManager - Loading external plugin "117hd" jar "5fVhm1sD3HclZ5wpWeUu5tA2gUBpKBAEzHa0lcXBPxE"
2026-05-24 12:37:58 CDT [main] DEBUG n.r.client.plugins.PluginManager - Loaded plugin HdPlugin
2026-05-24 12:37:58 CDT [main] INFO  n.r.c.e.ExternalPluginManager - Loading external plugin "tombs-of-amascut" jar "Tid_eHJ51YFv6JFEdMXEiZXUIxCaWfX64IP3drvqfcs"
2026-05-24 12:37:58 CDT [main] DEBUG n.r.client.plugins.PluginManager - Loaded plugin TombsOfAmascutPlugin
2026-05-24 12:37:58 CDT [main] INFO  n.r.c.e.ExternalPluginManager - Loading external plugin "quest-helper" jar "t0Unccx5PcBUvMcj0VBkTL4WNwQsaW73qgeyioqI5vU"
2026-05-24 12:37:59 CDT [main] DEBUG n.r.client.plugins.PluginManager - Loaded plugin QuestHelperPlugin
2026-05-24 12:37:59 CDT [main] DEBUG n.r.client.plugins.PluginManager - Loaded plugin TelemetryPlugin
2026-05-24 12:37:59 CDT [main] DEBUG n.runelite.client.eventbus.EventBus - Registering class net.runelite.client.events.ClientShutdown - EventBus.Subscriber(object=net.runelite.client.ClientSessionManager@1b0e031b, method=private void net.runelite.client.ClientSessionManager.onClientShutdown(net.runelite.client.events.ClientShutdown), priority=0.0, lambda=net.runelite.client.ClientSessionManager$$Lambda$535/0x000000080077b840@6009cd34)
2026-05-24 12:37:59 CDT [main] INFO  n.r.client.discord.DiscordService - Initializing Discord RPC service.
2026-05-24 12:37:59 CDT [main] DEBUG n.runelite.client.eventbus.EventBus - Registering class net.runelite.client.events.ConfigChanged - EventBus.Subscriber(object=net.runelite.client.ui.ClientUI@53bb71e5, method=private void net.runelite.client.ui.ClientUI.onConfigChanged(net.runelite.client.events.ConfigChanged), priority=0.0, lambda=net.runelite.client.ui.ClientUI$$Lambda$587/0x00000008007c6440@54a056e4)
2026-05-24 12:37:59 CDT [main] DEBUG n.runelite.client.eventbus.EventBus - Registering class net.runelite.api.events.GameStateChanged - EventBus.Subscriber(object=net.runelite.client.ui.ClientUI@53bb71e5, method=private void net.runelite.client.ui.ClientUI.onGameStateChanged(net.runelite.api.events.GameStateChanged), priority=0.0, lambda=net.runelite.client.ui.ClientUI$$Lambda$588/0x00000008007c5840@12cd129c)
2026-05-24 12:37:59 CDT [main] DEBUG n.runelite.client.eventbus.EventBus - Registering class net.runelite.client.events.ProfileChanged - EventBus.Subscriber(object=net.runelite.client.plugins.PluginManager@4cb00fa5, method=public void net.runelite.client.plugins.PluginManager.onProfileChanged(net.runelite.client.events.ProfileChanged), priority=0.0, lambda=net.runelite.client.plugins.PluginManager$$Lambda$589/0x00000008007c5c40@13aed42b)
2026-05-24 12:37:59 CDT [main] DEBUG n.runelite.client.eventbus.EventBus - Registering class net.runelite.client.events.ProfileChanged - EventBus.Subscriber(object=net.runelite.client.externalplugins.ExternalPluginManager@78065fcd, method=public void net.runelite.client.externalplugins.ExternalPluginManager.onProfileChanged(net.runelite.client.events.ProfileChanged), priority=0.0, lambda=net.runelite.client.externalplugins.ExternalPluginManager$$Lambda$590/0x00000008007c5040@3407aa4f)
2026-05-24 12:37:59 CDT [main] DEBUG n.runelite.client.eventbus.EventBus - Registering class net.runelite.client.events.ConfigChanged - EventBus.Subscriber(object=net.runelite.client.ui.overlay.OverlayManager@538b3c88, method=public void net.runelite.client.ui.overlay.OverlayManager.onConfigChanged(net.runelite.client.events.ConfigChanged), priority=0.0, lambda=net.runelite.client.ui.overlay.OverlayManager$$Lambda$591/0x00000008007c5440@19b9f903)
2026-05-24 12:37:59 CDT [main] DEBUG n.runelite.client.eventbus.EventBus - Registering class net.runelite.client.events.ProfileChanged - EventBus.Subscriber(object=net.runelite.client.ui.overlay.OverlayManager@538b3c88, method=public void net.runelite.client.ui.overlay.OverlayManager.onProfileChanged(net.runelite.client.events.ProfileChanged), priority=0.0, lambda=net.runelite.client.ui.overlay.OverlayManager$$Lambda$592/0x00000008007c4840@28cb86b2)
2026-05-24 12:37:59 CDT [main] DEBUG n.runelite.client.eventbus.EventBus - Registering class net.runelite.api.events.PlayerChanged - EventBus.Subscriber(object=net.runelite.client.config.ConfigManager@748904e8, method=private void net.runelite.client.config.ConfigManager.onPlayerChanged(net.runelite.api.events.PlayerChanged), priority=0.0, lambda=net.runelite.client.config.ConfigManager$$Lambda$593/0x00000008007c4c40@4fbaa7f5)
2026-05-24 12:37:59 CDT [main] DEBUG n.runelite.client.eventbus.EventBus - Registering class net.runelite.client.events.RuneScapeProfileChanged - EventBus.Subscriber(object=net.runelite.client.config.ConfigManager@748904e8, method=private void net.runelite.client.config.ConfigManager.onRuneScapeProfileChanged(net.runelite.client.events.RuneScapeProfileChanged), priority=0.0, lambda=net.runelite.client.config.ConfigManager$$Lambda$594/0x00000008007c4040@6d4a05f7)
2026-05-24 12:37:59 CDT [main] DEBUG n.runelite.client.eventbus.EventBus - Registering class net.runelite.api.events.AccountHashChanged - EventBus.Subscriber(object=net.runelite.client.config.ConfigManager@748904e8, method=private void net.runelite.client.config.ConfigManager.onAccountHashChanged(net.runelite.api.events.AccountHashChanged), priority=0.0, lambda=net.runelite.client.config.ConfigManager$$Lambda$595/0x00000008007c4440@72fb989b)
2026-05-24 12:37:59 CDT [main] DEBUG n.runelite.client.eventbus.EventBus - Registering class net.runelite.client.events.ClientShutdown - EventBus.Subscriber(object=net.runelite.client.config.ConfigManager@748904e8, method=private void net.runelite.client.config.ConfigManager.onClientShutdown(net.runelite.client.events.ClientShutdown), priority=-100.0, lambda=net.runelite.client.config.ConfigManager$$Lambda$596/0x00000008007c3840@597a7afa)
2026-05-24 12:37:59 CDT [main] DEBUG n.runelite.client.eventbus.EventBus - Registering class net.runelite.api.events.WorldChanged - EventBus.Subscriber(object=net.runelite.client.config.ConfigManager@748904e8, method=private void net.runelite.client.config.ConfigManager.onWorldChanged(net.runelite.api.events.WorldChanged), priority=0.0, lambda=net.runelite.client.config.ConfigManager$$Lambda$597/0x00000008007c3c40@7cdb7fc)
2026-05-24 12:37:59 CDT [main] DEBUG n.runelite.client.eventbus.EventBus - Registering class net.runelite.client.events.SessionClose - EventBus.Subscriber(object=net.runelite.client.config.ConfigManager@748904e8, method=public void net.runelite.client.config.ConfigManager.onSessionClose(net.runelite.client.events.SessionClose), priority=0.0, lambda=net.runelite.client.config.ConfigManager$$Lambda$598/0x00000008007c3040@586843bc)
2026-05-24 12:37:59 CDT [main] DEBUG n.runelite.client.eventbus.EventBus - Registering class net.runelite.client.events.SessionOpen - EventBus.Subscriber(object=net.runelite.client.config.ConfigManager@748904e8, method=public void net.runelite.client.config.ConfigManager.onSessionOpen(net.runelite.client.events.SessionOpen), priority=0.0, lambda=net.runelite.client.config.ConfigManager$$Lambda$599/0x00000008007c3440@7d8b66d9)
2026-05-24 12:37:59 CDT [AWT-EventQueue-0] DEBUG n.r.client.plugins.PluginManager - Plugin BossTimersPlugin is now running
2026-05-24 12:37:59 CDT [AWT-EventQueue-0] DEBUG n.runelite.client.eventbus.EventBus - Registering class net.runelite.api.events.NpcChanged - EventBus.Subscriber(object=net.runelite.client.plugins.bosstimer.BossTimersPlugin@3f049056, method=public void net.runelite.client.plugins.bosstimer.BossTimersPlugin.onNpcChanged(net.runelite.api.events.NpcChanged), priority=0.0, lambda=net.runelite.client.plugins.bosstimer.BossTimersPlugin$$Lambda$603/0x00000008007c1840@54bd412d)
2026-05-24 12:37:59 CDT [AWT-EventQueue-0] DEBUG n.runelite.client.eventbus.EventBus - Registering class net.runelite.api.events.NpcDespawned - EventBus.Subscriber(object=net.runelite.client.plugins.bosstimer.BossTimersPlugin@3f049056, method=public void net.runelite.client.plugins.bosstimer.BossTimersPlugin.onNpcDespawned(net.runelite.api.events.NpcDespawned), priority=0.0, lambda=net.runelite.client.plugins.bosstimer.BossTimersPlugin$$Lambda$604/0x00000008007c1c40@3f328b79)
2026-05-24 12:37:59 CDT [AWT-EventQueue-0] DEBUG n.runelite.client.eventbus.EventBus - Registering class net.runelite.api.events.ChatMessage - EventBus.Subscriber(object=net.runelite.client.plugins.bosstimer.BossTimersPlugin@3f049056, method=private void net.runelite.client.plugins.bosstimer.BossTimersPlugin.onChatMessage(net.runelite.api.events.ChatMessage), priority=0.0, lambda=net.runelite.client.plugins.bosstimer.BossTimersPlugin$$Lambda$605/0x00000008007d8040@3bd12dbe)
2026-05-24 12:37:59 CDT [AWT-EventQueue-0] DEBUG n.r.client.plugins.PluginManager - Plugin DiaryRequirementsPlugin is now running
2026-05-24 12:37:59 CDT [AWT-EventQueue-0] DEBUG n.runelite.client.eventbus.EventBus - Registering class net.runelite.api.events.WidgetLoaded - EventBus.Subscriber(object=net.runelite.client.plugins.achievementdiary.DiaryRequirementsPlugin@2e807c54, method=public void net.runelite.client.plugins.achievementdiary.DiaryRequirementsPlugin.onWidgetLoaded(net.runelite.api.events.WidgetLoaded), priority=0.0, lambda=net.runelite.client.plugins.achievementdiary.DiaryRequirementsPlugin$$Lambda$606/0x00000008007d8440@3a96e7a8)
2026-05-24 12:37:59 CDT [AWT-EventQueue-0] DEBUG n.r.client.plugins.PluginManager - Plugin ChatChannelPlugin is now running
2026-05-24 12:37:59 CDT [AWT-EventQueue-0] DEBUG n.runelite.client.eventbus.EventBus - Registering class net.runelite.api.events.VarClientStrChanged - EventBus.Subscriber(object=net.runelite.client.plugins.chatchannel.ChatChannelPlugin@79316f3a, method=public void net.runelite.client.plugins.chatchannel.ChatChannelPlugin.onVarClientStrChanged(net.runelite.api.events.VarClientStrChanged), priority=0.0, lambda=net.runelite.client.plugins.chatchannel.ChatChannelPlugin$$Lambda$611/0x00000008007d9840@28033d3a)
2026-05-24 12:37:59 CDT [AWT-EventQueue-0] DEBUG n.runelite.client.eventbus.EventBus - Registering class net.runelite.client.events.ConfigChanged - EventBus.Subscriber(object=net.runelite.client.plugins.chatchannel.ChatChannelPlugin@79316f3a, method=public void net.runelite.client.plugins.chatchannel.ChatChannelPlugin.onConfigChanged(net.runelite.client.events.ConfigChanged), priority=0.0, lambda=net.runelite.client.plugins.chatchannel.ChatChannelPlugin$$Lambda$612/0x00000008007d9c40@37202c39)
2026-05-24 12:37:59 CDT [AWT-EventQueue-0] DEBUG n.runelite.client.eventbus.EventBus - Registering class net.runelite.api.events.GameTick - EventBus.Subscriber(object=net.runelite.client.plugins.chatchannel.ChatChannelPlugin@79316f3a, method=public void net.runelite.client.plugins.chatchannel.ChatChannelPlugin.onGameTick(net.runelite.api.events.GameTick), priority=0.0, lambda=net.runelite.client.plugins.chatchannel.ChatChannelPlugin$$Lambda$613/0x00000008007da040@463f04fa)
2026-05-24 12:37:59 CDT [AWT-EventQueue-0] DEBUG n.runelite.client.eventbus.EventBus - Registering class net.runelite.api.events.GameStateChanged - EventBus.Subscriber(object=net.runelite.client.plugins.chatchannel.ChatChannelPlugin@79316f3a, method=public void net.runelite.client.plugins.chatchannel.ChatChannelPlugin.onGameStateChanged(net.runelite.api.events.GameStateChanged), priority=0.0, lambda=net.runelite.client.plugins.chatchannel.ChatChannelPlugin$$Lambda$614/0x00000008007da440@4ea767ff)
2026-05-24 12:37:59 CDT [AWT-EventQueue-0] DEBUG n.runelite.client.eventbus.EventBus - Registering class net.runelite.api.events.ScriptCallbackEvent - EventBus.Subscriber(object=net.runelite.client.plugins.chatchannel.ChatChannelPlugin@79316f3a, method=public void net.runelite.client.plugins.chatchannel.ChatChannelPlugin.onScriptCallbackEvent(net.runelite.api.events.ScriptCallbackEvent), priority=0.0, lambda=net.runelite.client.plugins.chatchannel.ChatChannelPlugin$$Lambda$615/0x00000008007da840@27dcaefe)
2026-05-24 12:37:59 CDT [AWT-EventQueue-0] DEBUG n.runelite.client.eventbus.EventBus - Registering class net.runelite.api.events.ClanMemberLeft - EventBus.Subscriber(object=net.runelite.client.plugins.chatchannel.ChatChannelPlugin@79316f3a, method=public void net.runelite.client.plugins.chatchannel.ChatChannelPlugin.onClanMemberLeft(net.runelite.api.events.ClanMemberLeft), priority=0.0, lambda=net.runelite.client.plugins.chatchannel.ChatChannelPlugin$$Lambda$616/0x00000008007dac40@2c7602e3)
2026-05-24 12:37:59 CDT [AWT-EventQueue-0] DEBUG n.runelite.client.eventbus.EventBus - Registering class net.runelite.api.events.ClanMemberJoined - EventBus.Subscriber(object=net.runelite.client.plugins.chatchannel.ChatChannelPlugin@79316f3a, method=public void net.runelite.client.plugins.chatchannel.ChatChannelPlugin.onClanMemberJoined(net.runelite.api.events.ClanMemberJoined), priority=0.0, lambda=net.runelite.client.plugins.chatchannel.ChatChannelPlugin$$Lambda$617/0x00000008007db040@24a082e2)
2026-05-24 12:37:59 CDT [AWT-EventQueue-0] DEBUG n.runelite.client.eventbus.EventBus - Registering class net.runelite.api.events.ScriptPostFired - EventBus.Subscriber(object=net.runelite.client.plugins.chatchannel.ChatChannelPlugin@79316f3a, method=public void net.runelite.client.plugins.chatchannel.ChatChannelPlugin.onScriptPostFired(net.runelite.api.events.ScriptPostFired), priority=0.0, lambda=net.runelite.client.plugins.chatchannel.ChatChannelPlugin$$Lambda$618/0x00000008007db440@39328988)
2026-05-24 12:37:59 CDT [AWT-EventQueue-0] DEBUG n.runelite.client.eventbus.EventBus - Registering class net.runelite.api.events.FriendsChatMemberLeft - EventBus.Subscriber(object=net.runelite.client.plugins.chatchannel.ChatChannelPlugin@79316f3a, method=public void net.runelite.client.plugins.chatchannel.ChatChannelPlugin.onFriendsChatMemberLeft(net.runelite.api.events.FriendsChatMemberLeft), priority=0.0, lambda=net.runelite.client.plugins.chatchannel.ChatChannelPlugin$$Lambda$619/0x00000008007db840@349d9ff7)
2026-05-24 12:37:59 CDT [AWT-EventQueue-0] DEBUG n.runelite.client.eventbus.EventBus - Registering class net.runelite.api.events.FriendsChatChanged - EventBus.Subscriber(object=net.runelite.client.plugins.chatchannel.ChatChannelPlugin@79316f3a, method=public void net.runelite.client.plugins.chatchannel.ChatChannelPlugin.onFriendsChatChanged(net.runelite.api.events.FriendsChatChanged), priority=0.0, lambda=net.runelite.client.plugins.chatchannel.ChatChannelPlugin$$Lambda$620/0x00000008007dbc40@43edec0c)
2026-05-24 12:37:59 CDT [AWT-EventQueue-0] DEBUG n.runelite.client.eventbus.EventBus - Registering class net.runelite.api.events.FriendsChatMemberJoined - EventBus.Subscriber(object=net.runelite.client.plugins.chatchannel.ChatChannelPlugin@79316f3a, method=public void net.runelite.client.plugins.chatchannel.ChatChannelPlugin.onFriendsChatMemberJoined(net.runelite.api.events.FriendsChatMemberJoined), priority=0.0, lambda=net.runelite.client.plugins.chatchannel.ChatChannelPlugin$$Lambda$621/0x00000008007dc040@5a5c63f3)
2026-05-24 12:37:59 CDT [AWT-EventQueue-0] DEBUG n.r.client.plugins.PluginManager - Plugin HiscorePlugin is now running
2026-05-24 12:37:59 CDT [AWT-EventQueue-0] DEBUG n.runelite.client.eventbus.EventBus - Registering class net.runelite.api.events.MenuOptionClicked - EventBus.Subscriber(object=net.runelite.client.plugins.hiscore.HiscorePlugin@574cd322, method=public void net.runelite.client.plugins.hiscore.HiscorePlugin.onMenuOptionClicked(net.runelite.api.events.MenuOptionClicked), priority=0.0, lambda=net.runelite.client.plugins.hiscore.HiscorePlugin$$Lambda$647/0x000000080080b440@3aee4f94)
2026-05-24 12:37:59 CDT [AWT-EventQueue-0] DEBUG n.runelite.client.eventbus.EventBus - Registering class net.runelite.client.events.ConfigChanged - EventBus.Subscriber(object=net.runelite.client.plugins.hiscore.HiscorePlugin@574cd322, method=public void net.runelite.client.plugins.hiscore.HiscorePlugin.onConfigChanged(net.runelite.client.events.ConfigChanged), priority=0.0, lambda=net.runelite.client.plugins.hiscore.HiscorePlugin$$Lambda$648/0x000000080080a840@4a8afd0a)
2026-05-24 12:37:59 CDT [AWT-EventQueue-0] DEBUG n.runelite.client.eventbus.EventBus - Registering class net.runelite.api.events.MenuOpened - EventBus.Subscriber(object=net.runelite.client.plugins.hiscore.HiscorePlugin@574cd322, method=private void net.runelite.client.plugins.hiscore.HiscorePlugin.onMenuOpened(net.runelite.api.events.MenuOpened), priority=0.0, lambda=net.runelite.client.plugins.hiscore.HiscorePlugin$$Lambda$649/0x000000080080ac40@48f58810)
2026-05-24 12:37:59 CDT [AWT-EventQueue-0] DEBUG n.runelite.client.eventbus.EventBus - Registering class net.runelite.api.events.VarbitChanged - EventBus.Subscriber(object=net.runelite.client.plugins.hiscore.HiscorePlugin@574cd322, method=public void net.runelite.client.plugins.hiscore.HiscorePlugin.onVarbitChanged(net.runelite.api.events.VarbitChanged), priority=0.0, lambda=net.runelite.client.plugins.hiscore.HiscorePlugin$$Lambda$650/0x000000080080a040@6f7a0996)
2026-05-24 12:37:59 CDT [AWT-EventQueue-0] DEBUG n.runelite.client.eventbus.EventBus - Registering class net.runelite.api.events.MenuEntryAdded - EventBus.Subscriber(object=net.runelite.client.plugins.hiscore.HiscorePlugin@574cd322, method=public void net.runelite.client.plugins.hiscore.HiscorePlugin.onMenuEntryAdded(net.runelite.api.events.MenuEntryAdded), priority=0.0, lambda=net.runelite.client.plugins.hiscore.HiscorePlugin$$Lambda$651/0x000000080080a440@74d0ba1a)
2026-05-24 12:37:59 CDT [AWT-EventQueue-0] DEBUG n.runelite.client.eventbus.EventBus - Registering class net.runelite.api.events.ChatMessage - EventBus.Subscriber(object=net.runelite.client.plugins.hiscore.HiscorePlugin@574cd322, method=public void net.runelite.client.plugins.hiscore.HiscorePlugin.onChatMessage(net.runelite.api.events.ChatMessage), priority=0.0, lambda=net.runelite.client.plugins.hiscore.HiscorePlugin$$Lambda$652/0x0000000800809840@17c3b897)
2026-05-24 12:37:59 CDT [AWT-EventQueue-0] DEBUG n.r.client.plugins.PluginManager - Plugin PlayerIndicatorsPlugin is now running
2026-05-24 12:37:59 CDT [AWT-EventQueue-0] DEBUG n.runelite.client.eventbus.EventBus - Registering class net.runelite.api.events.ClientTick - EventBus.Subscriber(object=net.runelite.client.plugins.playerindicators.PlayerIndicatorsPlugin@7eae3764, method=public void net.runelite.client.plugins.playerindicators.PlayerIndicatorsPlugin.onClientTick(net.runelite.api.events.ClientTick), priority=0.0, lambda=net.runelite.client.plugins.playerindicators.PlayerIndicatorsPlugin$$Lambda$653/0x0000000800809c40@2cd6e8e4)
2026-05-24 12:37:59 CDT [AWT-EventQueue-0] DEBUG n.runelite.client.eventbus.EventBus - Registering class net.runelite.client.events.ProfileChanged - EventBus.Subscriber(object=net.runelite.client.plugins.playerindicators.PlayerIndicatorsPlugin@7eae3764, method=public void net.runelite.client.plugins.playerindicators.PlayerIndicatorsPlugin.onProfileChanged(net.runelite.client.events.ProfileChanged), priority=0.0, lambda=net.runelite.client.plugins.playerindicators.PlayerIndicatorsPlugin$$Lambda$654/0x0000000800809040@2ddbca6)
2026-05-24 12:37:59 CDT [AWT-EventQueue-0] DEBUG n.runelite.client.eventbus.EventBus - Registering class net.runelite.api.events.ScriptPostFired - EventBus.Subscriber(object=net.runelite.client.plugins.playerindicators.PlayerIndicatorsPlugin@7eae3764, method=public void net.runelite.client.plugins.playerindicators.PlayerIndicatorsPlugin.onScriptPostFired(net.runelite.api.events.ScriptPostFired), priority=0.0, lambda=net.runelite.client.plugins.playerindicators.PlayerIndicatorsPlugin$$Lambda$655/0x0000000800809440@63bb15a5)
2026-05-24 12:37:59 CDT [AWT-EventQueue-0] DEBUG n.r.client.plugins.PluginManager - Plugin OpponentInfoPlugin is now running
2026-05-24 12:37:59 CDT [AWT-EventQueue-0] DEBUG n.runelite.client.eventbus.EventBus - Registering class net.runelite.api.events.InteractingChanged - EventBus.Subscriber(object=net.runelite.client.plugins.opponentinfo.OpponentInfoPlugin@68880c21, method=public void net.runelite.client.plugins.opponentinfo.OpponentInfoPlugin.onInteractingChanged(net.runelite.api.events.InteractingChanged), priority=0.0, lambda=net.runelite.client.plugins.opponentinfo.OpponentInfoPlugin$$Lambda$656/0x0000000800808840@a4345ce)
2026-05-24 12:37:59 CDT [AWT-EventQueue-0] DEBUG n.runelite.client.eventbus.EventBus - Registering class net.runelite.api.events.GameTick - EventBus.Subscriber(object=net.runelite.client.plugins.opponentinfo.OpponentInfoPlugin@68880c21, method=public void net.runelite.client.plugins.opponentinfo.OpponentInfoPlugin.onGameTick(net.runelite.api.events.GameTick), priority=0.0, lambda=net.runelite.client.plugins.opponentinfo.OpponentInfoPlugin$$Lambda$657/0x0000000800808c40@584b1d31)
2026-05-24 12:37:59 CDT [AWT-EventQueue-0] DEBUG n.runelite.client.eventbus.EventBus - Registering class net.runelite.api.events.GameStateChanged - EventBus.Subscriber(object=net.runelite.client.plugins.opponentinfo.OpponentInfoPlugin@68880c21, method=public void net.runelite.client.plugins.opponentinfo.OpponentInfoPlugin.onGameStateChanged(net.runelite.api.events.GameStateChanged), priority=0.0, lambda=net.runelite.client.plugins.opponentinfo.OpponentInfoPlugin$$Lambda$658/0x0000000800818040@a59d04c)
2026-05-24 12:37:59 CDT [AWT-EventQueue-0] DEBUG n.runelite.client.eventbus.EventBus - Registering class net.runelite.api.events.MenuEntryAdded - EventBus.Subscriber(object=net.runelite.client.plugins.opponentinfo.OpponentInfoPlugin@68880c21, method=public void net.runelite.client.plugins.opponentinfo.OpponentInfoPlugin.onMenuEntryAdded(net.runelite.api.events.MenuEntryAdded), priority=0.0, lambda=net.runelite.client.plugins.opponentinfo.OpponentInfoPlugin$$Lambda$659/0x0000000800818440@778e97f)
2026-05-24 12:37:59 CDT [AWT-EventQueue-0] DEBUG n.runelite.client.eventbus.EventBus - Registering class net.runelite.api.events.ScriptPostFired - EventBus.Subscriber(object=net.runelite.client.plugins.opponentinfo.OpponentInfoPlugin@68880c21, method=public void net.runelite.client.plugins.opponentinfo.OpponentInfoPlugin.onScriptPostFired(net.runelite.api.events.ScriptPostFired), priority=0.0, lambda=net.runelite.client.plugins.opponentinfo.OpponentInfoPlugin$$Lambda$660/0x0000000800818840@7d22edab)
2026-05-24 12:37:59 CDT [AWT-EventQueue-0] DEBUG n.runelite.client.eventbus.EventBus - Registering class net.runelite.api.events.MenuOptionClicked - EventBus.Subscriber(object=net.runelite.client.plugins.banktags.tabs.TabInterface@dbc298b, method=public void net.runelite.client.plugins.banktags.tabs.TabInterface.onMenuOptionClicked(net.runelite.api.events.MenuOptionClicked), priority=-1.0, lambda=net.runelite.client.plugins.banktags.tabs.TabInterface$$Lambda$665/0x0000000800819c40@4b749971)
2026-05-24 12:37:59 CDT [AWT-EventQueue-0] DEBUG n.runelite.client.eventbus.EventBus - Registering class net.runelite.api.events.WidgetClosed - EventBus.Subscriber(object=net.runelite.client.plugins.banktags.tabs.TabInterface@dbc298b, method=public void net.runelite.client.plugins.banktags.tabs.TabInterface.onWidgetClosed(net.runelite.api.events.WidgetClosed), priority=0.0, lambda=net.runelite.client.plugins.banktags.tabs.TabInterface$$Lambda$666/0x000000080081a040@77b5962d)
2026-05-24 12:37:59 CDT [AWT-EventQueue-0] DEBUG n.runelite.client.eventbus.EventBus - Registering class net.runelite.api.events.MenuEntryAdded - EventBus.Subscriber(object=net.runelite.client.plugins.banktags.tabs.TabInterface@dbc298b, method=private void net.runelite.client.plugins.banktags.tabs.TabInterface.onMenuEntryAdded(net.runelite.api.events.MenuEntryAdded), priority=0.0, lambda=net.runelite.client.plugins.banktags.tabs.TabInterface$$Lambda$667/0x000000080081a440@7479a434)
2026-05-24 12:37:59 CDT [AWT-EventQueue-0] DEBUG n.runelite.client.eventbus.EventBus - Registering class net.runelite.api.events.WidgetDrag - EventBus.Subscriber(object=net.runelite.client.plugins.banktags.tabs.TabInterface@dbc298b, method=public void net.runelite.client.plugins.banktags.tabs.TabInterface.onWidgetDrag(net.runelite.api.events.WidgetDrag), priority=0.0, lambda=net.runelite.client.plugins.banktags.tabs.TabInterface$$Lambda$668/0x000000080081a840@485c0d9b)
2026-05-24 12:37:59 CDT [AWT-EventQueue-0] DEBUG n.runelite.client.eventbus.EventBus - Registering class net.runelite.api.events.ScriptPreFired - EventBus.Subscriber(object=net.runelite.client.plugins.banktags.tabs.TabInterface@dbc298b, method=public void net.runelite.client.plugins.banktags.tabs.TabInterface.onScriptPreFired(net.runelite.api.events.ScriptPreFired), priority=0.0, lambda=net.runelite.client.plugins.banktags.tabs.TabInterface$$Lambda$669/0x000000080081ac40@228e3aed)
2026-05-24 12:37:59 CDT [AWT-EventQueue-0] DEBUG n.runelite.client.eventbus.EventBus - Registering class net.runelite.api.events.ScriptPostFired - EventBus.Subscriber(object=net.runelite.client.plugins.banktags.tabs.TabInterface@dbc298b, method=private void net.runelite.client.plugins.banktags.tabs.TabInterface.onScriptPostFired(net.runelite.api.events.ScriptPostFired), priority=0.0, lambda=net.runelite.client.plugins.banktags.tabs.TabInterface$$Lambda$670/0x000000080081b040@630413a)
2026-05-24 12:37:59 CDT [AWT-EventQueue-0] DEBUG n.runelite.client.eventbus.EventBus - Registering class net.runelite.api.events.ScriptPreFired - EventBus.Subscriber(object=net.runelite.client.plugins.banktags.tabs.LayoutManager@35186144, method=public void net.runelite.client.plugins.banktags.tabs.LayoutManager.onScriptPreFired(net.runelite.api.events.ScriptPreFired), priority=0.0, lambda=net.runelite.client.plugins.banktags.tabs.LayoutManager$$Lambda$671/0x000000080081b440@5ed67bef)
2026-05-24 12:37:59 CDT [AWT-EventQueue-0] DEBUG n.runelite.client.eventbus.EventBus - Registering class net.runelite.api.events.VarbitChanged - EventBus.Subscriber(object=net.runelite.client.plugins.banktags.tabs.PotionStorage@2fbd5ec4, method=public void net.runelite.client.plugins.banktags.tabs.PotionStorage.onVarbitChanged(net.runelite.api.events.VarbitChanged), priority=0.0, lambda=net.runelite.client.plugins.banktags.tabs.PotionStorage$$Lambda$672/0x000000080081b840@59d90836)
2026-05-24 12:37:59 CDT [AWT-EventQueue-0] DEBUG n.runelite.client.eventbus.EventBus - Registering class net.runelite.api.events.ClientTick - EventBus.Subscriber(object=net.runelite.client.plugins.banktags.tabs.PotionStorage@2fbd5ec4, method=public void net.runelite.client.plugins.banktags.tabs.PotionStorage.onClientTick(net.runelite.api.events.ClientTick), priority=0.0, lambda=net.runelite.client.plugins.banktags.tabs.PotionStorage$$Lambda$673/0x000000080081bc40@309698d0)
2026-05-24 12:37:59 CDT [AWT-EventQueue-0] DEBUG n.runelite.client.eventbus.EventBus - Registering class net.runelite.api.events.WidgetClosed - EventBus.Subscriber(object=net.runelite.client.plugins.banktags.tabs.PotionStorage@2fbd5ec4, method=public void net.runelite.client.plugins.banktags.tabs.PotionStorage.onWidgetClosed(net.runelite.api.events.WidgetClosed), priority=0.0, lambda=net.runelite.client.plugins.banktags.tabs.PotionStorage$$Lambda$674/0x000000080081c040@64119555)
2026-05-24 12:37:59 CDT [AWT-EventQueue-0] DEBUG n.r.client.plugins.PluginManager - Plugin BankTagsPlugin is now running
2026-05-24 12:37:59 CDT [AWT-EventQueue-0] DEBUG n.runelite.client.eventbus.EventBus - Registering class net.runelite.client.events.ConfigChanged - EventBus.Subscriber(object=net.runelite.client.plugins.banktags.BankTagsPlugin@26844abb, method=public void net.runelite.client.plugins.banktags.BankTagsPlugin.onConfigChanged(net.runelite.client.events.ConfigChanged), priority=0.0, lambda=net.runelite.client.plugins.banktags.BankTagsPlugin$$Lambda$676/0x000000080081c840@c188a76)
2026-05-24 12:37:59 CDT [AWT-EventQueue-0] DEBUG n.runelite.client.eventbus.EventBus - Registering class net.runelite.api.events.ScriptCallbackEvent - EventBus.Subscriber(object=net.runelite.client.plugins.banktags.BankTagsPlugin@26844abb, method=public void net.runelite.client.plugins.banktags.BankTagsPlugin.onScriptCallbackEvent(net.runelite.api.events.ScriptCallbackEvent), priority=0.0, lambda=net.runelite.client.plugins.banktags.BankTagsPlugin$$Lambda$677/0x000000080081cc40@27e62df1)
2026-05-24 12:37:59 CDT [AWT-EventQueue-0] DEBUG n.runelite.client.eventbus.EventBus - Registering class net.runelite.api.events.MenuEntryAdded - EventBus.Subscriber(object=net.runelite.client.plugins.banktags.BankTagsPlugin@26844abb, method=public void net.runelite.client.plugins.banktags.BankTagsPlugin.onMenuEntryAdded(net.runelite.api.events.MenuEntryAdded), priority=0.0, lambda=net.runelite.client.plugins.banktags.BankTagsPlugin$$Lambda$678/0x000000080081d040@a446104)
2026-05-24 12:37:59 CDT [AWT-EventQueue-0] DEBUG n.runelite.client.eventbus.EventBus - Registering class net.runelite.api.events.GrandExchangeSearched - EventBus.Subscriber(object=net.runelite.client.plugins.banktags.BankTagsPlugin@26844abb, method=public void net.runelite.client.plugins.banktags.BankTagsPlugin.onGrandExchangeSearched(net.runelite.api.events.GrandExchangeSearched), priority=0.0, lambda=net.runelite.client.plugins.banktags.BankTagsPlugin$$Lambda$679/0x000000080081d440@204088ab)
2026-05-24 12:37:59 CDT [AWT-EventQueue-0] DEBUG n.runelite.client.eventbus.EventBus - Registering class net.runelite.api.events.MenuOptionClicked - EventBus.Subscriber(object=net.runelite.client.plugins.devtools.WidgetInspector[frame0,0,0,0x0,invalid,hidden,layout=java.awt.BorderLayout,title=,resizable,normal,defaultCloseOperation=DO_NOTHING_ON_CLOSE,rootPane=javax.swing.JRootPane[,0,0,0x0,invalid,layout=javax.swing.JRootPane$RootLayout,alignmentX=0.0,alignmentY=0.0,border=,flags=16777673,maximumSize=,minimumSize=,preferredSize=],rootPaneCheckingEnabled=true], method=private void net.runelite.client.plugins.devtools.WidgetInspector.onMenuOptionClicked(net.runelite.api.events.MenuOptionClicked), priority=0.0, lambda=net.runelite.client.plugins.devtools.WidgetInspector$$Lambda$790/0x0000000800841c40@32cbbea4)
2026-05-24 12:37:59 CDT [AWT-EventQueue-0] DEBUG n.runelite.client.eventbus.EventBus - Registering class net.runelite.client.events.ConfigChanged - EventBus.Subscriber(object=net.runelite.client.plugins.devtools.WidgetInspector[frame0,0,0,0x0,invalid,hidden,layout=java.awt.BorderLayout,title=,resizable,normal,defaultCloseOperation=DO_NOTHING_ON_CLOSE,rootPane=javax.swing.JRootPane[,0,0,0x0,invalid,layout=javax.swing.JRootPane$RootLayout,alignmentX=0.0,alignmentY=0.0,border=,flags=16777673,maximumSize=,minimumSize=,preferredSize=],rootPaneCheckingEnabled=true], method=private void net.runelite.client.plugins.devtools.WidgetInspector.onConfigChanged(net.runelite.client.events.ConfigChanged), priority=0.0, lambda=net.runelite.client.plugins.devtools.WidgetInspector$$Lambda$791/0x000000080086cc40@5317b344)
2026-05-24 12:37:59 CDT [AWT-EventQueue-0] DEBUG n.runelite.client.eventbus.EventBus - Registering class net.runelite.api.events.MenuEntryAdded - EventBus.Subscriber(object=net.runelite.client.plugins.devtools.WidgetInspector[frame0,0,0,0x0,invalid,hidden,layout=java.awt.BorderLayout,title=,resizable,normal,defaultCloseOperation=DO_NOTHING_ON_CLOSE,rootPane=javax.swing.JRootPane[,0,0,0x0,invalid,layout=javax.swing.JRootPane$RootLayout,alignmentX=0.0,alignmentY=0.0,border=,flags=16777673,maximumSize=,minimumSize=,preferredSize=],rootPaneCheckingEnabled=true], method=private void net.runelite.client.plugins.devtools.WidgetInspector.onMenuEntryAdded(net.runelite.api.events.MenuEntryAdded), priority=0.0, lambda=net.runelite.client.plugins.devtools.WidgetInspector$$Lambda$792/0x000000080086d040@1cda8379)
2026-05-24 12:37:59 CDT [Client] DEBUG injected-client - Game state changed: LOGIN_SCREEN (state: 10, 2 step: false)
2026-05-24 12:37:59 CDT [Client] DEBUG injected-client - Cache is ready
2026-05-24 12:37:59 CDT [Client] DEBUG n.r.client.RuntimeConfigRefresher - Skipping runtimeConfig refresh, next refresh at 2026-05-24T17:47:55.746269900Z
2026-05-24 12:38:00 CDT [AWT-EventQueue-0] DEBUG n.runelite.client.eventbus.EventBus - Registering class net.runelite.api.events.SoundEffectPlayed - EventBus.Subscriber(object=net.runelite.client.plugins.devtools.SoundEffectOverlay@192e68d2, method=public void net.runelite.client.plugins.devtools.SoundEffectOverlay.onSoundEffectPlayed(net.runelite.api.events.SoundEffectPlayed), priority=0.0, lambda=net.runelite.client.plugins.devtools.SoundEffectOverlay$$Lambda$875/0x000000080090ec40@8c0ebb0)
2026-05-24 12:38:00 CDT [AWT-EventQueue-0] DEBUG n.runelite.client.eventbus.EventBus - Registering class net.runelite.api.events.AreaSoundEffectPlayed - EventBus.Subscriber(object=net.runelite.client.plugins.devtools.SoundEffectOverlay@192e68d2, method=public void net.runelite.client.plugins.devtools.SoundEffectOverlay.onAreaSoundEffectPlayed(net.runelite.api.events.AreaSoundEffectPlayed), priority=0.0, lambda=net.runelite.client.plugins.devtools.SoundEffectOverlay$$Lambda$876/0x000000080090e040@7e95d6fe)
2026-05-24 12:38:00 CDT [AWT-EventQueue-0] DEBUG n.r.client.plugins.PluginManager - Plugin DevToolsPlugin is now running
2026-05-24 12:38:00 CDT [AWT-EventQueue-0] DEBUG n.runelite.client.eventbus.EventBus - Registering class net.runelite.api.events.ClientTick - EventBus.Subscriber(object=net.runelite.client.plugins.devtools.DevToolsPlugin@6724cdec, method=public void net.runelite.client.plugins.devtools.DevToolsPlugin.onClientTick(net.runelite.api.events.ClientTick), priority=0.0, lambda=net.runelite.client.plugins.devtools.DevToolsPlugin$$Lambda$877/0x000000080090e440@1b48a4db)
2026-05-24 12:38:00 CDT [AWT-EventQueue-0] DEBUG n.runelite.client.eventbus.EventBus - Registering class net.runelite.api.events.ScriptCallbackEvent - EventBus.Subscriber(object=net.runelite.client.plugins.devtools.DevToolsPlugin@6724cdec, method=public void net.runelite.client.plugins.devtools.DevToolsPlugin.onScriptCallbackEvent(net.runelite.api.events.ScriptCallbackEvent), priority=0.0, lambda=net.runelite.client.plugins.devtools.DevToolsPlugin$$Lambda$878/0x000000080090d840@65cb9c62)
2026-05-24 12:38:00 CDT [AWT-EventQueue-0] DEBUG n.runelite.client.eventbus.EventBus - Registering class net.runelite.api.events.MenuEntryAdded - EventBus.Subscriber(object=net.runelite.client.plugins.devtools.DevToolsPlugin@6724cdec, method=public void net.runelite.client.plugins.devtools.DevToolsPlugin.onMenuEntryAdded(net.runelite.api.events.MenuEntryAdded), priority=0.0, lambda=net.runelite.client.plugins.devtools.DevToolsPlugin$$Lambda$879/0x000000080090dc40@da2b204)
2026-05-24 12:38:00 CDT [AWT-EventQueue-0] DEBUG n.runelite.client.eventbus.EventBus - Registering class net.runelite.api.events.CommandExecuted - EventBus.Subscriber(object=net.runelite.client.plugins.devtools.DevToolsPlugin@6724cdec, method=public void net.runelite.client.plugins.devtools.DevToolsPlugin.onCommandExecuted(net.runelite.api.events.CommandExecuted), priority=0.0, lambda=net.runelite.client.plugins.devtools.DevToolsPlugin$$Lambda$880/0x000000080090d040@2a8c47a4)
2026-05-24 12:38:00 CDT [AWT-EventQueue-0] DEBUG n.r.client.plugins.PluginManager - Plugin FriendNotesPlugin is now running
2026-05-24 12:38:00 CDT [AWT-EventQueue-0] DEBUG n.runelite.client.eventbus.EventBus - Registering class net.runelite.client.events.ConfigChanged - EventBus.Subscriber(object=net.runelite.client.plugins.friendnotes.FriendNotesPlugin@3374b5bc, method=public void net.runelite.client.plugins.friendnotes.FriendNotesPlugin.onConfigChanged(net.runelite.client.events.ConfigChanged), priority=0.0, lambda=net.runelite.client.plugins.friendnotes.FriendNotesPlugin$$Lambda$882/0x0000000800926440@3479c8fa)
2026-05-24 12:38:00 CDT [AWT-EventQueue-0] DEBUG n.runelite.client.eventbus.EventBus - Registering class net.runelite.api.events.ScriptCallbackEvent - EventBus.Subscriber(object=net.runelite.client.plugins.friendnotes.FriendNotesPlugin@3374b5bc, method=public void net.runelite.client.plugins.friendnotes.FriendNotesPlugin.onScriptCallbackEvent(net.runelite.api.events.ScriptCallbackEvent), priority=0.0, lambda=net.runelite.client.plugins.friendnotes.FriendNotesPlugin$$Lambda$883/0x0000000800926840@e9bbc66)
2026-05-24 12:38:00 CDT [AWT-EventQueue-0] DEBUG n.runelite.client.eventbus.EventBus - Registering class net.runelite.api.events.MenuEntryAdded - EventBus.Subscriber(object=net.runelite.client.plugins.friendnotes.FriendNotesPlugin@3374b5bc, method=public void net.runelite.client.plugins.friendnotes.FriendNotesPlugin.onMenuEntryAdded(net.runelite.api.events.MenuEntryAdded), priority=0.0, lambda=net.runelite.client.plugins.friendnotes.FriendNotesPlugin$$Lambda$884/0x0000000800926c40@1542dda3)
2026-05-24 12:38:00 CDT [AWT-EventQueue-0] DEBUG n.runelite.client.eventbus.EventBus - Registering class net.runelite.api.events.NameableNameChanged - EventBus.Subscriber(object=net.runelite.client.plugins.friendnotes.FriendNotesPlugin@3374b5bc, method=public void net.runelite.client.plugins.friendnotes.FriendNotesPlugin.onNameableNameChanged(net.runelite.api.events.NameableNameChanged), priority=0.0, lambda=net.runelite.client.plugins.friendnotes.FriendNotesPlugin$$Lambda$885/0x0000000800927040@1c45ccab)
2026-05-24 12:38:00 CDT [AWT-EventQueue-0] DEBUG n.runelite.client.eventbus.EventBus - Registering class net.runelite.api.events.RemovedFriend - EventBus.Subscriber(object=net.runelite.client.plugins.friendnotes.FriendNotesPlugin@3374b5bc, method=public void net.runelite.client.plugins.friendnotes.FriendNotesPlugin.onRemovedFriend(net.runelite.api.events.RemovedFriend), priority=0.0, lambda=net.runelite.client.plugins.friendnotes.FriendNotesPlugin$$Lambda$886/0x0000000800927440@4702e08f)
2026-05-24 12:38:00 CDT [AWT-EventQueue-0] DEBUG n.r.client.plugins.PluginManager - Plugin MouseHighlightPlugin is now running
2026-05-24 12:38:00 CDT [AWT-EventQueue-0] DEBUG n.r.client.plugins.PluginManager - Plugin ImplingsPlugin is now running
2026-05-24 12:38:00 CDT [AWT-EventQueue-0] DEBUG n.runelite.client.eventbus.EventBus - Registering class net.runelite.client.events.ConfigChanged - EventBus.Subscriber(object=net.runelite.client.plugins.implings.ImplingsPlugin@a66e580, method=private void net.runelite.client.plugins.implings.ImplingsPlugin.onConfigChanged(net.runelite.client.events.ConfigChanged), priority=0.0, lambda=net.runelite.client.plugins.implings.ImplingsPlugin$$Lambda$888/0x0000000800927c40@6081b9ad)
2026-05-24 12:38:00 CDT [AWT-EventQueue-0] DEBUG n.runelite.client.eventbus.EventBus - Registering class net.runelite.api.events.NpcChanged - EventBus.Subscriber(object=net.runelite.client.plugins.implings.ImplingsPlugin@a66e580, method=public void net.runelite.client.plugins.implings.ImplingsPlugin.onNpcChanged(net.runelite.api.events.NpcChanged), priority=0.0, lambda=net.runelite.client.plugins.implings.ImplingsPlugin$$Lambda$889/0x0000000800928040@19108391)
2026-05-24 12:38:00 CDT [AWT-EventQueue-0] DEBUG n.runelite.client.eventbus.EventBus - Registering class net.runelite.api.events.NpcSpawned - EventBus.Subscriber(object=net.runelite.client.plugins.implings.ImplingsPlugin@a66e580, method=public void net.runelite.client.plugins.implings.ImplingsPlugin.onNpcSpawned(net.runelite.api.events.NpcSpawned), priority=0.0, lambda=net.runelite.client.plugins.implings.ImplingsPlugin$$Lambda$890/0x0000000800928440@57c28213)
2026-05-24 12:38:00 CDT [AWT-EventQueue-0] DEBUG net.runelite.client.input.KeyManager - Registering key listener: net.runelite.client.plugins.loginscreen.LoginScreenPlugin@4b65d9f4
2026-05-24 12:38:00 CDT [AWT-EventQueue-0] DEBUG n.r.client.plugins.PluginManager - Plugin LoginScreenPlugin is now running
2026-05-24 12:38:00 CDT [AWT-EventQueue-0] DEBUG n.runelite.client.eventbus.EventBus - Registering class net.runelite.client.events.ConfigChanged - EventBus.Subscriber(object=net.runelite.client.plugins.loginscreen.LoginScreenPlugin@4b65d9f4, method=public void net.runelite.client.plugins.loginscreen.LoginScreenPlugin.onConfigChanged(net.runelite.client.events.ConfigChanged), priority=0.0, lambda=net.runelite.client.plugins.loginscreen.LoginScreenPlugin$$Lambda$892/0x0000000800928c40@2a7f2ad)
2026-05-24 12:38:00 CDT [AWT-EventQueue-0] DEBUG n.runelite.client.eventbus.EventBus - Registering class net.runelite.api.events.GameStateChanged - EventBus.Subscriber(object=net.runelite.client.plugins.loginscreen.LoginScreenPlugin@4b65d9f4, method=public void net.runelite.client.plugins.loginscreen.LoginScreenPlugin.onGameStateChanged(net.runelite.api.events.GameStateChanged), priority=0.0, lambda=net.runelite.client.plugins.loginscreen.LoginScreenPlugin$$Lambda$893/0x0000000800929040@17e151c3)
2026-05-24 12:38:00 CDT [AWT-EventQueue-0] DEBUG n.runelite.client.eventbus.EventBus - Registering class net.runelite.client.events.ProfileChanged - EventBus.Subscriber(object=net.runelite.client.plugins.loginscreen.LoginScreenPlugin@4b65d9f4, method=public void net.runelite.client.plugins.loginscreen.LoginScreenPlugin.onProfileChanged(net.runelite.client.events.ProfileChanged), priority=0.0, lambda=net.runelite.client.plugins.loginscreen.LoginScreenPlugin$$Lambda$894/0x0000000800929440@5a3ce7ce)
2026-05-24 12:38:00 CDT [AWT-EventQueue-0] DEBUG n.r.client.plugins.PluginManager - Plugin RoofRemovalPlugin is now running
2026-05-24 12:38:00 CDT [AWT-EventQueue-0] DEBUG n.runelite.client.eventbus.EventBus - Registering class net.runelite.client.events.ConfigChanged - EventBus.Subscriber(object=net.runelite.client.plugins.roofremoval.RoofRemovalPlugin@10f7c76, method=public void net.runelite.client.plugins.roofremoval.RoofRemovalPlugin.onConfigChanged(net.runelite.client.events.ConfigChanged), priority=0.0, lambda=net.runelite.client.plugins.roofremoval.RoofRemovalPlugin$$Lambda$899/0x000000080092ac40@46b785a8)
2026-05-24 12:38:00 CDT [AWT-EventQueue-0] DEBUG n.runelite.client.eventbus.EventBus - Registering class net.runelite.api.events.PreMapLoad - EventBus.Subscriber(object=net.runelite.client.plugins.roofremoval.RoofRemovalPlugin@10f7c76, method=public void net.runelite.client.plugins.roofremoval.RoofRemovalPlugin.onPreMapLoad(net.runelite.api.events.PreMapLoad), priority=0.0, lambda=net.runelite.client.plugins.roofremoval.RoofRemovalPlugin$$Lambda$900/0x000000080092b040@7b8bd86)
2026-05-24 12:38:00 CDT [AWT-EventQueue-0] DEBUG n.r.client.plugins.PluginManager - Plugin PohPlugin is now running
2026-05-24 12:38:00 CDT [AWT-EventQueue-0] DEBUG n.runelite.client.eventbus.EventBus - Registering class net.runelite.api.events.DecorativeObjectDespawned - EventBus.Subscriber(object=net.runelite.client.plugins.poh.PohPlugin@36c2b646, method=public void net.runelite.client.plugins.poh.PohPlugin.onDecorativeObjectDespawned(net.runelite.api.events.DecorativeObjectDespawned), priority=0.0, lambda=net.runelite.client.plugins.poh.PohPlugin$$Lambda$901/0x000000080092b440@2cb602a5)
2026-05-24 12:38:00 CDT [AWT-EventQueue-0] DEBUG n.runelite.client.eventbus.EventBus - Registering class net.runelite.api.events.GameObjectSpawned - EventBus.Subscriber(object=net.runelite.client.plugins.poh.PohPlugin@36c2b646, method=public void net.runelite.client.plugins.poh.PohPlugin.onGameObjectSpawned(net.runelite.api.events.GameObjectSpawned), priority=0.0, lambda=net.runelite.client.plugins.poh.PohPlugin$$Lambda$902/0x000000080092b840@2080585f)
2026-05-24 12:38:00 CDT [AWT-EventQueue-0] DEBUG n.runelite.client.eventbus.EventBus - Registering class net.runelite.api.events.DecorativeObjectSpawned - EventBus.Subscriber(object=net.runelite.client.plugins.poh.PohPlugin@36c2b646, method=public void net.runelite.client.plugins.poh.PohPlugin.onDecorativeObjectSpawned(net.runelite.api.events.DecorativeObjectSpawned), priority=0.0, lambda=net.runelite.client.plugins.poh.PohPlugin$$Lambda$903/0x000000080092bc40@ab47129)
2026-05-24 12:38:00 CDT [AWT-EventQueue-0] DEBUG n.runelite.client.eventbus.EventBus - Registering class net.runelite.api.events.GameObjectDespawned - EventBus.Subscriber(object=net.runelite.client.plugins.poh.PohPlugin@36c2b646, method=public void net.runelite.client.plugins.poh.PohPlugin.onGameObjectDespawned(net.runelite.api.events.GameObjectDespawned), priority=0.0, lambda=net.runelite.client.plugins.poh.PohPlugin$$Lambda$904/0x000000080092c040@40edc1e7)
2026-05-24 12:38:00 CDT [AWT-EventQueue-0] DEBUG n.runelite.client.eventbus.EventBus - Registering class net.runelite.client.events.ConfigChanged - EventBus.Subscriber(object=net.runelite.client.plugins.poh.PohPlugin@36c2b646, method=public void net.runelite.client.plugins.poh.PohPlugin.onConfigChanged(net.runelite.client.events.ConfigChanged), priority=0.0, lambda=net.runelite.client.plugins.poh.PohPlugin$$Lambda$905/0x000000080092c440@20685670)
2026-05-24 12:38:00 CDT [AWT-EventQueue-0] DEBUG n.runelite.client.eventbus.EventBus - Registering class net.runelite.api.events.AnimationChanged - EventBus.Subscriber(object=net.runelite.client.plugins.poh.PohPlugin@36c2b646, method=public void net.runelite.client.plugins.poh.PohPlugin.onAnimationChanged(net.runelite.api.events.AnimationChanged), priority=0.0, lambda=net.runelite.client.plugins.poh.PohPlugin$$Lambda$906/0x000000080092c840@5d85c2f)
2026-05-24 12:38:00 CDT [AWT-EventQueue-0] DEBUG n.runelite.client.eventbus.EventBus - Registering class net.runelite.api.events.GameStateChanged - EventBus.Subscriber(object=net.runelite.client.plugins.poh.PohPlugin@36c2b646, method=public void net.runelite.client.plugins.poh.PohPlugin.onGameStateChanged(net.runelite.api.events.GameStateChanged), priority=0.0, lambda=net.runelite.client.plugins.poh.PohPlugin$$Lambda$907/0x000000080092cc40@c6c818c)
2026-05-24 12:38:00 CDT [AWT-EventQueue-0] DEBUG n.r.client.plugins.PluginManager - Plugin FairyRingPlugin is now running
2026-05-24 12:38:00 CDT [AWT-EventQueue-0] DEBUG n.runelite.client.eventbus.EventBus - Registering class net.runelite.api.events.GameTick - EventBus.Subscriber(object=net.runelite.client.plugins.fairyring.FairyRingPlugin@18b8d173, method=public void net.runelite.client.plugins.fairyring.FairyRingPlugin.onGameTick(net.runelite.api.events.GameTick), priority=0.0, lambda=net.runelite.client.plugins.fairyring.FairyRingPlugin$$Lambda$908/0x000000080092d040@7390d203)
2026-05-24 12:38:00 CDT [AWT-EventQueue-0] DEBUG n.runelite.client.eventbus.EventBus - Registering class net.runelite.api.events.VarbitChanged - EventBus.Subscriber(object=net.runelite.client.plugins.fairyring.FairyRingPlugin@18b8d173, method=public void net.runelite.client.plugins.fairyring.FairyRingPlugin.onVarbitChanged(net.runelite.api.events.VarbitChanged), priority=0.0, lambda=net.runelite.client.plugins.fairyring.FairyRingPlugin$$Lambda$909/0x000000080092d440@28c7643e)
2026-05-24 12:38:00 CDT [AWT-EventQueue-0] DEBUG n.runelite.client.eventbus.EventBus - Registering class net.runelite.api.events.WidgetLoaded - EventBus.Subscriber(object=net.runelite.client.plugins.fairyring.FairyRingPlugin@18b8d173, method=public void net.runelite.client.plugins.fairyring.FairyRingPlugin.onWidgetLoaded(net.runelite.api.events.WidgetLoaded), priority=0.0, lambda=net.runelite.client.plugins.fairyring.FairyRingPlugin$$Lambda$910/0x000000080092d840@4fbd0f09)
2026-05-24 12:38:00 CDT [AWT-EventQueue-0] DEBUG n.runelite.client.eventbus.EventBus - Registering class net.runelite.api.events.ScriptCallbackEvent - EventBus.Subscriber(object=net.runelite.client.plugins.fairyring.FairyRingPlugin@18b8d173, method=private void net.runelite.client.plugins.fairyring.FairyRingPlugin.onScriptCallbackEvent(net.runelite.api.events.ScriptCallbackEvent), priority=0.0, lambda=net.runelite.client.plugins.fairyring.FairyRingPlugin$$Lambda$911/0x000000080092dc40@1d47e2c9)
2026-05-24 12:38:00 CDT [AWT-EventQueue-0] DEBUG n.runelite.client.eventbus.EventBus - Registering class net.runelite.api.events.MenuEntryAdded - EventBus.Subscriber(object=net.runelite.client.plugins.fairyring.FairyRingPlugin@18b8d173, method=public void net.runelite.client.plugins.fairyring.FairyRingPlugin.onMenuEntryAdded(net.runelite.api.events.MenuEntryAdded), priority=0.0, lambda=net.runelite.client.plugins.fairyring.FairyRingPlugin$$Lambda$912/0x000000080092e040@4685b980)
2026-05-24 12:38:00 CDT [AWT-EventQueue-0] DEBUG n.runelite.client.eventbus.EventBus - Registering class net.runelite.api.events.ScriptPreFired - EventBus.Subscriber(object=net.runelite.client.plugins.wiki.WikiDpsManager@26533734, method=public void net.runelite.client.plugins.wiki.WikiDpsManager.onScriptPreFired(net.runelite.api.events.ScriptPreFired), priority=0.0, lambda=net.runelite.client.plugins.wiki.WikiDpsManager$$Lambda$914/0x000000080092e840@4d71d3c7)
2026-05-24 12:38:00 CDT [AWT-EventQueue-0] DEBUG n.r.client.plugins.PluginManager - Plugin WikiPlugin is now running
2026-05-24 12:38:00 CDT [AWT-EventQueue-0] DEBUG n.runelite.client.eventbus.EventBus - Registering class net.runelite.api.events.MenuOptionClicked - EventBus.Subscriber(object=net.runelite.client.plugins.wiki.WikiPlugin@242b6e1a, method=private void net.runelite.client.plugins.wiki.WikiPlugin.onMenuOptionClicked(net.runelite.api.events.MenuOptionClicked), priority=0.0, lambda=net.runelite.client.plugins.wiki.WikiPlugin$$Lambda$916/0x000000080092f040@4f6d07e4)
2026-05-24 12:38:00 CDT [AWT-EventQueue-0] DEBUG n.runelite.client.eventbus.EventBus - Registering class net.runelite.client.events.ConfigChanged - EventBus.Subscriber(object=net.runelite.client.plugins.wiki.WikiPlugin@242b6e1a, method=public void net.runelite.client.plugins.wiki.WikiPlugin.onConfigChanged(net.runelite.client.events.ConfigChanged), priority=0.0, lambda=net.runelite.client.plugins.wiki.WikiPlugin$$Lambda$917/0x000000080092f440@8c811d8)
2026-05-24 12:38:00 CDT [AWT-EventQueue-0] DEBUG n.runelite.client.eventbus.EventBus - Registering class net.runelite.api.events.WidgetLoaded - EventBus.Subscriber(object=net.runelite.client.plugins.wiki.WikiPlugin@242b6e1a, method=private void net.runelite.client.plugins.wiki.WikiPlugin.onWidgetLoaded(net.runelite.api.events.WidgetLoaded), priority=0.0, lambda=net.runelite.client.plugins.wiki.WikiPlugin$$Lambda$918/0x000000080092f840@1c941cda)
2026-05-24 12:38:00 CDT [AWT-EventQueue-0] DEBUG n.runelite.client.eventbus.EventBus - Registering class net.runelite.api.events.MenuEntryAdded - EventBus.Subscriber(object=net.runelite.client.plugins.wiki.WikiPlugin@242b6e1a, method=public void net.runelite.client.plugins.wiki.WikiPlugin.onMenuEntryAdded(net.runelite.api.events.MenuEntryAdded), priority=0.0, lambda=net.runelite.client.plugins.wiki.WikiPlugin$$Lambda$919/0x000000080092fc40@500eb956)
2026-05-24 12:38:00 CDT [AWT-EventQueue-0] DEBUG n.runelite.client.eventbus.EventBus - Registering class net.runelite.api.events.ScriptPostFired - EventBus.Subscriber(object=net.runelite.client.plugins.wiki.WikiPlugin@242b6e1a, method=public void net.runelite.client.plugins.wiki.WikiPlugin.onScriptPostFired(net.runelite.api.events.ScriptPostFired), priority=0.0, lambda=net.runelite.client.plugins.wiki.WikiPlugin$$Lambda$920/0x0000000800930040@5c62d5f7)
2026-05-24 12:38:00 CDT [AWT-EventQueue-0] DEBUG n.r.client.plugins.PluginManager - Plugin GpuPlugin is now running
2026-05-24 12:38:00 CDT [AWT-EventQueue-0] DEBUG n.runelite.client.eventbus.EventBus - Registering class net.runelite.client.events.ConfigChanged - EventBus.Subscriber(object=net.runelite.client.plugins.gpu.GpuPlugin@4dba773d, method=public void net.runelite.client.plugins.gpu.GpuPlugin.onConfigChanged(net.runelite.client.events.ConfigChanged), priority=0.0, lambda=net.runelite.client.plugins.gpu.GpuPlugin$$Lambda$924/0x0000000800931040@5a2ea2b2)
2026-05-24 12:38:00 CDT [AWT-EventQueue-0] DEBUG n.runelite.client.eventbus.EventBus - Registering class net.runelite.api.events.GameStateChanged - EventBus.Subscriber(object=net.runelite.client.plugins.gpu.GpuPlugin@4dba773d, method=public void net.runelite.client.plugins.gpu.GpuPlugin.onGameStateChanged(net.runelite.api.events.GameStateChanged), priority=0.0, lambda=net.runelite.client.plugins.gpu.GpuPlugin$$Lambda$925/0x0000000800931440@361bdcfc)
2026-05-24 12:38:00 CDT [AWT-EventQueue-0] DEBUG n.runelite.client.eventbus.EventBus - Registering class net.runelite.api.events.PostClientTick - EventBus.Subscriber(object=net.runelite.client.plugins.gpu.GpuPlugin@4dba773d, method=public void net.runelite.client.plugins.gpu.GpuPlugin.onPostClientTick(net.runelite.api.events.PostClientTick), priority=0.0, lambda=net.runelite.client.plugins.gpu.GpuPlugin$$Lambda$926/0x0000000800931840@30ad673c)
2026-05-24 12:38:00 CDT [AWT-EventQueue-0] DEBUG net.runelite.client.input.KeyManager - Registering key listener: net.runelite.client.plugins.keyremapping.KeyRemappingListener@70efe202
2026-05-24 12:38:00 CDT [AWT-EventQueue-0] DEBUG n.r.client.plugins.PluginManager - Plugin KeyRemappingPlugin is now running
2026-05-24 12:38:00 CDT [AWT-EventQueue-0] DEBUG n.runelite.client.eventbus.EventBus - Registering class net.runelite.api.events.ScriptCallbackEvent - EventBus.Subscriber(object=net.runelite.client.plugins.keyremapping.KeyRemappingPlugin@21505815, method=public void net.runelite.client.plugins.keyremapping.KeyRemappingPlugin.onScriptCallbackEvent(net.runelite.api.events.ScriptCallbackEvent), priority=0.0, lambda=net.runelite.client.plugins.keyremapping.KeyRemappingPlugin$$Lambda$928/0x0000000800932040@5c01b56e)
2026-05-24 12:38:00 CDT [AWT-EventQueue-0] DEBUG n.r.client.plugins.PluginManager - Plugin PestControlPlugin is now running
2026-05-24 12:38:00 CDT [AWT-EventQueue-0] DEBUG n.runelite.client.eventbus.EventBus - Registering class net.runelite.api.events.GameStateChanged - EventBus.Subscriber(object=net.runelite.client.plugins.pestcontrol.PestControlPlugin@63884e4, method=public void net.runelite.client.plugins.pestcontrol.PestControlPlugin.onGameStateChanged(net.runelite.api.events.GameStateChanged), priority=0.0, lambda=net.runelite.client.plugins.pestcontrol.PestControlPlugin$$Lambda$929/0x0000000800932440@1d4e4acc)
2026-05-24 12:38:00 CDT [AWT-EventQueue-0] DEBUG n.runelite.client.eventbus.EventBus - Registering class net.runelite.api.events.NpcDespawned - EventBus.Subscriber(object=net.runelite.client.plugins.pestcontrol.PestControlPlugin@63884e4, method=public void net.runelite.client.plugins.pestcontrol.PestControlPlugin.onNpcDespawned(net.runelite.api.events.NpcDespawned), priority=0.0, lambda=net.runelite.client.plugins.pestcontrol.PestControlPlugin$$Lambda$930/0x0000000800932840@63e309cf)
2026-05-24 12:38:00 CDT [AWT-EventQueue-0] DEBUG n.runelite.client.eventbus.EventBus - Registering class net.runelite.api.events.NpcSpawned - EventBus.Subscriber(object=net.runelite.client.plugins.pestcontrol.PestControlPlugin@63884e4, method=public void net.runelite.client.plugins.pestcontrol.PestControlPlugin.onNpcSpawned(net.runelite.api.events.NpcSpawned), priority=0.0, lambda=net.runelite.client.plugins.pestcontrol.PestControlPlugin$$Lambda$931/0x0000000800932c40@52238ab2)
2026-05-24 12:38:00 CDT [AWT-EventQueue-0] DEBUG n.runelite.client.eventbus.EventBus - Registering class net.runelite.api.events.ChatMessage - EventBus.Subscriber(object=net.runelite.client.plugins.pestcontrol.PestControlPlugin@63884e4, method=public void net.runelite.client.plugins.pestcontrol.PestControlPlugin.onChatMessage(net.runelite.api.events.ChatMessage), priority=0.0, lambda=net.runelite.client.plugins.pestcontrol.PestControlPlugin$$Lambda$932/0x0000000800933040@589d89de)
2026-05-24 12:38:00 CDT [AWT-EventQueue-0] DEBUG n.r.client.plugins.PluginManager - Plugin CombatLevelPlugin is now running
2026-05-24 12:38:00 CDT [AWT-EventQueue-0] DEBUG n.runelite.client.eventbus.EventBus - Registering class net.runelite.client.events.ConfigChanged - EventBus.Subscriber(object=net.runelite.client.plugins.combatlevel.CombatLevelPlugin@3b920bdc, method=public void net.runelite.client.plugins.combatlevel.CombatLevelPlugin.onConfigChanged(net.runelite.client.events.ConfigChanged), priority=0.0, lambda=net.runelite.client.plugins.combatlevel.CombatLevelPlugin$$Lambda$933/0x0000000800933440@70657ed2)
2026-05-24 12:38:00 CDT [AWT-EventQueue-0] DEBUG n.runelite.client.eventbus.EventBus - Registering class net.runelite.api.events.StatChanged - EventBus.Subscriber(object=net.runelite.client.plugins.combatlevel.CombatLevelPlugin@3b920bdc, method=private void net.runelite.client.plugins.combatlevel.CombatLevelPlugin.onStatChanged(net.runelite.api.events.StatChanged), priority=0.0, lambda=net.runelite.client.plugins.combatlevel.CombatLevelPlugin$$Lambda$934/0x0000000800933840@5f2e460c)
2026-05-24 12:38:00 CDT [AWT-EventQueue-0] DEBUG n.runelite.client.eventbus.EventBus - Registering class net.runelite.api.events.ScriptPreFired - EventBus.Subscriber(object=net.runelite.client.plugins.combatlevel.CombatLevelPlugin@3b920bdc, method=public void net.runelite.client.plugins.combatlevel.CombatLevelPlugin.onScriptPreFired(net.runelite.api.events.ScriptPreFired), priority=0.0, lambda=net.runelite.client.plugins.combatlevel.CombatLevelPlugin$$Lambda$935/0x0000000800933c40@1c5f7c13)
2026-05-24 12:38:00 CDT [AWT-EventQueue-0] DEBUG n.runelite.client.eventbus.EventBus - Registering class net.runelite.api.events.ScriptPostFired - EventBus.Subscriber(object=net.runelite.client.plugins.combatlevel.CombatLevelPlugin@3b920bdc, method=public void net.runelite.client.plugins.combatlevel.CombatLevelPlugin.onScriptPostFired(net.runelite.api.events.ScriptPostFired), priority=0.0, lambda=net.runelite.client.plugins.combatlevel.CombatLevelPlugin$$Lambda$936/0x0000000800934040@24f29fdd)
2026-05-24 12:38:00 CDT [AWT-EventQueue-0] DEBUG n.r.client.plugins.PluginManager - Plugin ItemChargePlugin is now running
2026-05-24 12:38:00 CDT [AWT-EventQueue-0] DEBUG n.runelite.client.eventbus.EventBus - Registering class net.runelite.api.events.ItemContainerChanged - EventBus.Subscriber(object=net.runelite.client.plugins.itemcharges.ItemChargePlugin@2e645fbd, method=public void net.runelite.client.plugins.itemcharges.ItemChargePlugin.onItemContainerChanged(net.runelite.api.events.ItemContainerChanged), priority=0.0, lambda=net.runelite.client.plugins.itemcharges.ItemChargePlugin$$Lambda$937/0x0000000800934440@387f5de2)
2026-05-24 12:38:00 CDT [AWT-EventQueue-0] DEBUG n.runelite.client.eventbus.EventBus - Registering class net.runelite.client.events.ConfigChanged - EventBus.Subscriber(object=net.runelite.client.plugins.itemcharges.ItemChargePlugin@2e645fbd, method=public void net.runelite.client.plugins.itemcharges.ItemChargePlugin.onConfigChanged(net.runelite.client.events.ConfigChanged), priority=0.0, lambda=net.runelite.client.plugins.itemcharges.ItemChargePlugin$$Lambda$938/0x0000000800934840@7676206b)
2026-05-24 12:38:00 CDT [AWT-EventQueue-0] DEBUG n.runelite.client.eventbus.EventBus - Registering class net.runelite.api.events.GameStateChanged - EventBus.Subscriber(object=net.runelite.client.plugins.itemcharges.ItemChargePlugin@2e645fbd, method=public void net.runelite.client.plugins.itemcharges.ItemChargePlugin.onGameStateChanged(net.runelite.api.events.GameStateChanged), priority=0.0, lambda=net.runelite.client.plugins.itemcharges.ItemChargePlugin$$Lambda$939/0x0000000800934c40@6f6812bc)
2026-05-24 12:38:00 CDT [AWT-EventQueue-0] DEBUG n.runelite.client.eventbus.EventBus - Registering class net.runelite.api.events.VarbitChanged - EventBus.Subscriber(object=net.runelite.client.plugins.itemcharges.ItemChargePlugin@2e645fbd, method=private void net.runelite.client.plugins.itemcharges.ItemChargePlugin.onVarbitChanged(net.runelite.api.events.VarbitChanged), priority=0.0, lambda=net.runelite.client.plugins.itemcharges.ItemChargePlugin$$Lambda$940/0x0000000800935040@3982cdca)
2026-05-24 12:38:00 CDT [AWT-EventQueue-0] DEBUG n.runelite.client.eventbus.EventBus - Registering class net.runelite.api.events.WidgetLoaded - EventBus.Subscriber(object=net.runelite.client.plugins.itemcharges.ItemChargePlugin@2e645fbd, method=public void net.runelite.client.plugins.itemcharges.ItemChargePlugin.onWidgetLoaded(net.runelite.api.events.WidgetLoaded), priority=0.0, lambda=net.runelite.client.plugins.itemcharges.ItemChargePlugin$$Lambda$941/0x0000000800935440@6d44d8a8)
2026-05-24 12:38:00 CDT [AWT-EventQueue-0] DEBUG n.runelite.client.eventbus.EventBus - Registering class net.runelite.api.events.ChatMessage - EventBus.Subscriber(object=net.runelite.client.plugins.itemcharges.ItemChargePlugin@2e645fbd, method=public void net.runelite.client.plugins.itemcharges.ItemChargePlugin.onChatMessage(net.runelite.api.events.ChatMessage), priority=0.0, lambda=net.runelite.client.plugins.itemcharges.ItemChargePlugin$$Lambda$942/0x0000000800935840@3a3749d1)
2026-05-24 12:38:00 CDT [AWT-EventQueue-0] DEBUG n.runelite.client.eventbus.EventBus - Registering class net.runelite.api.events.MenuOptionClicked - EventBus.Subscriber(object=net.runelite.client.plugins.timetracking.farming.CompostTracker@67998cf4, method=public void net.runelite.client.plugins.timetracking.farming.CompostTracker.onMenuOptionClicked(net.runelite.api.events.MenuOptionClicked), priority=0.0, lambda=net.runelite.client.plugins.timetracking.farming.CompostTracker$$Lambda$943/0x0000000800935c40@19768cb4)
2026-05-24 12:38:00 CDT [AWT-EventQueue-0] DEBUG n.runelite.client.eventbus.EventBus - Registering class net.runelite.api.events.GameStateChanged - EventBus.Subscriber(object=net.runelite.client.plugins.timetracking.farming.CompostTracker@67998cf4, method=public void net.runelite.client.plugins.timetracking.farming.CompostTracker.onGameStateChanged(net.runelite.api.events.GameStateChanged), priority=0.0, lambda=net.runelite.client.plugins.timetracking.farming.CompostTracker$$Lambda$944/0x0000000800936040@37013165)
2026-05-24 12:38:00 CDT [AWT-EventQueue-0] DEBUG n.runelite.client.eventbus.EventBus - Registering class net.runelite.api.events.ChatMessage - EventBus.Subscriber(object=net.runelite.client.plugins.timetracking.farming.CompostTracker@67998cf4, method=public void net.runelite.client.plugins.timetracking.farming.CompostTracker.onChatMessage(net.runelite.api.events.ChatMessage), priority=0.0, lambda=net.runelite.client.plugins.timetracking.farming.CompostTracker$$Lambda$945/0x0000000800936440@31eac94f)
2026-05-24 12:38:00 CDT [AWT-EventQueue-0] DEBUG n.runelite.client.eventbus.EventBus - Registering class net.runelite.api.events.MenuOptionClicked - EventBus.Subscriber(object=net.runelite.client.plugins.timetracking.farming.PaymentTracker@3e42046, method=public void net.runelite.client.plugins.timetracking.farming.PaymentTracker.onMenuOptionClicked(net.runelite.api.events.MenuOptionClicked), priority=0.0, lambda=net.runelite.client.plugins.timetracking.farming.PaymentTracker$$Lambda$946/0x0000000800936840@38a1436a)
2026-05-24 12:38:00 CDT [AWT-EventQueue-0] DEBUG n.runelite.client.eventbus.EventBus - Registering class net.runelite.api.events.GameTick - EventBus.Subscriber(object=net.runelite.client.plugins.timetracking.farming.PaymentTracker@3e42046, method=public void net.runelite.client.plugins.timetracking.farming.PaymentTracker.onGameTick(net.runelite.api.events.GameTick), priority=0.0, lambda=net.runelite.client.plugins.timetracking.farming.PaymentTracker$$Lambda$947/0x0000000800936c40@672a0ed8)
2026-05-24 12:38:00 CDT [AWT-EventQueue-0] DEBUG n.runelite.client.eventbus.EventBus - Registering class net.runelite.api.events.ScriptPreFired - EventBus.Subscriber(object=net.runelite.client.plugins.timetracking.farming.PaymentTracker@3e42046, method=public void net.runelite.client.plugins.timetracking.farming.PaymentTracker.onScriptPreFired(net.runelite.api.events.ScriptPreFired), priority=0.0, lambda=net.runelite.client.plugins.timetracking.farming.PaymentTracker$$Lambda$948/0x0000000800937040@776645bf)
2026-05-24 12:38:00 CDT [AWT-EventQueue-0] DEBUG n.runelite.client.eventbus.EventBus - Registering class net.runelite.api.events.ChatMessage - EventBus.Subscriber(object=net.runelite.client.plugins.timetracking.farming.PaymentTracker@3e42046, method=public void net.runelite.client.plugins.timetracking.farming.PaymentTracker.onChatMessage(net.runelite.api.events.ChatMessage), priority=0.0, lambda=net.runelite.client.plugins.timetracking.farming.PaymentTracker$$Lambda$949/0x0000000800937440@2d2ac5d8)
2026-05-24 12:38:00 CDT [AWT-EventQueue-0] DEBUG n.r.client.plugins.PluginManager - Plugin TimeTrackingPlugin is now running
2026-05-24 12:38:00 CDT [AWT-EventQueue-0] DEBUG n.runelite.client.eventbus.EventBus - Registering class net.runelite.client.events.ConfigChanged - EventBus.Subscriber(object=net.runelite.client.plugins.timetracking.TimeTrackingPlugin@1afd72ef, method=public void net.runelite.client.plugins.timetracking.TimeTrackingPlugin.onConfigChanged(net.runelite.client.events.ConfigChanged), priority=0.0, lambda=net.runelite.client.plugins.timetracking.TimeTrackingPlugin$$Lambda$967/0x000000080094ac40@1fecf927)
2026-05-24 12:38:00 CDT [AWT-EventQueue-0] DEBUG n.runelite.client.eventbus.EventBus - Registering class net.runelite.api.events.GameTick - EventBus.Subscriber(object=net.runelite.client.plugins.timetracking.TimeTrackingPlugin@1afd72ef, method=public void net.runelite.client.plugins.timetracking.TimeTrackingPlugin.onGameTick(net.runelite.api.events.GameTick), priority=0.0, lambda=net.runelite.client.plugins.timetracking.TimeTrackingPlugin$$Lambda$968/0x000000080094b040@77497e8)
2026-05-24 12:38:00 CDT [AWT-EventQueue-0] DEBUG n.runelite.client.eventbus.EventBus - Registering class net.runelite.api.events.WidgetClosed - EventBus.Subscriber(object=net.runelite.client.plugins.timetracking.TimeTrackingPlugin@1afd72ef, method=private void net.runelite.client.plugins.timetracking.TimeTrackingPlugin.onWidgetClosed(net.runelite.api.events.WidgetClosed), priority=0.0, lambda=net.runelite.client.plugins.timetracking.TimeTrackingPlugin$$Lambda$969/0x000000080094b440@75834e4e)
2026-05-24 12:38:00 CDT [AWT-EventQueue-0] DEBUG n.runelite.client.eventbus.EventBus - Registering class net.runelite.client.events.RuneScapeProfileChanged - EventBus.Subscriber(object=net.runelite.client.plugins.timetracking.TimeTrackingPlugin@1afd72ef, method=public void net.runelite.client.plugins.timetracking.TimeTrackingPlugin.onRuneScapeProfileChanged(net.runelite.client.events.RuneScapeProfileChanged), priority=0.0, lambda=net.runelite.client.plugins.timetracking.TimeTrackingPlugin$$Lambda$970/0x000000080094b840@78de6a17)
2026-05-24 12:38:00 CDT [AWT-EventQueue-0] DEBUG n.runelite.client.eventbus.EventBus - Registering class net.runelite.api.events.CommandExecuted - EventBus.Subscriber(object=net.runelite.client.plugins.timetracking.TimeTrackingPlugin@1afd72ef, method=public void net.runelite.client.plugins.timetracking.TimeTrackingPlugin.onCommandExecuted(net.runelite.api.events.CommandExecuted), priority=0.0, lambda=net.runelite.client.plugins.timetracking.TimeTrackingPlugin$$Lambda$971/0x000000080094bc40@6fbe8f58)
2026-05-24 12:38:00 CDT [AWT-EventQueue-0] DEBUG n.runelite.client.eventbus.EventBus - Registering class net.runelite.api.events.ChatMessage - EventBus.Subscriber(object=net.runelite.client.plugins.timetracking.TimeTrackingPlugin@1afd72ef, method=public void net.runelite.client.plugins.timetracking.TimeTrackingPlugin.onChatMessage(net.runelite.api.events.ChatMessage), priority=0.0, lambda=net.runelite.client.plugins.timetracking.TimeTrackingPlugin$$Lambda$972/0x000000080094c040@c0f9f48)
2026-05-24 12:38:00 CDT [AWT-EventQueue-0] DEBUG n.r.client.plugins.PluginManager - Plugin BlastFurnacePlugin is now running
2026-05-24 12:38:00 CDT [AWT-EventQueue-0] DEBUG n.runelite.client.eventbus.EventBus - Registering class net.runelite.api.events.GameObjectSpawned - EventBus.Subscriber(object=net.runelite.client.plugins.blastfurnace.BlastFurnacePlugin@63d4f0a2, method=public void net.runelite.client.plugins.blastfurnace.BlastFurnacePlugin.onGameObjectSpawned(net.runelite.api.events.GameObjectSpawned), priority=0.0, lambda=net.runelite.client.plugins.blastfurnace.BlastFurnacePlugin$$Lambda$973/0x000000080094c440@41e09ad3)
2026-05-24 12:38:00 CDT [AWT-EventQueue-0] DEBUG n.runelite.client.eventbus.EventBus - Registering class net.runelite.api.events.GameObjectDespawned - EventBus.Subscriber(object=net.runelite.client.plugins.blastfurnace.BlastFurnacePlugin@63d4f0a2, method=public void net.runelite.client.plugins.blastfurnace.BlastFurnacePlugin.onGameObjectDespawned(net.runelite.api.events.GameObjectDespawned), priority=0.0, lambda=net.runelite.client.plugins.blastfurnace.BlastFurnacePlugin$$Lambda$974/0x000000080094c840@6e6cdf6b)
2026-05-24 12:38:00 CDT [AWT-EventQueue-0] DEBUG n.runelite.client.eventbus.EventBus - Registering class net.runelite.api.events.GameTick - EventBus.Subscriber(object=net.runelite.client.plugins.blastfurnace.BlastFurnacePlugin@63d4f0a2, method=public void net.runelite.client.plugins.blastfurnace.BlastFurnacePlugin.onGameTick(net.runelite.api.events.GameTick), priority=0.0, lambda=net.runelite.client.plugins.blastfurnace.BlastFurnacePlugin$$Lambda$975/0x000000080094cc40@5d86f89a)
2026-05-24 12:38:00 CDT [AWT-EventQueue-0] DEBUG n.runelite.client.eventbus.EventBus - Registering class net.runelite.api.events.GameStateChanged - EventBus.Subscriber(object=net.runelite.client.plugins.blastfurnace.BlastFurnacePlugin@63d4f0a2, method=public void net.runelite.client.plugins.blastfurnace.BlastFurnacePlugin.onGameStateChanged(net.runelite.api.events.GameStateChanged), priority=0.0, lambda=net.runelite.client.plugins.blastfurnace.BlastFurnacePlugin$$Lambda$976/0x000000080094d040@75dde8e)
2026-05-24 12:38:00 CDT [AWT-EventQueue-0] DEBUG n.runelite.client.eventbus.EventBus - Registering class net.runelite.api.events.MenuOptionClicked - EventBus.Subscriber(object=net.runelite.client.plugins.prayer.PrayerReorder@6b9c6266, method=public void net.runelite.client.plugins.prayer.PrayerReorder.onMenuOptionClicked(net.runelite.api.events.MenuOptionClicked), priority=0.0, lambda=net.runelite.client.plugins.prayer.PrayerReorder$$Lambda$980/0x000000080094e040@1db0a3f7)
2026-05-24 12:38:00 CDT [AWT-EventQueue-0] DEBUG n.runelite.client.eventbus.EventBus - Registering class net.runelite.client.events.ProfileChanged - EventBus.Subscriber(object=net.runelite.client.plugins.prayer.PrayerReorder@6b9c6266, method=public void net.runelite.client.plugins.prayer.PrayerReorder.onProfileChanged(net.runelite.client.events.ProfileChanged), priority=0.0, lambda=net.runelite.client.plugins.prayer.PrayerReorder$$Lambda$981/0x000000080094e440@19f6692f)
2026-05-24 12:38:00 CDT [AWT-EventQueue-0] DEBUG n.runelite.client.eventbus.EventBus - Registering class net.runelite.api.events.WidgetDrag - EventBus.Subscriber(object=net.runelite.client.plugins.prayer.PrayerReorder@6b9c6266, method=public void net.runelite.client.plugins.prayer.PrayerReorder.onWidgetDrag(net.runelite.api.events.WidgetDrag), priority=0.0, lambda=net.runelite.client.plugins.prayer.PrayerReorder$$Lambda$982/0x000000080094e840@9c601e7)
2026-05-24 12:38:00 CDT [AWT-EventQueue-0] DEBUG n.runelite.client.eventbus.EventBus - Registering class net.runelite.api.events.ScriptPostFired - EventBus.Subscriber(object=net.runelite.client.plugins.prayer.PrayerReorder@6b9c6266, method=public void net.runelite.client.plugins.prayer.PrayerReorder.onScriptPostFired(net.runelite.api.events.ScriptPostFired), priority=0.0, lambda=net.runelite.client.plugins.prayer.PrayerReorder$$Lambda$983/0x000000080094ec40@548ad655)
2026-05-24 12:38:00 CDT [AWT-EventQueue-0] DEBUG n.r.client.plugins.PluginManager - Plugin PrayerPlugin is now running
2026-05-24 12:38:00 CDT [AWT-EventQueue-0] DEBUG n.runelite.client.eventbus.EventBus - Registering class net.runelite.api.events.ItemContainerChanged - EventBus.Subscriber(object=net.runelite.client.plugins.prayer.PrayerPlugin@6a6f6c7e, method=public void net.runelite.client.plugins.prayer.PrayerPlugin.onItemContainerChanged(net.runelite.api.events.ItemContainerChanged), priority=0.0, lambda=net.runelite.client.plugins.prayer.PrayerPlugin$$Lambda$984/0x000000080094f040@712e62bb)
2026-05-24 12:38:00 CDT [AWT-EventQueue-0] DEBUG n.runelite.client.eventbus.EventBus - Registering class net.runelite.client.events.ConfigChanged - EventBus.Subscriber(object=net.runelite.client.plugins.prayer.PrayerPlugin@6a6f6c7e, method=private void net.runelite.client.plugins.prayer.PrayerPlugin.onConfigChanged(net.runelite.client.events.ConfigChanged), priority=0.0, lambda=net.runelite.client.plugins.prayer.PrayerPlugin$$Lambda$985/0x000000080094f440@76b3213b)
2026-05-24 12:38:00 CDT [AWT-EventQueue-0] DEBUG n.runelite.client.eventbus.EventBus - Registering class net.runelite.api.events.GameTick - EventBus.Subscriber(object=net.runelite.client.plugins.prayer.PrayerPlugin@6a6f6c7e, method=public void net.runelite.client.plugins.prayer.PrayerPlugin.onGameTick(net.runelite.api.events.GameTick), priority=0.0, lambda=net.runelite.client.plugins.prayer.PrayerPlugin$$Lambda$986/0x000000080094f840@48b359a8)
2026-05-24 12:38:00 CDT [AWT-EventQueue-0] DEBUG n.r.client.plugins.PluginManager - Plugin DefaultWorldPlugin is now running
2026-05-24 12:38:00 CDT [AWT-EventQueue-0] DEBUG n.runelite.client.eventbus.EventBus - Registering class net.runelite.api.events.WorldChanged - EventBus.Subscriber(object=net.runelite.client.plugins.defaultworld.DefaultWorldPlugin@4d266391, method=public void net.runelite.client.plugins.defaultworld.DefaultWorldPlugin.onWorldChanged(net.runelite.api.events.WorldChanged), priority=0.0, lambda=net.runelite.client.plugins.defaultworld.DefaultWorldPlugin$$Lambda$988/0x0000000800950040@405ae1f)
2026-05-24 12:38:00 CDT [Client] DEBUG n.r.c.p.d.DefaultWorldPlugin - Saving last world 380
2026-05-24 12:38:00 CDT [Client] DEBUG n.r.c.p.d.DefaultWorldPlugin - Applied new world 380
2026-05-24 12:38:00 CDT [AWT-EventQueue-0] DEBUG n.runelite.client.eventbus.EventBus - Registering class net.runelite.client.events.SessionClose - EventBus.Subscriber(object=net.runelite.client.plugins.info.InfoPanel[,0,0,0x0,invalid,layout=java.awt.BorderLayout,alignmentX=0.0,alignmentY=0.0,border=javax.swing.border.EmptyBorder@5499d74c,flags=9,maximumSize=,minimumSize=,preferredSize=], method=public void net.runelite.client.plugins.info.InfoPanel.onSessionClose(net.runelite.client.events.SessionClose), priority=0.0, lambda=net.runelite.client.plugins.info.InfoPanel$$Lambda$1007/0x0000000800970040@381d402e)
2026-05-24 12:38:00 CDT [AWT-EventQueue-0] DEBUG n.runelite.client.eventbus.EventBus - Registering class net.runelite.client.events.SessionOpen - EventBus.Subscriber(object=net.runelite.client.plugins.info.InfoPanel[,0,0,0x0,invalid,layout=java.awt.BorderLayout,alignmentX=0.0,alignmentY=0.0,border=javax.swing.border.EmptyBorder@5499d74c,flags=9,maximumSize=,minimumSize=,preferredSize=], method=public void net.runelite.client.plugins.info.InfoPanel.onSessionOpen(net.runelite.client.events.SessionOpen), priority=0.0, lambda=net.runelite.client.plugins.info.InfoPanel$$Lambda$1008/0x0000000800970440@16365849)
2026-05-24 12:38:00 CDT [AWT-EventQueue-0] DEBUG n.r.client.plugins.PluginManager - Plugin InfoPlugin is now running
2026-05-24 12:38:00 CDT [AWT-EventQueue-0] DEBUG net.runelite.client.input.KeyManager - Registering key listener: net.runelite.client.plugins.raids.RaidsPlugin$1@ea73716
2026-05-24 12:38:00 CDT [AWT-EventQueue-0] DEBUG n.r.client.plugins.PluginManager - Plugin RaidsPlugin is now running
2026-05-24 12:38:00 CDT [AWT-EventQueue-0] DEBUG n.runelite.client.eventbus.EventBus - Registering class net.runelite.client.events.ConfigChanged - EventBus.Subscriber(object=net.runelite.client.plugins.raids.RaidsPlugin@313f8301, method=public void net.runelite.client.plugins.raids.RaidsPlugin.onConfigChanged(net.runelite.client.events.ConfigChanged), priority=0.0, lambda=net.runelite.client.plugins.raids.RaidsPlugin$$Lambda$1012/0x0000000800971440@1e091f7a)
2026-05-24 12:38:00 CDT [AWT-EventQueue-0] DEBUG n.runelite.client.eventbus.EventBus - Registering class net.runelite.api.events.GameStateChanged - EventBus.Subscriber(object=net.runelite.client.plugins.raids.RaidsPlugin@313f8301, method=public void net.runelite.client.plugins.raids.RaidsPlugin.onGameStateChanged(net.runelite.api.events.GameStateChanged), priority=0.0, lambda=net.runelite.client.plugins.raids.RaidsPlugin$$Lambda$1013/0x0000000800971840@3420972f)
2026-05-24 12:38:00 CDT [AWT-EventQueue-0] DEBUG n.runelite.client.eventbus.EventBus - Registering class net.runelite.api.events.VarbitChanged - EventBus.Subscriber(object=net.runelite.client.plugins.raids.RaidsPlugin@313f8301, method=public void net.runelite.client.plugins.raids.RaidsPlugin.onVarbitChanged(net.runelite.api.events.VarbitChanged), priority=0.0, lambda=net.runelite.client.plugins.raids.RaidsPlugin$$Lambda$1014/0x0000000800971c40@498d917c)
2026-05-24 12:38:00 CDT [AWT-EventQueue-0] DEBUG n.runelite.client.eventbus.EventBus - Registering class net.runelite.api.events.ChatMessage - EventBus.Subscriber(object=net.runelite.client.plugins.raids.RaidsPlugin@313f8301, method=public void net.runelite.client.plugins.raids.RaidsPlugin.onChatMessage(net.runelite.api.events.ChatMessage), priority=0.0, lambda=net.runelite.client.plugins.raids.RaidsPlugin$$Lambda$1015/0x0000000800972040@3a91eee2)
2026-05-24 12:38:00 CDT [AWT-EventQueue-0] DEBUG n.r.client.plugins.PluginManager - Plugin SlayerPlugin is now running
2026-05-24 12:38:00 CDT [AWT-EventQueue-0] DEBUG n.runelite.client.eventbus.EventBus - Registering class net.runelite.api.events.MenuOptionClicked - EventBus.Subscriber(object=net.runelite.client.plugins.slayer.SlayerPlugin@67de7a99, method=public void net.runelite.client.plugins.slayer.SlayerPlugin.onMenuOptionClicked(net.runelite.api.events.MenuOptionClicked), priority=0.0, lambda=net.runelite.client.plugins.slayer.SlayerPlugin$$Lambda$1019/0x0000000800973440@401a93e6)
2026-05-24 12:38:00 CDT [AWT-EventQueue-0] DEBUG n.runelite.client.eventbus.EventBus - Registering class net.runelite.client.events.ConfigChanged - EventBus.Subscriber(object=net.runelite.client.plugins.slayer.SlayerPlugin@67de7a99, method=private void net.runelite.client.plugins.slayer.SlayerPlugin.onConfigChanged(net.runelite.client.events.ConfigChanged), priority=0.0, lambda=net.runelite.client.plugins.slayer.SlayerPlugin$$Lambda$1020/0x0000000800973840@2d826ac7)
2026-05-24 12:38:00 CDT [AWT-EventQueue-0] DEBUG n.runelite.client.eventbus.EventBus - Registering class net.runelite.api.events.GameTick - EventBus.Subscriber(object=net.runelite.client.plugins.slayer.SlayerPlugin@67de7a99, method=public void net.runelite.client.plugins.slayer.SlayerPlugin.onGameTick(net.runelite.api.events.GameTick), priority=0.0, lambda=net.runelite.client.plugins.slayer.SlayerPlugin$$Lambda$1021/0x0000000800973c40@14d0ab9b)
2026-05-24 12:38:00 CDT [AWT-EventQueue-0] DEBUG n.runelite.client.eventbus.EventBus - Registering class net.runelite.api.events.GameStateChanged - EventBus.Subscriber(object=net.runelite.client.plugins.slayer.SlayerPlugin@67de7a99, method=public void net.runelite.client.plugins.slayer.SlayerPlugin.onGameStateChanged(net.runelite.api.events.GameStateChanged), priority=0.0, lambda=net.runelite.client.plugins.slayer.SlayerPlugin$$Lambda$1022/0x0000000800974040@52a40e10)
2026-05-24 12:38:00 CDT [AWT-EventQueue-0] DEBUG n.runelite.client.eventbus.EventBus - Registering class net.runelite.api.events.VarbitChanged - EventBus.Subscriber(object=net.runelite.client.plugins.slayer.SlayerPlugin@67de7a99, method=public void net.runelite.client.plugins.slayer.SlayerPlugin.onVarbitChanged(net.runelite.api.events.VarbitChanged), priority=0.0, lambda=net.runelite.client.plugins.slayer.SlayerPlugin$$Lambda$1023/0x0000000800974440@4f1a6287)
2026-05-24 12:38:00 CDT [AWT-EventQueue-0] DEBUG n.runelite.client.eventbus.EventBus - Registering class net.runelite.api.events.NpcDespawned - EventBus.Subscriber(object=net.runelite.client.plugins.slayer.SlayerPlugin@67de7a99, method=public void net.runelite.client.plugins.slayer.SlayerPlugin.onNpcDespawned(net.runelite.api.events.NpcDespawned), priority=0.0, lambda=net.runelite.client.plugins.slayer.SlayerPlugin$$Lambda$1024/0x0000000800974840@254238ef)
2026-05-24 12:38:00 CDT [AWT-EventQueue-0] DEBUG n.runelite.client.eventbus.EventBus - Registering class net.runelite.api.events.NpcSpawned - EventBus.Subscriber(object=net.runelite.client.plugins.slayer.SlayerPlugin@67de7a99, method=public void net.runelite.client.plugins.slayer.SlayerPlugin.onNpcSpawned(net.runelite.api.events.NpcSpawned), priority=0.0, lambda=net.runelite.client.plugins.slayer.SlayerPlugin$$Lambda$1025/0x0000000800974c40@5b803ca9)
2026-05-24 12:38:00 CDT [AWT-EventQueue-0] DEBUG n.runelite.client.eventbus.EventBus - Registering class net.runelite.api.events.CommandExecuted - EventBus.Subscriber(object=net.runelite.client.plugins.slayer.SlayerPlugin@67de7a99, method=public void net.runelite.client.plugins.slayer.SlayerPlugin.onCommandExecuted(net.runelite.api.events.CommandExecuted), priority=0.0, lambda=net.runelite.client.plugins.slayer.SlayerPlugin$$Lambda$1026/0x0000000800975040@1b65d781)
2026-05-24 12:38:00 CDT [AWT-EventQueue-0] DEBUG n.runelite.client.eventbus.EventBus - Registering class net.runelite.api.events.ChatMessage - EventBus.Subscriber(object=net.runelite.client.plugins.slayer.SlayerPlugin@67de7a99, method=public void net.runelite.client.plugins.slayer.SlayerPlugin.onChatMessage(net.runelite.api.events.ChatMessage), priority=0.0, lambda=net.runelite.client.plugins.slayer.SlayerPlugin$$Lambda$1027/0x0000000800975440@15181a82)
2026-05-24 12:38:00 CDT [AWT-EventQueue-0] DEBUG net.runelite.client.input.KeyManager - Registering key listener: net.runelite.client.plugins.screenshot.ScreenshotPlugin$1@1afdc542
2026-05-24 12:38:00 CDT [AWT-EventQueue-0] DEBUG n.r.client.plugins.PluginManager - Plugin ScreenshotPlugin is now running
2026-05-24 12:38:00 CDT [AWT-EventQueue-0] DEBUG n.runelite.client.eventbus.EventBus - Registering class net.runelite.api.events.GameTick - EventBus.Subscriber(object=net.runelite.client.plugins.screenshot.ScreenshotPlugin@39e69ea7, method=public void net.runelite.client.plugins.screenshot.ScreenshotPlugin.onGameTick(net.runelite.api.events.GameTick), priority=0.0, lambda=net.runelite.client.plugins.screenshot.ScreenshotPlugin$$Lambda$1030/0x0000000800976040@43b2102d)
2026-05-24 12:38:00 CDT [AWT-EventQueue-0] DEBUG n.runelite.client.eventbus.EventBus - Registering class net.runelite.api.events.AnimationChanged - EventBus.Subscriber(object=net.runelite.client.plugins.screenshot.ScreenshotPlugin@39e69ea7, method=public void net.runelite.client.plugins.screenshot.ScreenshotPlugin.onAnimationChanged(net.runelite.api.events.AnimationChanged), priority=0.0, lambda=net.runelite.client.plugins.screenshot.ScreenshotPlugin$$Lambda$1031/0x0000000800976440@7096e2a0)
2026-05-24 12:38:00 CDT [AWT-EventQueue-0] DEBUG n.runelite.client.eventbus.EventBus - Registering class net.runelite.api.events.ActorDeath - EventBus.Subscriber(object=net.runelite.client.plugins.screenshot.ScreenshotPlugin@39e69ea7, method=public void net.runelite.client.plugins.screenshot.ScreenshotPlugin.onActorDeath(net.runelite.api.events.ActorDeath), priority=0.0, lambda=net.runelite.client.plugins.screenshot.ScreenshotPlugin$$Lambda$1032/0x0000000800976840@7bcc0f11)
2026-05-24 12:38:00 CDT [AWT-EventQueue-0] DEBUG n.runelite.client.eventbus.EventBus - Registering class net.runelite.api.events.WidgetLoaded - EventBus.Subscriber(object=net.runelite.client.plugins.screenshot.ScreenshotPlugin@39e69ea7, method=public void net.runelite.client.plugins.screenshot.ScreenshotPlugin.onWidgetLoaded(net.runelite.api.events.WidgetLoaded), priority=0.0, lambda=net.runelite.client.plugins.screenshot.ScreenshotPlugin$$Lambda$1033/0x0000000800976c40@3a162c7e)
2026-05-24 12:38:00 CDT [AWT-EventQueue-0] DEBUG n.runelite.client.eventbus.EventBus - Registering class net.runelite.api.events.ScriptCallbackEvent - EventBus.Subscriber(object=net.runelite.client.plugins.screenshot.ScreenshotPlugin@39e69ea7, method=public void net.runelite.client.plugins.screenshot.ScreenshotPlugin.onScriptCallbackEvent(net.runelite.api.events.ScriptCallbackEvent), priority=0.0, lambda=net.runelite.client.plugins.screenshot.ScreenshotPlugin$$Lambda$1034/0x0000000800977040@6bd5f93d)
2026-05-24 12:38:00 CDT [AWT-EventQueue-0] DEBUG n.runelite.client.eventbus.EventBus - Registering class net.runelite.client.events.PlayerLootReceived - EventBus.Subscriber(object=net.runelite.client.plugins.screenshot.ScreenshotPlugin@39e69ea7, method=public void net.runelite.client.plugins.screenshot.ScreenshotPlugin.onPlayerLootReceived(net.runelite.client.events.PlayerLootReceived), priority=0.0, lambda=net.runelite.client.plugins.screenshot.ScreenshotPlugin$$Lambda$1035/0x0000000800977440@f82791e)
2026-05-24 12:38:00 CDT [AWT-EventQueue-0] DEBUG n.runelite.client.eventbus.EventBus - Registering class net.runelite.api.events.ScriptPreFired - EventBus.Subscriber(object=net.runelite.client.plugins.screenshot.ScreenshotPlugin@39e69ea7, method=public void net.runelite.client.plugins.screenshot.ScreenshotPlugin.onScriptPreFired(net.runelite.api.events.ScriptPreFired), priority=0.0, lambda=net.runelite.client.plugins.screenshot.ScreenshotPlugin$$Lambda$1036/0x0000000800977840@6d235b3d)
2026-05-24 12:38:00 CDT [AWT-EventQueue-0] DEBUG n.runelite.client.eventbus.EventBus - Registering class net.runelite.api.events.PostClientTick - EventBus.Subscriber(object=net.runelite.client.plugins.screenshot.ScreenshotPlugin@39e69ea7, method=private void net.runelite.client.plugins.screenshot.ScreenshotPlugin.onPostClientTick(net.runelite.api.events.PostClientTick), priority=0.0, lambda=net.runelite.client.plugins.screenshot.ScreenshotPlugin$$Lambda$1037/0x0000000800977c40@13ea3192)
2026-05-24 12:38:00 CDT [AWT-EventQueue-0] DEBUG n.runelite.client.eventbus.EventBus - Registering class net.runelite.api.events.ScriptPostFired - EventBus.Subscriber(object=net.runelite.client.plugins.screenshot.ScreenshotPlugin@39e69ea7, method=public void net.runelite.client.plugins.screenshot.ScreenshotPlugin.onScriptPostFired(net.runelite.api.events.ScriptPostFired), priority=0.0, lambda=net.runelite.client.plugins.screenshot.ScreenshotPlugin$$Lambda$1038/0x0000000800978040@17f6a773)
2026-05-24 12:38:00 CDT [AWT-EventQueue-0] DEBUG n.runelite.client.eventbus.EventBus - Registering class net.runelite.api.events.ChatMessage - EventBus.Subscriber(object=net.runelite.client.plugins.screenshot.ScreenshotPlugin@39e69ea7, method=public void net.runelite.client.plugins.screenshot.ScreenshotPlugin.onChatMessage(net.runelite.api.events.ChatMessage), priority=0.0, lambda=net.runelite.client.plugins.screenshot.ScreenshotPlugin$$Lambda$1039/0x0000000800978440@3d99bd58)
2026-05-24 12:38:00 CDT [AWT-EventQueue-0] DEBUG net.runelite.client.input.KeyManager - Registering key listener: net.runelite.client.plugins.bank.BankPlugin$1@8d57720
2026-05-24 12:38:00 CDT [AWT-EventQueue-0] DEBUG n.r.client.plugins.PluginManager - Plugin BankPlugin is now running
2026-05-24 12:38:00 CDT [AWT-EventQueue-0] DEBUG n.runelite.client.eventbus.EventBus - Registering class net.runelite.api.events.ItemContainerChanged - EventBus.Subscriber(object=net.runelite.client.plugins.bank.BankPlugin@39909d1a, method=public void net.runelite.client.plugins.bank.BankPlugin.onItemContainerChanged(net.runelite.api.events.ItemContainerChanged), priority=0.0, lambda=net.runelite.client.plugins.bank.BankPlugin$$Lambda$1042/0x0000000800979040@30b886c8)
2026-05-24 12:38:00 CDT [AWT-EventQueue-0] DEBUG n.runelite.client.eventbus.EventBus - Registering class net.runelite.api.events.WidgetLoaded - EventBus.Subscriber(object=net.runelite.client.plugins.bank.BankPlugin@39909d1a, method=public void net.runelite.client.plugins.bank.BankPlugin.onWidgetLoaded(net.runelite.api.events.WidgetLoaded), priority=0.0, lambda=net.runelite.client.plugins.bank.BankPlugin$$Lambda$1043/0x0000000800979440@1fd8f64c)
2026-05-24 12:38:00 CDT [AWT-EventQueue-0] DEBUG n.runelite.client.eventbus.EventBus - Registering class net.runelite.api.events.ScriptCallbackEvent - EventBus.Subscriber(object=net.runelite.client.plugins.bank.BankPlugin@39909d1a, method=public void net.runelite.client.plugins.bank.BankPlugin.onScriptCallbackEvent(net.runelite.api.events.ScriptCallbackEvent), priority=0.0, lambda=net.runelite.client.plugins.bank.BankPlugin$$Lambda$1045/0x0000000800979c40@3b74f368)
2026-05-24 12:38:00 CDT [AWT-EventQueue-0] DEBUG n.runelite.client.eventbus.EventBus - Registering class net.runelite.api.events.MenuEntryAdded - EventBus.Subscriber(object=net.runelite.client.plugins.bank.BankPlugin@39909d1a, method=public void net.runelite.client.plugins.bank.BankPlugin.onMenuEntryAdded(net.runelite.api.events.MenuEntryAdded), priority=0.0, lambda=net.runelite.client.plugins.bank.BankPlugin$$Lambda$1046/0x000000080097a040@6006fe61)
2026-05-24 12:38:00 CDT [AWT-EventQueue-0] DEBUG n.runelite.client.eventbus.EventBus - Registering class net.runelite.api.events.ScriptPreFired - EventBus.Subscriber(object=net.runelite.client.plugins.bank.BankPlugin@39909d1a, method=public void net.runelite.client.plugins.bank.BankPlugin.onScriptPreFired(net.runelite.api.events.ScriptPreFired), priority=1.0, lambda=net.runelite.client.plugins.bank.BankPlugin$$Lambda$1048/0x000000080097a840@46d53573)
2026-05-24 12:38:00 CDT [AWT-EventQueue-0] DEBUG n.runelite.client.eventbus.EventBus - Registering class net.runelite.api.events.ScriptPostFired - EventBus.Subscriber(object=net.runelite.client.plugins.bank.BankPlugin@39909d1a, method=public void net.runelite.client.plugins.bank.BankPlugin.onScriptPostFired(net.runelite.api.events.ScriptPostFired), priority=0.0, lambda=net.runelite.client.plugins.bank.BankPlugin$$Lambda$1049/0x000000080097ac40@9765134)
2026-05-24 12:38:00 CDT [AWT-EventQueue-0] DEBUG n.runelite.client.eventbus.EventBus - Registering class net.runelite.api.events.MenuShouldLeftClick - EventBus.Subscriber(object=net.runelite.client.plugins.bank.BankPlugin@39909d1a, method=public void net.runelite.client.plugins.bank.BankPlugin.onMenuShouldLeftClick(net.runelite.api.events.MenuShouldLeftClick), priority=0.0, lambda=net.runelite.client.plugins.bank.BankPlugin$$Lambda$1050/0x000000080097b040@f3f3c3f)
2026-05-24 12:38:00 CDT [AWT-EventQueue-0] DEBUG n.r.client.plugins.PluginManager - Plugin ObjectIndicatorsPlugin is now running
2026-05-24 12:38:00 CDT [AWT-EventQueue-0] DEBUG n.runelite.client.eventbus.EventBus - Registering class net.runelite.api.events.DecorativeObjectDespawned - EventBus.Subscriber(object=net.runelite.client.plugins.objectindicators.ObjectIndicatorsPlugin@6415f61e, method=public void net.runelite.client.plugins.objectindicators.ObjectIndicatorsPlugin.onDecorativeObjectDespawned(net.runelite.api.events.DecorativeObjectDespawned), priority=0.0, lambda=net.runelite.client.plugins.objectindicators.ObjectIndicatorsPlugin$$Lambda$1052/0x000000080097b840@2916c9a6)
2026-05-24 12:38:00 CDT [AWT-EventQueue-0] DEBUG n.runelite.client.eventbus.EventBus - Registering class net.runelite.api.events.WallObjectSpawned - EventBus.Subscriber(object=net.runelite.client.plugins.objectindicators.ObjectIndicatorsPlugin@6415f61e, method=public void net.runelite.client.plugins.objectindicators.ObjectIndicatorsPlugin.onWallObjectSpawned(net.runelite.api.events.WallObjectSpawned), priority=0.0, lambda=net.runelite.client.plugins.objectindicators.ObjectIndicatorsPlugin$$Lambda$1053/0x000000080097bc40@32cceaa2)
2026-05-24 12:38:00 CDT [AWT-EventQueue-0] DEBUG n.runelite.client.eventbus.EventBus - Registering class net.runelite.api.events.GameObjectSpawned - EventBus.Subscriber(object=net.runelite.client.plugins.objectindicators.ObjectIndicatorsPlugin@6415f61e, method=public void net.runelite.client.plugins.objectindicators.ObjectIndicatorsPlugin.onGameObjectSpawned(net.runelite.api.events.GameObjectSpawned), priority=0.0, lambda=net.runelite.client.plugins.objectindicators.ObjectIndicatorsPlugin$$Lambda$1054/0x000000080097c040@4daae65)
2026-05-24 12:38:00 CDT [AWT-EventQueue-0] DEBUG n.runelite.client.eventbus.EventBus - Registering class net.runelite.api.events.DecorativeObjectSpawned - EventBus.Subscriber(object=net.runelite.client.plugins.objectindicators.ObjectIndicatorsPlugin@6415f61e, method=public void net.runelite.client.plugins.objectindicators.ObjectIndicatorsPlugin.onDecorativeObjectSpawned(net.runelite.api.events.DecorativeObjectSpawned), priority=0.0, lambda=net.runelite.client.plugins.objectindicators.ObjectIndicatorsPlugin$$Lambda$1055/0x000000080097c440@63315cec)
2026-05-24 12:38:00 CDT [AWT-EventQueue-0] DEBUG n.runelite.client.eventbus.EventBus - Registering class net.runelite.api.events.GroundObjectSpawned - EventBus.Subscriber(object=net.runelite.client.plugins.objectindicators.ObjectIndicatorsPlugin@6415f61e, method=public void net.runelite.client.plugins.objectindicators.ObjectIndicatorsPlugin.onGroundObjectSpawned(net.runelite.api.events.GroundObjectSpawned), priority=0.0, lambda=net.runelite.client.plugins.objectindicators.ObjectIndicatorsPlugin$$Lambda$1056/0x000000080097c840@5946cd60)
2026-05-24 12:38:00 CDT [AWT-EventQueue-0] DEBUG n.runelite.client.eventbus.EventBus - Registering class net.runelite.api.events.GroundObjectDespawned - EventBus.Subscriber(object=net.runelite.client.plugins.objectindicators.ObjectIndicatorsPlugin@6415f61e, method=public void net.runelite.client.plugins.objectindicators.ObjectIndicatorsPlugin.onGroundObjectDespawned(net.runelite.api.events.GroundObjectDespawned), priority=0.0, lambda=net.runelite.client.plugins.objectindicators.ObjectIndicatorsPlugin$$Lambda$1057/0x000000080097cc40@6f906bc7)
2026-05-24 12:38:00 CDT [AWT-EventQueue-0] DEBUG n.runelite.client.eventbus.EventBus - Registering class net.runelite.api.events.GameObjectDespawned - EventBus.Subscriber(object=net.runelite.client.plugins.objectindicators.ObjectIndicatorsPlugin@6415f61e, method=public void net.runelite.client.plugins.objectindicators.ObjectIndicatorsPlugin.onGameObjectDespawned(net.runelite.api.events.GameObjectDespawned), priority=0.0, lambda=net.runelite.client.plugins.objectindicators.ObjectIndicatorsPlugin$$Lambda$1058/0x000000080097d040@7f8f75d6)
2026-05-24 12:38:00 CDT [AWT-EventQueue-0] DEBUG n.runelite.client.eventbus.EventBus - Registering class net.runelite.api.events.WallObjectDespawned - EventBus.Subscriber(object=net.runelite.client.plugins.objectindicators.ObjectIndicatorsPlugin@6415f61e, method=public void net.runelite.client.plugins.objectindicators.ObjectIndicatorsPlugin.onWallObjectDespawned(net.runelite.api.events.WallObjectDespawned), priority=0.0, lambda=net.runelite.client.plugins.objectindicators.ObjectIndicatorsPlugin$$Lambda$1059/0x000000080097d440@69f6d7ca)
2026-05-24 12:38:00 CDT [AWT-EventQueue-0] DEBUG n.runelite.client.eventbus.EventBus - Registering class net.runelite.client.events.ProfileChanged - EventBus.Subscriber(object=net.runelite.client.plugins.objectindicators.ObjectIndicatorsPlugin@6415f61e, method=public void net.runelite.client.plugins.objectindicators.ObjectIndicatorsPlugin.onProfileChanged(net.runelite.client.events.ProfileChanged), priority=0.0, lambda=net.runelite.client.plugins.objectindicators.ObjectIndicatorsPlugin$$Lambda$1060/0x000000080097d840@11594d2d)
2026-05-24 12:38:00 CDT [AWT-EventQueue-0] DEBUG n.runelite.client.eventbus.EventBus - Registering class net.runelite.api.events.MenuEntryAdded - EventBus.Subscriber(object=net.runelite.client.plugins.objectindicators.ObjectIndicatorsPlugin@6415f61e, method=public void net.runelite.client.plugins.objectindicators.ObjectIndicatorsPlugin.onMenuEntryAdded(net.runelite.api.events.MenuEntryAdded), priority=0.0, lambda=net.runelite.client.plugins.objectindicators.ObjectIndicatorsPlugin$$Lambda$1061/0x000000080097dc40@696a7f0a)
2026-05-24 12:38:00 CDT [AWT-EventQueue-0] DEBUG n.runelite.client.eventbus.EventBus - Registering class net.runelite.api.events.WorldViewUnloaded - EventBus.Subscriber(object=net.runelite.client.plugins.objectindicators.ObjectIndicatorsPlugin@6415f61e, method=public void net.runelite.client.plugins.objectindicators.ObjectIndicatorsPlugin.onWorldViewUnloaded(net.runelite.api.events.WorldViewUnloaded), priority=0.0, lambda=net.runelite.client.plugins.objectindicators.ObjectIndicatorsPlugin$$Lambda$1062/0x000000080097e040@425177aa)
2026-05-24 12:38:00 CDT [AWT-EventQueue-0] DEBUG n.runelite.client.eventbus.EventBus - Registering class net.runelite.api.events.WorldViewLoaded - EventBus.Subscriber(object=net.runelite.client.plugins.objectindicators.ObjectIndicatorsPlugin@6415f61e, method=public void net.runelite.client.plugins.objectindicators.ObjectIndicatorsPlugin.onWorldViewLoaded(net.runelite.api.events.WorldViewLoaded), priority=0.0, lambda=net.runelite.client.plugins.objectindicators.ObjectIndicatorsPlugin$$Lambda$1063/0x000000080097e440@236b6e83)
2026-05-24 12:38:00 CDT [AWT-EventQueue-0] DEBUG n.r.client.plugins.PluginManager - Plugin CorpPlugin is now running
2026-05-24 12:38:00 CDT [AWT-EventQueue-0] DEBUG n.runelite.client.eventbus.EventBus - Registering class net.runelite.api.events.InteractingChanged - EventBus.Subscriber(object=net.runelite.client.plugins.corp.CorpPlugin@31e2232f, method=public void net.runelite.client.plugins.corp.CorpPlugin.onInteractingChanged(net.runelite.api.events.InteractingChanged), priority=0.0, lambda=net.runelite.client.plugins.corp.CorpPlugin$$Lambda$1064/0x000000080097e840@7b2e5564)
2026-05-24 12:38:00 CDT [AWT-EventQueue-0] DEBUG n.runelite.client.eventbus.EventBus - Registering class net.runelite.api.events.GameStateChanged - EventBus.Subscriber(object=net.runelite.client.plugins.corp.CorpPlugin@31e2232f, method=public void net.runelite.client.plugins.corp.CorpPlugin.onGameStateChanged(net.runelite.api.events.GameStateChanged), priority=0.0, lambda=net.runelite.client.plugins.corp.CorpPlugin$$Lambda$1065/0x000000080097ec40@296719fc)
2026-05-24 12:38:00 CDT [AWT-EventQueue-0] DEBUG n.runelite.client.eventbus.EventBus - Registering class net.runelite.api.events.HitsplatApplied - EventBus.Subscriber(object=net.runelite.client.plugins.corp.CorpPlugin@31e2232f, method=public void net.runelite.client.plugins.corp.CorpPlugin.onHitsplatApplied(net.runelite.api.events.HitsplatApplied), priority=0.0, lambda=net.runelite.client.plugins.corp.CorpPlugin$$Lambda$1066/0x000000080097f040@16d76894)
2026-05-24 12:38:00 CDT [AWT-EventQueue-0] DEBUG n.runelite.client.eventbus.EventBus - Registering class net.runelite.api.events.VarbitChanged - EventBus.Subscriber(object=net.runelite.client.plugins.corp.CorpPlugin@31e2232f, method=public void net.runelite.client.plugins.corp.CorpPlugin.onVarbitChanged(net.runelite.api.events.VarbitChanged), priority=0.0, lambda=net.runelite.client.plugins.corp.CorpPlugin$$Lambda$1067/0x000000080097f440@17ce89dc)
2026-05-24 12:38:00 CDT [AWT-EventQueue-0] DEBUG n.runelite.client.eventbus.EventBus - Registering class net.runelite.api.events.NpcDespawned - EventBus.Subscriber(object=net.runelite.client.plugins.corp.CorpPlugin@31e2232f, method=public void net.runelite.client.plugins.corp.CorpPlugin.onNpcDespawned(net.runelite.api.events.NpcDespawned), priority=0.0, lambda=net.runelite.client.plugins.corp.CorpPlugin$$Lambda$1068/0x000000080097f840@79b3a16d)
2026-05-24 12:38:00 CDT [AWT-EventQueue-0] DEBUG n.runelite.client.eventbus.EventBus - Registering class net.runelite.api.events.NpcSpawned - EventBus.Subscriber(object=net.runelite.client.plugins.corp.CorpPlugin@31e2232f, method=public void net.runelite.client.plugins.corp.CorpPlugin.onNpcSpawned(net.runelite.api.events.NpcSpawned), priority=0.0, lambda=net.runelite.client.plugins.corp.CorpPlugin$$Lambda$1069/0x000000080097fc40@22df083e)
2026-05-24 12:38:00 CDT [AWT-EventQueue-0] DEBUG n.runelite.client.eventbus.EventBus - Registering class net.runelite.api.events.MenuEntryAdded - EventBus.Subscriber(object=net.runelite.client.plugins.corp.CorpPlugin@31e2232f, method=public void net.runelite.client.plugins.corp.CorpPlugin.onMenuEntryAdded(net.runelite.api.events.MenuEntryAdded), priority=0.0, lambda=net.runelite.client.plugins.corp.CorpPlugin$$Lambda$1070/0x0000000800980040@7db006bc)
2026-05-24 12:38:00 CDT [AWT-EventQueue-0] DEBUG n.r.client.game.SkillIconManager - Loading skill icon from /skill_icons/attack.png
2026-05-24 12:38:00 CDT [AWT-EventQueue-0] DEBUG n.r.client.game.SkillIconManager - Loading skill icon from /skill_icons_small/attack.png
2026-05-24 12:38:00 CDT [AWT-EventQueue-0] DEBUG n.r.client.game.SkillIconManager - Loading skill icon from /skill_icons/defence.png
2026-05-24 12:38:00 CDT [AWT-EventQueue-0] DEBUG n.r.client.game.SkillIconManager - Loading skill icon from /skill_icons_small/defence.png
2026-05-24 12:38:00 CDT [AWT-EventQueue-0] DEBUG n.r.client.game.SkillIconManager - Loading skill icon from /skill_icons/strength.png
2026-05-24 12:38:00 CDT [AWT-EventQueue-0] DEBUG n.r.client.game.SkillIconManager - Loading skill icon from /skill_icons_small/strength.png
2026-05-24 12:38:00 CDT [AWT-EventQueue-0] DEBUG n.r.client.game.SkillIconManager - Loading skill icon from /skill_icons/hitpoints.png
2026-05-24 12:38:00 CDT [AWT-EventQueue-0] DEBUG n.r.client.game.SkillIconManager - Loading skill icon from /skill_icons_small/hitpoints.png
2026-05-24 12:38:00 CDT [AWT-EventQueue-0] DEBUG n.r.client.game.SkillIconManager - Loading skill icon from /skill_icons/ranged.png
2026-05-24 12:38:00 CDT [AWT-EventQueue-0] DEBUG n.r.client.game.SkillIconManager - Loading skill icon from /skill_icons_small/ranged.png
2026-05-24 12:38:00 CDT [AWT-EventQueue-0] DEBUG n.r.client.game.SkillIconManager - Loading skill icon from /skill_icons/prayer.png
2026-05-24 12:38:00 CDT [AWT-EventQueue-0] DEBUG n.r.client.game.SkillIconManager - Loading skill icon from /skill_icons_small/prayer.png
2026-05-24 12:38:00 CDT [AWT-EventQueue-0] DEBUG n.r.client.game.SkillIconManager - Loading skill icon from /skill_icons/magic.png
2026-05-24 12:38:00 CDT [AWT-EventQueue-0] DEBUG n.r.client.game.SkillIconManager - Loading skill icon from /skill_icons_small/magic.png
2026-05-24 12:38:00 CDT [AWT-EventQueue-0] DEBUG n.r.client.game.SkillIconManager - Loading skill icon from /skill_icons/cooking.png
2026-05-24 12:38:00 CDT [AWT-EventQueue-0] DEBUG n.r.client.game.SkillIconManager - Loading skill icon from /skill_icons_small/cooking.png
2026-05-24 12:38:00 CDT [AWT-EventQueue-0] DEBUG n.r.client.game.SkillIconManager - Loading skill icon from /skill_icons/woodcutting.png
2026-05-24 12:38:00 CDT [AWT-EventQueue-0] DEBUG n.r.client.game.SkillIconManager - Loading skill icon from /skill_icons_small/woodcutting.png
2026-05-24 12:38:00 CDT [AWT-EventQueue-0] DEBUG n.r.client.game.SkillIconManager - Loading skill icon from /skill_icons/fletching.png
2026-05-24 12:38:00 CDT [AWT-EventQueue-0] DEBUG n.r.client.game.SkillIconManager - Loading skill icon from /skill_icons_small/fletching.png
2026-05-24 12:38:00 CDT [AWT-EventQueue-0] DEBUG n.r.client.game.SkillIconManager - Loading skill icon from /skill_icons/fishing.png
2026-05-24 12:38:00 CDT [AWT-EventQueue-0] DEBUG n.r.client.game.SkillIconManager - Loading skill icon from /skill_icons_small/fishing.png
2026-05-24 12:38:00 CDT [AWT-EventQueue-0] DEBUG n.r.client.game.SkillIconManager - Loading skill icon from /skill_icons/firemaking.png
2026-05-24 12:38:00 CDT [AWT-EventQueue-0] DEBUG n.r.client.game.SkillIconManager - Loading skill icon from /skill_icons_small/firemaking.png
2026-05-24 12:38:00 CDT [AWT-EventQueue-0] DEBUG n.r.client.game.SkillIconManager - Loading skill icon from /skill_icons/crafting.png
2026-05-24 12:38:00 CDT [AWT-EventQueue-0] DEBUG n.r.client.game.SkillIconManager - Loading skill icon from /skill_icons_small/crafting.png
2026-05-24 12:38:00 CDT [AWT-EventQueue-0] DEBUG n.r.client.game.SkillIconManager - Loading skill icon from /skill_icons/smithing.png
2026-05-24 12:38:00 CDT [AWT-EventQueue-0] DEBUG n.r.client.game.SkillIconManager - Loading skill icon from /skill_icons_small/smithing.png
2026-05-24 12:38:00 CDT [AWT-EventQueue-0] DEBUG n.r.client.game.SkillIconManager - Loading skill icon from /skill_icons_small/mining.png
2026-05-24 12:38:00 CDT [AWT-EventQueue-0] DEBUG n.r.client.game.SkillIconManager - Loading skill icon from /skill_icons/herblore.png
2026-05-24 12:38:00 CDT [AWT-EventQueue-0] DEBUG n.r.client.game.SkillIconManager - Loading skill icon from /skill_icons_small/herblore.png
2026-05-24 12:38:00 CDT [AWT-EventQueue-0] DEBUG n.r.client.game.SkillIconManager - Loading skill icon from /skill_icons/agility.png
2026-05-24 12:38:00 CDT [AWT-EventQueue-0] DEBUG n.r.client.game.SkillIconManager - Loading skill icon from /skill_icons_small/agility.png
2026-05-24 12:38:00 CDT [AWT-EventQueue-0] DEBUG n.r.client.game.SkillIconManager - Loading skill icon from /skill_icons/thieving.png
2026-05-24 12:38:00 CDT [AWT-EventQueue-0] DEBUG n.r.client.game.SkillIconManager - Loading skill icon from /skill_icons_small/thieving.png
2026-05-24 12:38:00 CDT [AWT-EventQueue-0] DEBUG n.r.client.game.SkillIconManager - Loading skill icon from /skill_icons/slayer.png
2026-05-24 12:38:00 CDT [AWT-EventQueue-0] DEBUG n.r.client.game.SkillIconManager - Loading skill icon from /skill_icons_small/slayer.png
2026-05-24 12:38:00 CDT [AWT-EventQueue-0] DEBUG n.r.client.game.SkillIconManager - Loading skill icon from /skill_icons/farming.png
2026-05-24 12:38:00 CDT [AWT-EventQueue-0] DEBUG n.r.client.game.SkillIconManager - Loading skill icon from /skill_icons_small/farming.png
2026-05-24 12:38:00 CDT [AWT-EventQueue-0] DEBUG n.r.client.game.SkillIconManager - Loading skill icon from /skill_icons/runecraft.png
2026-05-24 12:38:00 CDT [AWT-EventQueue-0] DEBUG n.r.client.game.SkillIconManager - Loading skill icon from /skill_icons_small/runecraft.png
2026-05-24 12:38:00 CDT [AWT-EventQueue-0] DEBUG n.r.client.game.SkillIconManager - Loading skill icon from /skill_icons/hunter.png
2026-05-24 12:38:00 CDT [AWT-EventQueue-0] DEBUG n.r.client.game.SkillIconManager - Loading skill icon from /skill_icons_small/hunter.png
2026-05-24 12:38:00 CDT [AWT-EventQueue-0] DEBUG n.r.client.game.SkillIconManager - Loading skill icon from /skill_icons/construction.png
2026-05-24 12:38:00 CDT [AWT-EventQueue-0] DEBUG n.r.client.game.SkillIconManager - Loading skill icon from /skill_icons_small/construction.png
2026-05-24 12:38:00 CDT [AWT-EventQueue-0] DEBUG n.r.client.game.SkillIconManager - Loading skill icon from /skill_icons/sailing.png
2026-05-24 12:38:00 CDT [AWT-EventQueue-0] DEBUG n.r.client.game.SkillIconManager - Loading skill icon from /skill_icons_small/sailing.png
2026-05-24 12:38:00 CDT [AWT-EventQueue-0] DEBUG n.r.client.plugins.PluginManager - Plugin XpTrackerPlugin is now running
2026-05-24 12:38:00 CDT [AWT-EventQueue-0] DEBUG n.runelite.client.eventbus.EventBus - Registering class net.runelite.api.events.GameTick - EventBus.Subscriber(object=net.runelite.client.plugins.xptracker.XpTrackerPlugin@e11ecfa, method=public void net.runelite.client.plugins.xptracker.XpTrackerPlugin.onGameTick(net.runelite.api.events.GameTick), priority=0.0, lambda=net.runelite.client.plugins.xptracker.XpTrackerPlugin$$Lambda$1084/0x0000000800984040@3c2a4e6a)
2026-05-24 12:38:00 CDT [AWT-EventQueue-0] DEBUG n.runelite.client.eventbus.EventBus - Registering class net.runelite.api.events.GameStateChanged - EventBus.Subscriber(object=net.runelite.client.plugins.xptracker.XpTrackerPlugin@e11ecfa, method=public void net.runelite.client.plugins.xptracker.XpTrackerPlugin.onGameStateChanged(net.runelite.api.events.GameStateChanged), priority=0.0, lambda=net.runelite.client.plugins.xptracker.XpTrackerPlugin$$Lambda$1085/0x0000000800984440@2dad22a1)
2026-05-24 12:38:00 CDT [AWT-EventQueue-0] DEBUG n.runelite.client.eventbus.EventBus - Registering class net.runelite.api.events.StatChanged - EventBus.Subscriber(object=net.runelite.client.plugins.xptracker.XpTrackerPlugin@e11ecfa, method=public void net.runelite.client.plugins.xptracker.XpTrackerPlugin.onStatChanged(net.runelite.api.events.StatChanged), priority=0.0, lambda=net.runelite.client.plugins.xptracker.XpTrackerPlugin$$Lambda$1086/0x0000000800984840@747da89c)
2026-05-24 12:38:00 CDT [AWT-EventQueue-0] DEBUG n.runelite.client.eventbus.EventBus - Registering class net.runelite.client.events.RuneScapeProfileChanged - EventBus.Subscriber(object=net.runelite.client.plugins.xptracker.XpTrackerPlugin@e11ecfa, method=public void net.runelite.client.plugins.xptracker.XpTrackerPlugin.onRuneScapeProfileChanged(net.runelite.client.events.RuneScapeProfileChanged), priority=0.0, lambda=net.runelite.client.plugins.xptracker.XpTrackerPlugin$$Lambda$1087/0x0000000800984c40@725bcd0a)
2026-05-24 12:38:00 CDT [AWT-EventQueue-0] DEBUG n.runelite.client.eventbus.EventBus - Registering class net.runelite.client.events.ClientShutdown - EventBus.Subscriber(object=net.runelite.client.plugins.xptracker.XpTrackerPlugin@e11ecfa, method=public void net.runelite.client.plugins.xptracker.XpTrackerPlugin.onClientShutdown(net.runelite.client.events.ClientShutdown), priority=0.0, lambda=net.runelite.client.plugins.xptracker.XpTrackerPlugin$$Lambda$1088/0x0000000800985040@26997eb7)
2026-05-24 12:38:00 CDT [AWT-EventQueue-0] DEBUG n.runelite.client.eventbus.EventBus - Registering class net.runelite.api.events.MenuEntryAdded - EventBus.Subscriber(object=net.runelite.client.plugins.xptracker.XpTrackerPlugin@e11ecfa, method=public void net.runelite.client.plugins.xptracker.XpTrackerPlugin.onMenuEntryAdded(net.runelite.api.events.MenuEntryAdded), priority=0.0, lambda=net.runelite.client.plugins.xptracker.XpTrackerPlugin$$Lambda$1089/0x0000000800985440@6674d08)
2026-05-24 12:38:00 CDT [AWT-EventQueue-0] DEBUG n.r.client.plugins.PluginManager - Scheduled task ScheduledMethod(schedule=@net.runelite.client.task.Schedule(asynchronous=true, period=1, unit=Minutes), method=public void net.runelite.client.plugins.xptracker.XpTrackerPlugin.tickStateSave(), object=net.runelite.client.plugins.xptracker.XpTrackerPlugin@e11ecfa, lambda=net.runelite.client.plugins.xptracker.XpTrackerPlugin$$Lambda$1090/0x0000000800985840@204562ca, last=2026-05-24T17:38:00.659852900Z)
2026-05-24 12:38:00 CDT [AWT-EventQueue-0] DEBUG n.r.client.plugins.PluginManager - Scheduled task ScheduledMethod(schedule=@net.runelite.client.task.Schedule(asynchronous=false, period=1, unit=Seconds), method=public void net.runelite.client.plugins.xptracker.XpTrackerPlugin.tickSkillTimes(), object=net.runelite.client.plugins.xptracker.XpTrackerPlugin@e11ecfa, lambda=net.runelite.client.plugins.xptracker.XpTrackerPlugin$$Lambda$1091/0x0000000800992040@2db10622, last=2026-05-24T17:38:00.662362600Z)
2026-05-24 12:38:00 CDT [AWT-EventQueue-0] DEBUG n.r.client.plugins.PluginManager - Plugin SmeltingPlugin is now running
2026-05-24 12:38:00 CDT [AWT-EventQueue-0] DEBUG n.runelite.client.eventbus.EventBus - Registering class net.runelite.api.events.GameTick - EventBus.Subscriber(object=net.runelite.client.plugins.smelting.SmeltingPlugin@68ed3f30, method=public void net.runelite.client.plugins.smelting.SmeltingPlugin.onGameTick(net.runelite.api.events.GameTick), priority=0.0, lambda=net.runelite.client.plugins.smelting.SmeltingPlugin$$Lambda$1092/0x0000000800992440@620d4f45)
2026-05-24 12:38:00 CDT [AWT-EventQueue-0] DEBUG n.runelite.client.eventbus.EventBus - Registering class net.runelite.api.events.ChatMessage - EventBus.Subscriber(object=net.runelite.client.plugins.smelting.SmeltingPlugin@68ed3f30, method=public void net.runelite.client.plugins.smelting.SmeltingPlugin.onChatMessage(net.runelite.api.events.ChatMessage), priority=0.0, lambda=net.runelite.client.plugins.smelting.SmeltingPlugin$$Lambda$1093/0x0000000800992840@4ba82d76)
2026-05-24 12:38:00 CDT [AWT-EventQueue-0] DEBUG n.r.client.plugins.PluginManager - Plugin MusicPlugin is now running
2026-05-24 12:38:00 CDT [AWT-EventQueue-0] DEBUG n.runelite.client.eventbus.EventBus - Registering class net.runelite.api.events.VarClientIntChanged - EventBus.Subscriber(object=net.runelite.client.plugins.music.MusicPlugin@7c3e4b1a, method=public void net.runelite.client.plugins.music.MusicPlugin.onVarClientIntChanged(net.runelite.api.events.VarClientIntChanged), priority=0.0, lambda=net.runelite.client.plugins.music.MusicPlugin$$Lambda$1095/0x0000000800993040@4e08dbbf)
2026-05-24 12:38:00 CDT [AWT-EventQueue-0] DEBUG n.runelite.client.eventbus.EventBus - Registering class net.runelite.client.events.ConfigChanged - EventBus.Subscriber(object=net.runelite.client.plugins.music.MusicPlugin@7c3e4b1a, method=public void net.runelite.client.plugins.music.MusicPlugin.onConfigChanged(net.runelite.client.events.ConfigChanged), priority=0.0, lambda=net.runelite.client.plugins.music.MusicPlugin$$Lambda$1096/0x0000000800993440@72fcae8a)
2026-05-24 12:38:00 CDT [AWT-EventQueue-0] DEBUG n.runelite.client.eventbus.EventBus - Registering class net.runelite.api.events.GameStateChanged - EventBus.Subscriber(object=net.runelite.client.plugins.music.MusicPlugin@7c3e4b1a, method=public void net.runelite.client.plugins.music.MusicPlugin.onGameStateChanged(net.runelite.api.events.GameStateChanged), priority=0.0, lambda=net.runelite.client.plugins.music.MusicPlugin$$Lambda$1097/0x0000000800993840@3c1402b5)
2026-05-24 12:38:00 CDT [AWT-EventQueue-0] DEBUG n.runelite.client.eventbus.EventBus - Registering class net.runelite.api.events.VarbitChanged - EventBus.Subscriber(object=net.runelite.client.plugins.music.MusicPlugin@7c3e4b1a, method=private void net.runelite.client.plugins.music.MusicPlugin.onVarbitChanged(net.runelite.api.events.VarbitChanged), priority=0.0, lambda=net.runelite.client.plugins.music.MusicPlugin$$Lambda$1098/0x0000000800993c40@63e66c6d)
2026-05-24 12:38:00 CDT [AWT-EventQueue-0] DEBUG n.runelite.client.eventbus.EventBus - Registering class net.runelite.api.events.WidgetLoaded - EventBus.Subscriber(object=net.runelite.client.plugins.music.MusicPlugin@7c3e4b1a, method=public void net.runelite.client.plugins.music.MusicPlugin.onWidgetLoaded(net.runelite.api.events.WidgetLoaded), priority=0.0, lambda=net.runelite.client.plugins.music.MusicPlugin$$Lambda$1099/0x0000000800994040@45ce6d4)
2026-05-24 12:38:00 CDT [AWT-EventQueue-0] DEBUG n.runelite.client.eventbus.EventBus - Registering class net.runelite.api.events.ScriptCallbackEvent - EventBus.Subscriber(object=net.runelite.client.plugins.music.MusicPlugin@7c3e4b1a, method=private void net.runelite.client.plugins.music.MusicPlugin.onScriptCallbackEvent(net.runelite.api.events.ScriptCallbackEvent), priority=0.0, lambda=net.runelite.client.plugins.music.MusicPlugin$$Lambda$1100/0x0000000800994440@68688993)
2026-05-24 12:38:00 CDT [AWT-EventQueue-0] DEBUG n.runelite.client.eventbus.EventBus - Registering class net.runelite.api.events.AmbientSoundEffectCreated - EventBus.Subscriber(object=net.runelite.client.plugins.music.MusicPlugin@7c3e4b1a, method=public void net.runelite.client.plugins.music.MusicPlugin.onAmbientSoundEffectCreated(net.runelite.api.events.AmbientSoundEffectCreated), priority=0.0, lambda=net.runelite.client.plugins.music.MusicPlugin$$Lambda$1101/0x0000000800994840@19c4c650)
2026-05-24 12:38:00 CDT [AWT-EventQueue-0] DEBUG n.runelite.client.eventbus.EventBus - Registering class net.runelite.api.events.SoundEffectPlayed - EventBus.Subscriber(object=net.runelite.client.plugins.music.MusicPlugin@7c3e4b1a, method=public void net.runelite.client.plugins.music.MusicPlugin.onSoundEffectPlayed(net.runelite.api.events.SoundEffectPlayed), priority=0.0, lambda=net.runelite.client.plugins.music.MusicPlugin$$Lambda$1102/0x0000000800994c40@655ecc4a)
2026-05-24 12:38:00 CDT [AWT-EventQueue-0] DEBUG n.runelite.client.eventbus.EventBus - Registering class net.runelite.api.events.AreaSoundEffectPlayed - EventBus.Subscriber(object=net.runelite.client.plugins.music.MusicPlugin@7c3e4b1a, method=public void net.runelite.client.plugins.music.MusicPlugin.onAreaSoundEffectPlayed(net.runelite.api.events.AreaSoundEffectPlayed), priority=0.0, lambda=net.runelite.client.plugins.music.MusicPlugin$$Lambda$1103/0x0000000800995040@4fe32254)
2026-05-24 12:38:00 CDT [AWT-EventQueue-0] DEBUG n.r.client.plugins.PluginManager - Plugin RunecraftPlugin is now running
2026-05-24 12:38:00 CDT [AWT-EventQueue-0] DEBUG n.runelite.client.eventbus.EventBus - Registering class net.runelite.api.events.DecorativeObjectDespawned - EventBus.Subscriber(object=net.runelite.client.plugins.runecraft.RunecraftPlugin@6801b414, method=public void net.runelite.client.plugins.runecraft.RunecraftPlugin.onDecorativeObjectDespawned(net.runelite.api.events.DecorativeObjectDespawned), priority=0.0, lambda=net.runelite.client.plugins.runecraft.RunecraftPlugin$$Lambda$1104/0x0000000800995440@3e5e7be5)
2026-05-24 12:38:00 CDT [AWT-EventQueue-0] DEBUG n.runelite.client.eventbus.EventBus - Registering class net.runelite.api.events.DecorativeObjectSpawned - EventBus.Subscriber(object=net.runelite.client.plugins.runecraft.RunecraftPlugin@6801b414, method=public void net.runelite.client.plugins.runecraft.RunecraftPlugin.onDecorativeObjectSpawned(net.runelite.api.events.DecorativeObjectSpawned), priority=0.0, lambda=net.runelite.client.plugins.runecraft.RunecraftPlugin$$Lambda$1105/0x0000000800995840@530c00b3)
2026-05-24 12:38:00 CDT [AWT-EventQueue-0] DEBUG n.runelite.client.eventbus.EventBus - Registering class net.runelite.api.events.ItemContainerChanged - EventBus.Subscriber(object=net.runelite.client.plugins.runecraft.RunecraftPlugin@6801b414, method=public void net.runelite.client.plugins.runecraft.RunecraftPlugin.onItemContainerChanged(net.runelite.api.events.ItemContainerChanged), priority=0.0, lambda=net.runelite.client.plugins.runecraft.RunecraftPlugin$$Lambda$1106/0x0000000800995c40@1876d871)
2026-05-24 12:38:00 CDT [AWT-EventQueue-0] DEBUG n.runelite.client.eventbus.EventBus - Registering class net.runelite.api.events.GameStateChanged - EventBus.Subscriber(object=net.runelite.client.plugins.runecraft.RunecraftPlugin@6801b414, method=public void net.runelite.client.plugins.runecraft.RunecraftPlugin.onGameStateChanged(net.runelite.api.events.GameStateChanged), priority=0.0, lambda=net.runelite.client.plugins.runecraft.RunecraftPlugin$$Lambda$1107/0x0000000800996040@1f74834d)
2026-05-24 12:38:00 CDT [AWT-EventQueue-0] DEBUG n.runelite.client.eventbus.EventBus - Registering class net.runelite.api.events.ChatMessage - EventBus.Subscriber(object=net.runelite.client.plugins.runecraft.RunecraftPlugin@6801b414, method=public void net.runelite.client.plugins.runecraft.RunecraftPlugin.onChatMessage(net.runelite.api.events.ChatMessage), priority=0.0, lambda=net.runelite.client.plugins.runecraft.RunecraftPlugin$$Lambda$1108/0x0000000800996440@34d3cf2b)
2026-05-24 12:38:00 CDT [AWT-EventQueue-0] DEBUG n.r.c.plugins.discord.DiscordState - Events: [DiscordState.EventWithTime(type=IN_MENU, start=2026-05-24T17:38:00.676928200Z, updated=2026-05-24T17:38:00.676928200Z)]
2026-05-24 12:38:00 CDT [AWT-EventQueue-0] DEBUG n.r.client.discord.DiscordService - Sending presence update DiscordPresence(state=In Menu, details=, startTimestamp=2026-05-24T17:38:00.676928200Z, endTimestamp=null, largeImageKey=null, largeImageText=RuneLite v1.12.26.3, smallImageKey=null, smallImageText=null, partyId=null, partySize=0, partyMax=0, matchSecret=null, joinSecret=null, spectateSecret=null, instance=false)
2026-05-24 12:38:00 CDT [AWT-EventQueue-0] DEBUG n.r.client.plugins.PluginManager - Plugin DiscordPlugin is now running
2026-05-24 12:38:00 CDT [AWT-EventQueue-0] DEBUG n.runelite.client.eventbus.EventBus - Registering class net.runelite.client.events.ConfigChanged - EventBus.Subscriber(object=net.runelite.client.plugins.discord.DiscordPlugin@17ba57f0, method=public void net.runelite.client.plugins.discord.DiscordPlugin.onConfigChanged(net.runelite.client.events.ConfigChanged), priority=0.0, lambda=net.runelite.client.plugins.discord.DiscordPlugin$$Lambda$1116/0x00000008009bd840@6910547c)
2026-05-24 12:38:00 CDT [AWT-EventQueue-0] DEBUG n.runelite.client.eventbus.EventBus - Registering class net.runelite.api.events.GameStateChanged - EventBus.Subscriber(object=net.runelite.client.plugins.discord.DiscordPlugin@17ba57f0, method=public void net.runelite.client.plugins.discord.DiscordPlugin.onGameStateChanged(net.runelite.api.events.GameStateChanged), priority=0.0, lambda=net.runelite.client.plugins.discord.DiscordPlugin$$Lambda$1117/0x00000008009bdc40@4515ccd8)
2026-05-24 12:38:00 CDT [AWT-EventQueue-0] DEBUG n.runelite.client.eventbus.EventBus - Registering class net.runelite.api.events.StatChanged - EventBus.Subscriber(object=net.runelite.client.plugins.discord.DiscordPlugin@17ba57f0, method=public void net.runelite.client.plugins.discord.DiscordPlugin.onStatChanged(net.runelite.api.events.StatChanged), priority=0.0, lambda=net.runelite.client.plugins.discord.DiscordPlugin$$Lambda$1118/0x00000008009be040@1fa7e254)
2026-05-24 12:38:00 CDT [AWT-EventQueue-0] DEBUG n.runelite.client.eventbus.EventBus - Registering class net.runelite.client.party.messages.UserSync - EventBus.Subscriber(object=net.runelite.client.plugins.discord.DiscordPlugin@17ba57f0, method=public void net.runelite.client.plugins.discord.DiscordPlugin.onUserSync(net.runelite.client.party.messages.UserSync), priority=0.0, lambda=net.runelite.client.plugins.discord.DiscordPlugin$$Lambda$1119/0x00000008009be440@19480ed8)
2026-05-24 12:38:00 CDT [AWT-EventQueue-0] DEBUG n.runelite.client.eventbus.EventBus - Registering class net.runelite.client.plugins.discord.DiscordUserInfo - EventBus.Subscriber(object=net.runelite.client.plugins.discord.DiscordPlugin@17ba57f0, method=public void net.runelite.client.plugins.discord.DiscordPlugin.onDiscordUserInfo(net.runelite.client.plugins.discord.DiscordUserInfo), priority=0.0, lambda=net.runelite.client.plugins.discord.DiscordPlugin$$Lambda$1120/0x00000008009be840@32f13ccb)
2026-05-24 12:38:00 CDT [AWT-EventQueue-0] DEBUG n.r.client.plugins.PluginManager - Scheduled task ScheduledMethod(schedule=@net.runelite.client.task.Schedule(asynchronous=false, period=1, unit=Minutes), method=public void net.runelite.client.plugins.discord.DiscordPlugin.checkForValidStatus(), object=net.runelite.client.plugins.discord.DiscordPlugin@17ba57f0, lambda=net.runelite.client.plugins.discord.DiscordPlugin$$Lambda$1121/0x00000008009bec40@4bed40f, last=2026-05-24T17:38:00.692459100Z)
2026-05-24 12:38:00 CDT [AWT-EventQueue-0] DEBUG n.r.client.plugins.PluginManager - Plugin BlastMinePlugin is now running
2026-05-24 12:38:00 CDT [AWT-EventQueue-0] DEBUG n.runelite.client.eventbus.EventBus - Registering class net.runelite.api.events.GameObjectSpawned - EventBus.Subscriber(object=net.runelite.client.plugins.blastmine.BlastMinePlugin@3bc4ef12, method=public void net.runelite.client.plugins.blastmine.BlastMinePlugin.onGameObjectSpawned(net.runelite.api.events.GameObjectSpawned), priority=0.0, lambda=net.runelite.client.plugins.blastmine.BlastMinePlugin$$Lambda$1122/0x00000008009bf040@2bb3f202)
2026-05-24 12:38:00 CDT [AWT-EventQueue-0] DEBUG n.runelite.client.eventbus.EventBus - Registering class net.runelite.api.events.GameTick - EventBus.Subscriber(object=net.runelite.client.plugins.blastmine.BlastMinePlugin@3bc4ef12, method=public void net.runelite.client.plugins.blastmine.BlastMinePlugin.onGameTick(net.runelite.api.events.GameTick), priority=0.0, lambda=net.runelite.client.plugins.blastmine.BlastMinePlugin$$Lambda$1123/0x00000008009bf440@3cf66ad3)
2026-05-24 12:38:00 CDT [AWT-EventQueue-0] DEBUG n.runelite.client.eventbus.EventBus - Registering class net.runelite.api.events.GameStateChanged - EventBus.Subscriber(object=net.runelite.client.plugins.blastmine.BlastMinePlugin@3bc4ef12, method=public void net.runelite.client.plugins.blastmine.BlastMinePlugin.onGameStateChanged(net.runelite.api.events.GameStateChanged), priority=0.0, lambda=net.runelite.client.plugins.blastmine.BlastMinePlugin$$Lambda$1124/0x00000008009bf840@2e72ad2d)
2026-05-24 12:38:00 CDT [AWT-EventQueue-0] DEBUG n.r.client.plugins.PluginManager - Plugin TimersAndBuffsPlugin is now running
2026-05-24 12:38:00 CDT [AWT-EventQueue-0] DEBUG n.runelite.client.eventbus.EventBus - Registering class net.runelite.api.events.ItemContainerChanged - EventBus.Subscriber(object=net.runelite.client.plugins.timersandbuffs.TimersAndBuffsPlugin@66f28a1f, method=public void net.runelite.client.plugins.timersandbuffs.TimersAndBuffsPlugin.onItemContainerChanged(net.runelite.api.events.ItemContainerChanged), priority=0.0, lambda=net.runelite.client.plugins.timersandbuffs.TimersAndBuffsPlugin$$Lambda$1125/0x00000008009bfc40@7a60e91e)
2026-05-24 12:38:00 CDT [AWT-EventQueue-0] DEBUG n.runelite.client.eventbus.EventBus - Registering class net.runelite.client.events.ConfigChanged - EventBus.Subscriber(object=net.runelite.client.plugins.timersandbuffs.TimersAndBuffsPlugin@66f28a1f, method=public void net.runelite.client.plugins.timersandbuffs.TimersAndBuffsPlugin.onConfigChanged(net.runelite.client.events.ConfigChanged), priority=0.0, lambda=net.runelite.client.plugins.timersandbuffs.TimersAndBuffsPlugin$$Lambda$1126/0x00000008009c0040@3bfcd28a)
2026-05-24 12:38:00 CDT [AWT-EventQueue-0] DEBUG n.runelite.client.eventbus.EventBus - Registering class net.runelite.api.events.GameTick - EventBus.Subscriber(object=net.runelite.client.plugins.timersandbuffs.TimersAndBuffsPlugin@66f28a1f, method=public void net.runelite.client.plugins.timersandbuffs.TimersAndBuffsPlugin.onGameTick(net.runelite.api.events.GameTick), priority=0.0, lambda=net.runelite.client.plugins.timersandbuffs.TimersAndBuffsPlugin$$Lambda$1127/0x00000008009c0440@491a48fc)
2026-05-24 12:38:00 CDT [AWT-EventQueue-0] DEBUG n.runelite.client.eventbus.EventBus - Registering class net.runelite.api.events.GameStateChanged - EventBus.Subscriber(object=net.runelite.client.plugins.timersandbuffs.TimersAndBuffsPlugin@66f28a1f, method=public void net.runelite.client.plugins.timersandbuffs.TimersAndBuffsPlugin.onGameStateChanged(net.runelite.api.events.GameStateChanged), priority=0.0, lambda=net.runelite.client.plugins.timersandbuffs.TimersAndBuffsPlugin$$Lambda$1128/0x00000008009c0840@546a57be)
2026-05-24 12:38:00 CDT [AWT-EventQueue-0] DEBUG n.runelite.client.eventbus.EventBus - Registering class net.runelite.api.events.NpcChanged - EventBus.Subscriber(object=net.runelite.client.plugins.timersandbuffs.TimersAndBuffsPlugin@66f28a1f, method=void net.runelite.client.plugins.timersandbuffs.TimersAndBuffsPlugin.onNpcChanged(net.runelite.api.events.NpcChanged), priority=0.0, lambda=net.runelite.client.plugins.timersandbuffs.TimersAndBuffsPlugin$$Lambda$1129/0x00000008009c0c40@57f088)
2026-05-24 12:38:00 CDT [AWT-EventQueue-0] DEBUG n.runelite.client.eventbus.EventBus - Registering class net.runelite.api.events.VarbitChanged - EventBus.Subscriber(object=net.runelite.client.plugins.timersandbuffs.TimersAndBuffsPlugin@66f28a1f, method=public void net.runelite.client.plugins.timersandbuffs.TimersAndBuffsPlugin.onVarbitChanged(net.runelite.api.events.VarbitChanged), priority=0.0, lambda=net.runelite.client.plugins.timersandbuffs.TimersAndBuffsPlugin$$Lambda$1130/0x00000008009c1040@7249f141)
2026-05-24 12:38:00 CDT [AWT-EventQueue-0] DEBUG n.runelite.client.eventbus.EventBus - Registering class net.runelite.api.events.NpcDespawned - EventBus.Subscriber(object=net.runelite.client.plugins.timersandbuffs.TimersAndBuffsPlugin@66f28a1f, method=public void net.runelite.client.plugins.timersandbuffs.TimersAndBuffsPlugin.onNpcDespawned(net.runelite.api.events.NpcDespawned), priority=0.0, lambda=net.runelite.client.plugins.timersandbuffs.TimersAndBuffsPlugin$$Lambda$1131/0x00000008009c1440@5e9252c7)
2026-05-24 12:38:00 CDT [AWT-EventQueue-0] DEBUG n.runelite.client.eventbus.EventBus - Registering class net.runelite.api.events.ActorDeath - EventBus.Subscriber(object=net.runelite.client.plugins.timersandbuffs.TimersAndBuffsPlugin@66f28a1f, method=public void net.runelite.client.plugins.timersandbuffs.TimersAndBuffsPlugin.onActorDeath(net.runelite.api.events.ActorDeath), priority=0.0, lambda=net.runelite.client.plugins.timersandbuffs.TimersAndBuffsPlugin$$Lambda$1132/0x00000008009c1840@53bacf79)
2026-05-24 12:38:00 CDT [AWT-EventQueue-0] DEBUG n.runelite.client.eventbus.EventBus - Registering class net.runelite.api.events.NpcSpawned - EventBus.Subscriber(object=net.runelite.client.plugins.timersandbuffs.TimersAndBuffsPlugin@66f28a1f, method=void net.runelite.client.plugins.timersandbuffs.TimersAndBuffsPlugin.onNpcSpawned(net.runelite.api.events.NpcSpawned), priority=0.0, lambda=net.runelite.client.plugins.timersandbuffs.TimersAndBuffsPlugin$$Lambda$1133/0x00000008009c1c40@f729eb9)
2026-05-24 12:38:00 CDT [AWT-EventQueue-0] DEBUG n.runelite.client.eventbus.EventBus - Registering class net.runelite.api.events.GraphicChanged - EventBus.Subscriber(object=net.runelite.client.plugins.timersandbuffs.TimersAndBuffsPlugin@66f28a1f, method=public void net.runelite.client.plugins.timersandbuffs.TimersAndBuffsPlugin.onGraphicChanged(net.runelite.api.events.GraphicChanged), priority=0.0, lambda=net.runelite.client.plugins.timersandbuffs.TimersAndBuffsPlugin$$Lambda$1134/0x00000008009c2040@43fb65c7)
2026-05-24 12:38:00 CDT [AWT-EventQueue-0] DEBUG n.runelite.client.eventbus.EventBus - Registering class net.runelite.api.events.ChatMessage - EventBus.Subscriber(object=net.runelite.client.plugins.timersandbuffs.TimersAndBuffsPlugin@66f28a1f, method=public void net.runelite.client.plugins.timersandbuffs.TimersAndBuffsPlugin.onChatMessage(net.runelite.api.events.ChatMessage), priority=0.0, lambda=net.runelite.client.plugins.timersandbuffs.TimersAndBuffsPlugin$$Lambda$1135/0x00000008009c2440@4c8a3f36)
2026-05-24 12:38:00 CDT [AWT-EventQueue-0] DEBUG n.r.c.u.o.infobox.InfoBoxManager - Adding InfoBox net.runelite.client.plugins.boosts.StatChangeIndicator@60efc573
2026-05-24 12:38:00 CDT [AWT-EventQueue-0] DEBUG n.runelite.client.eventbus.EventBus - Registering class net.runelite.api.events.MenuOptionClicked - EventBus.Subscriber(object=net.runelite.client.ui.overlay.infobox.InfoBoxOverlay@51ec5a3a, method=public void net.runelite.client.ui.overlay.infobox.InfoBoxOverlay.onMenuOptionClicked(net.runelite.api.events.MenuOptionClicked), priority=0.0, lambda=net.runelite.client.ui.overlay.infobox.InfoBoxOverlay$$Lambda$1137/0x00000008009c2c40@4f36d929)
2026-05-24 12:38:00 CDT [AWT-EventQueue-0] DEBUG n.r.c.u.o.infobox.InfoBoxManager - Adding InfoBox net.runelite.client.plugins.boosts.StatChangeIndicator@5b54b038
2026-05-24 12:38:00 CDT [AWT-EventQueue-0] DEBUG n.r.c.u.o.infobox.InfoBoxManager - Adding InfoBox net.runelite.client.plugins.boosts.BoostIndicator@53ab8cce
2026-05-24 12:38:00 CDT [AWT-EventQueue-0] DEBUG n.r.c.u.o.infobox.InfoBoxManager - Adding InfoBox net.runelite.client.plugins.boosts.BoostIndicator@4d612b47
2026-05-24 12:38:00 CDT [AWT-EventQueue-0] DEBUG n.r.c.u.o.infobox.InfoBoxManager - Adding InfoBox net.runelite.client.plugins.boosts.BoostIndicator@32d2311
2026-05-24 12:38:00 CDT [AWT-EventQueue-0] DEBUG n.r.c.u.o.infobox.InfoBoxManager - Adding InfoBox net.runelite.client.plugins.boosts.BoostIndicator@517b020c
2026-05-24 12:38:00 CDT [AWT-EventQueue-0] DEBUG n.r.c.u.o.infobox.InfoBoxManager - Adding InfoBox net.runelite.client.plugins.boosts.BoostIndicator@5eb92911
2026-05-24 12:38:00 CDT [AWT-EventQueue-0] DEBUG n.r.c.u.o.infobox.InfoBoxManager - Adding InfoBox net.runelite.client.plugins.boosts.BoostIndicator@1a461a92
2026-05-24 12:38:00 CDT [AWT-EventQueue-0] DEBUG n.r.c.u.o.infobox.InfoBoxManager - Adding InfoBox net.runelite.client.plugins.boosts.BoostIndicator@70198760
2026-05-24 12:38:00 CDT [AWT-EventQueue-0] DEBUG n.r.c.u.o.infobox.InfoBoxManager - Adding InfoBox net.runelite.client.plugins.boosts.BoostIndicator@797b800d
2026-05-24 12:38:00 CDT [AWT-EventQueue-0] DEBUG n.r.c.u.o.infobox.InfoBoxManager - Adding InfoBox net.runelite.client.plugins.boosts.BoostIndicator@6e9ddf92
2026-05-24 12:38:00 CDT [AWT-EventQueue-0] DEBUG n.r.c.u.o.infobox.InfoBoxManager - Adding InfoBox net.runelite.client.plugins.boosts.BoostIndicator@4425ca59
2026-05-24 12:38:00 CDT [AWT-EventQueue-0] DEBUG n.r.c.u.o.infobox.InfoBoxManager - Adding InfoBox net.runelite.client.plugins.boosts.BoostIndicator@78bb673a
2026-05-24 12:38:00 CDT [AWT-EventQueue-0] DEBUG n.r.c.u.o.infobox.InfoBoxManager - Adding InfoBox net.runelite.client.plugins.boosts.BoostIndicator@5d65ebc8
2026-05-24 12:38:00 CDT [AWT-EventQueue-0] DEBUG n.r.c.u.o.infobox.InfoBoxManager - Adding InfoBox net.runelite.client.plugins.boosts.BoostIndicator@5d84ceb9
2026-05-24 12:38:00 CDT [AWT-EventQueue-0] DEBUG n.r.c.u.o.infobox.InfoBoxManager - Adding InfoBox net.runelite.client.plugins.boosts.BoostIndicator@3799a052
2026-05-24 12:38:00 CDT [AWT-EventQueue-0] DEBUG n.r.c.u.o.infobox.InfoBoxManager - Adding InfoBox net.runelite.client.plugins.boosts.BoostIndicator@1438832c
2026-05-24 12:38:00 CDT [AWT-EventQueue-0] DEBUG n.r.c.u.o.infobox.InfoBoxManager - Adding InfoBox net.runelite.client.plugins.boosts.BoostIndicator@667101c8
2026-05-24 12:38:00 CDT [AWT-EventQueue-0] DEBUG n.r.c.u.o.infobox.InfoBoxManager - Adding InfoBox net.runelite.client.plugins.boosts.BoostIndicator@1d7beab9
2026-05-24 12:38:00 CDT [AWT-EventQueue-0] DEBUG n.r.c.u.o.infobox.InfoBoxManager - Adding InfoBox net.runelite.client.plugins.boosts.BoostIndicator@679a4274
2026-05-24 12:38:00 CDT [AWT-EventQueue-0] DEBUG n.r.c.u.o.infobox.InfoBoxManager - Adding InfoBox net.runelite.client.plugins.boosts.BoostIndicator@37eb8c48
2026-05-24 12:38:00 CDT [AWT-EventQueue-0] DEBUG n.r.c.u.o.infobox.InfoBoxManager - Adding InfoBox net.runelite.client.plugins.boosts.BoostIndicator@59fab43c
2026-05-24 12:38:00 CDT [AWT-EventQueue-0] DEBUG n.r.c.u.o.infobox.InfoBoxManager - Adding InfoBox net.runelite.client.plugins.boosts.BoostIndicator@1b16b398
2026-05-24 12:38:00 CDT [AWT-EventQueue-0] DEBUG n.r.c.u.o.infobox.InfoBoxManager - Adding InfoBox net.runelite.client.plugins.boosts.BoostIndicator@2e2acb6c
2026-05-24 12:38:00 CDT [AWT-EventQueue-0] DEBUG n.r.c.u.o.infobox.InfoBoxManager - Adding InfoBox net.runelite.client.plugins.boosts.BoostIndicator@45c88b2d
2026-05-24 12:38:00 CDT [AWT-EventQueue-0] DEBUG n.r.c.u.o.infobox.InfoBoxManager - Adding InfoBox net.runelite.client.plugins.boosts.BoostIndicator@491f8cfc
2026-05-24 12:38:00 CDT [AWT-EventQueue-0] DEBUG n.r.client.plugins.PluginManager - Plugin BoostsPlugin is now running
2026-05-24 12:38:00 CDT [AWT-EventQueue-0] DEBUG n.runelite.client.eventbus.EventBus - Registering class net.runelite.client.events.ConfigChanged - EventBus.Subscriber(object=net.runelite.client.plugins.boosts.BoostsPlugin@443faa85, method=public void net.runelite.client.plugins.boosts.BoostsPlugin.onConfigChanged(net.runelite.client.events.ConfigChanged), priority=0.0, lambda=net.runelite.client.plugins.boosts.BoostsPlugin$$Lambda$1139/0x00000008009c3440@1fb2aa04)
2026-05-24 12:38:00 CDT [AWT-EventQueue-0] DEBUG n.runelite.client.eventbus.EventBus - Registering class net.runelite.api.events.GameTick - EventBus.Subscriber(object=net.runelite.client.plugins.boosts.BoostsPlugin@443faa85, method=public void net.runelite.client.plugins.boosts.BoostsPlugin.onGameTick(net.runelite.api.events.GameTick), priority=0.0, lambda=net.runelite.client.plugins.boosts.BoostsPlugin$$Lambda$1140/0x00000008009c3840@2b6fcc68)
2026-05-24 12:38:00 CDT [AWT-EventQueue-0] DEBUG n.runelite.client.eventbus.EventBus - Registering class net.runelite.api.events.GameStateChanged - EventBus.Subscriber(object=net.runelite.client.plugins.boosts.BoostsPlugin@443faa85, method=public void net.runelite.client.plugins.boosts.BoostsPlugin.onGameStateChanged(net.runelite.api.events.GameStateChanged), priority=0.0, lambda=net.runelite.client.plugins.boosts.BoostsPlugin$$Lambda$1141/0x00000008009c3c40@1d61b582)
2026-05-24 12:38:00 CDT [AWT-EventQueue-0] DEBUG n.runelite.client.eventbus.EventBus - Registering class net.runelite.api.events.StatChanged - EventBus.Subscriber(object=net.runelite.client.plugins.boosts.BoostsPlugin@443faa85, method=public void net.runelite.client.plugins.boosts.BoostsPlugin.onStatChanged(net.runelite.api.events.StatChanged), priority=0.0, lambda=net.runelite.client.plugins.boosts.BoostsPlugin$$Lambda$1142/0x00000008009c4040@404b746f)
2026-05-24 12:38:00 CDT [AWT-EventQueue-0] DEBUG n.r.client.plugins.PluginManager - Plugin FriendListPlugin is now running
2026-05-24 12:38:00 CDT [AWT-EventQueue-0] DEBUG n.runelite.client.eventbus.EventBus - Registering class net.runelite.api.events.MenuEntryAdded - EventBus.Subscriber(object=net.runelite.client.plugins.friendlist.FriendListPlugin@40230eb9, method=public void net.runelite.client.plugins.friendlist.FriendListPlugin.onMenuEntryAdded(net.runelite.api.events.MenuEntryAdded), priority=0.0, lambda=net.runelite.client.plugins.friendlist.FriendListPlugin$$Lambda$1143/0x00000008009c4440@b98da97)
2026-05-24 12:38:00 CDT [AWT-EventQueue-0] DEBUG n.runelite.client.eventbus.EventBus - Registering class net.runelite.api.events.ScriptPostFired - EventBus.Subscriber(object=net.runelite.client.plugins.friendlist.FriendListPlugin@40230eb9, method=public void net.runelite.client.plugins.friendlist.FriendListPlugin.onScriptPostFired(net.runelite.api.events.ScriptPostFired), priority=0.0, lambda=net.runelite.client.plugins.friendlist.FriendListPlugin$$Lambda$1144/0x00000008009c4840@2c5ef97b)
2026-05-24 12:38:00 CDT [AWT-EventQueue-0] DEBUG n.runelite.client.eventbus.EventBus - Registering class net.runelite.api.events.ChatMessage - EventBus.Subscriber(object=net.runelite.client.plugins.friendlist.FriendListPlugin@40230eb9, method=public void net.runelite.client.plugins.friendlist.FriendListPlugin.onChatMessage(net.runelite.api.events.ChatMessage), priority=0.0, lambda=net.runelite.client.plugins.friendlist.FriendListPlugin$$Lambda$1145/0x00000008009c4c40@26143dae)
2026-05-24 12:38:00 CDT [AWT-EventQueue-0] DEBUG n.r.client.plugins.PluginManager - Scheduled task ScheduledMethod(schedule=@net.runelite.client.task.Schedule(asynchronous=false, period=5, unit=Seconds), method=public void net.runelite.client.plugins.friendlist.FriendListPlugin.setHideNotifications(), object=net.runelite.client.plugins.friendlist.FriendListPlugin@40230eb9, lambda=net.runelite.client.plugins.friendlist.FriendListPlugin$$Lambda$1146/0x00000008009c5040@77a334a0, last=2026-05-24T17:38:00.708855400Z)
2026-05-24 12:38:00 CDT [AWT-EventQueue-0] DEBUG n.r.client.plugins.PluginManager - Plugin NpcIndicatorsPlugin is now running
2026-05-24 12:38:00 CDT [AWT-EventQueue-0] DEBUG n.runelite.client.eventbus.EventBus - Registering class net.runelite.api.events.GraphicsObjectCreated - EventBus.Subscriber(object=net.runelite.client.plugins.npchighlight.NpcIndicatorsPlugin@101a461c, method=public void net.runelite.client.plugins.npchighlight.NpcIndicatorsPlugin.onGraphicsObjectCreated(net.runelite.api.events.GraphicsObjectCreated), priority=0.0, lambda=net.runelite.client.plugins.npchighlight.NpcIndicatorsPlugin$$Lambda$1148/0x00000008009c5840@5e70bb62)
2026-05-24 12:38:00 CDT [AWT-EventQueue-0] DEBUG n.runelite.client.eventbus.EventBus - Registering class net.runelite.client.events.ConfigChanged - EventBus.Subscriber(object=net.runelite.client.plugins.npchighlight.NpcIndicatorsPlugin@101a461c, method=public void net.runelite.client.plugins.npchighlight.NpcIndicatorsPlugin.onConfigChanged(net.runelite.client.events.ConfigChanged), priority=0.0, lambda=net.runelite.client.plugins.npchighlight.NpcIndicatorsPlugin$$Lambda$1149/0x00000008009c5c40@2c2c9aba)
2026-05-24 12:38:00 CDT [AWT-EventQueue-0] DEBUG n.runelite.client.eventbus.EventBus - Registering class net.runelite.api.events.GameTick - EventBus.Subscriber(object=net.runelite.client.plugins.npchighlight.NpcIndicatorsPlugin@101a461c, method=public void net.runelite.client.plugins.npchighlight.NpcIndicatorsPlugin.onGameTick(net.runelite.api.events.GameTick), priority=0.0, lambda=net.runelite.client.plugins.npchighlight.NpcIndicatorsPlugin$$Lambda$1150/0x00000008009c6040@ba697f1)
2026-05-24 12:38:00 CDT [AWT-EventQueue-0] DEBUG n.runelite.client.eventbus.EventBus - Registering class net.runelite.api.events.GameStateChanged - EventBus.Subscriber(object=net.runelite.client.plugins.npchighlight.NpcIndicatorsPlugin@101a461c, method=public void net.runelite.client.plugins.npchighlight.NpcIndicatorsPlugin.onGameStateChanged(net.runelite.api.events.GameStateChanged), priority=0.0, lambda=net.runelite.client.plugins.npchighlight.NpcIndicatorsPlugin$$Lambda$1151/0x00000008009c6440@37eae1e4)
2026-05-24 12:38:00 CDT [AWT-EventQueue-0] DEBUG n.runelite.client.eventbus.EventBus - Registering class net.runelite.api.events.NpcChanged - EventBus.Subscriber(object=net.runelite.client.plugins.npchighlight.NpcIndicatorsPlugin@101a461c, method=public void net.runelite.client.plugins.npchighlight.NpcIndicatorsPlugin.onNpcChanged(net.runelite.api.events.NpcChanged), priority=0.0, lambda=net.runelite.client.plugins.npchighlight.NpcIndicatorsPlugin$$Lambda$1152/0x00000008009c6840@6c17c92e)
2026-05-24 12:38:00 CDT [AWT-EventQueue-0] DEBUG n.runelite.client.eventbus.EventBus - Registering class net.runelite.api.events.NpcDespawned - EventBus.Subscriber(object=net.runelite.client.plugins.npchighlight.NpcIndicatorsPlugin@101a461c, method=public void net.runelite.client.plugins.npchighlight.NpcIndicatorsPlugin.onNpcDespawned(net.runelite.api.events.NpcDespawned), priority=0.0, lambda=net.runelite.client.plugins.npchighlight.NpcIndicatorsPlugin$$Lambda$1153/0x00000008009c6c40@2983e8f3)
2026-05-24 12:38:00 CDT [AWT-EventQueue-0] DEBUG n.runelite.client.eventbus.EventBus - Registering class net.runelite.api.events.NpcSpawned - EventBus.Subscriber(object=net.runelite.client.plugins.npchighlight.NpcIndicatorsPlugin@101a461c, method=public void net.runelite.client.plugins.npchighlight.NpcIndicatorsPlugin.onNpcSpawned(net.runelite.api.events.NpcSpawned), priority=0.0, lambda=net.runelite.client.plugins.npchighlight.NpcIndicatorsPlugin$$Lambda$1154/0x00000008009c7040@26cefd8f)
2026-05-24 12:38:00 CDT [AWT-EventQueue-0] DEBUG n.runelite.client.eventbus.EventBus - Registering class net.runelite.api.events.MenuEntryAdded - EventBus.Subscriber(object=net.runelite.client.plugins.npchighlight.NpcIndicatorsPlugin@101a461c, method=public void net.runelite.client.plugins.npchighlight.NpcIndicatorsPlugin.onMenuEntryAdded(net.runelite.api.events.MenuEntryAdded), priority=0.0, lambda=net.runelite.client.plugins.npchighlight.NpcIndicatorsPlugin$$Lambda$1155/0x00000008009c7440@6fea9a75)
2026-05-24 12:38:00 CDT [AWT-EventQueue-0] DEBUG n.r.client.plugins.PluginManager - Plugin HunterPlugin is now running
2026-05-24 12:38:00 CDT [AWT-EventQueue-0] DEBUG n.runelite.client.eventbus.EventBus - Registering class net.runelite.api.events.GameObjectSpawned - EventBus.Subscriber(object=net.runelite.client.plugins.hunter.HunterPlugin@7650ded6, method=public void net.runelite.client.plugins.hunter.HunterPlugin.onGameObjectSpawned(net.runelite.api.events.GameObjectSpawned), priority=0.0, lambda=net.runelite.client.plugins.hunter.HunterPlugin$$Lambda$1156/0x00000008009c7840@42b5f370)
2026-05-24 12:38:00 CDT [AWT-EventQueue-0] DEBUG n.runelite.client.eventbus.EventBus - Registering class net.runelite.client.events.ConfigChanged - EventBus.Subscriber(object=net.runelite.client.plugins.hunter.HunterPlugin@7650ded6, method=public void net.runelite.client.plugins.hunter.HunterPlugin.onConfigChanged(net.runelite.client.events.ConfigChanged), priority=0.0, lambda=net.runelite.client.plugins.hunter.HunterPlugin$$Lambda$1157/0x00000008009c7c40@353fbe5e)
2026-05-24 12:38:00 CDT [AWT-EventQueue-0] DEBUG n.runelite.client.eventbus.EventBus - Registering class net.runelite.api.events.GameTick - EventBus.Subscriber(object=net.runelite.client.plugins.hunter.HunterPlugin@7650ded6, method=public void net.runelite.client.plugins.hunter.HunterPlugin.onGameTick(net.runelite.api.events.GameTick), priority=0.0, lambda=net.runelite.client.plugins.hunter.HunterPlugin$$Lambda$1158/0x00000008009c8040@58786cad)
2026-05-24 12:38:00 CDT [AWT-EventQueue-0] DEBUG n.r.client.plugins.PluginManager - Plugin AccountPlugin is now running
2026-05-24 12:38:00 CDT [AWT-EventQueue-0] DEBUG n.runelite.client.eventbus.EventBus - Registering class net.runelite.client.events.SessionClose - EventBus.Subscriber(object=net.runelite.client.plugins.account.AccountPlugin@3382cf68, method=public void net.runelite.client.plugins.account.AccountPlugin.onSessionClose(net.runelite.client.events.SessionClose), priority=0.0, lambda=net.runelite.client.plugins.account.AccountPlugin$$Lambda$1162/0x00000008009c9040@45815192)
2026-05-24 12:38:00 CDT [AWT-EventQueue-0] DEBUG n.runelite.client.eventbus.EventBus - Registering class net.runelite.client.events.SessionOpen - EventBus.Subscriber(object=net.runelite.client.plugins.account.AccountPlugin@3382cf68, method=public void net.runelite.client.plugins.account.AccountPlugin.onSessionOpen(net.runelite.client.events.SessionOpen), priority=0.0, lambda=net.runelite.client.plugins.account.AccountPlugin$$Lambda$1163/0x00000008009c9440@6e5b11c7)
2026-05-24 12:38:00 CDT [AWT-EventQueue-0] DEBUG n.r.client.plugins.PluginManager - Plugin StretchedModePlugin is now running
2026-05-24 12:38:00 CDT [AWT-EventQueue-0] DEBUG n.runelite.client.eventbus.EventBus - Registering class net.runelite.client.events.ConfigChanged - EventBus.Subscriber(object=net.runelite.client.plugins.stretchedmode.StretchedModePlugin@31120021, method=public void net.runelite.client.plugins.stretchedmode.StretchedModePlugin.onConfigChanged(net.runelite.client.events.ConfigChanged), priority=0.0, lambda=net.runelite.client.plugins.stretchedmode.StretchedModePlugin$$Lambda$1164/0x00000008009c9840@3cb9ae38)
2026-05-24 12:38:00 CDT [AWT-EventQueue-0] DEBUG n.runelite.client.eventbus.EventBus - Registering class net.runelite.api.events.ResizeableChanged - EventBus.Subscriber(object=net.runelite.client.plugins.stretchedmode.StretchedModePlugin@31120021, method=public void net.runelite.client.plugins.stretchedmode.StretchedModePlugin.onResizeableChanged(net.runelite.api.events.ResizeableChanged), priority=0.0, lambda=net.runelite.client.plugins.stretchedmode.StretchedModePlugin$$Lambda$1165/0x00000008009c9c40@3cb13d32)
2026-05-24 12:38:00 CDT [AWT-EventQueue-0] DEBUG n.r.client.plugins.PluginManager - Plugin SpellbookPlugin is now running
2026-05-24 12:38:00 CDT [AWT-EventQueue-0] DEBUG n.runelite.client.eventbus.EventBus - Registering class net.runelite.client.events.ProfileChanged - EventBus.Subscriber(object=net.runelite.client.plugins.spellbook.SpellbookPlugin@3458eca5, method=public void net.runelite.client.plugins.spellbook.SpellbookPlugin.onProfileChanged(net.runelite.client.events.ProfileChanged), priority=0.0, lambda=net.runelite.client.plugins.spellbook.SpellbookPlugin$$Lambda$1170/0x00000008009cb040@3033e497)
2026-05-24 12:38:00 CDT [AWT-EventQueue-0] DEBUG n.runelite.client.eventbus.EventBus - Registering class net.runelite.api.events.ScriptCallbackEvent - EventBus.Subscriber(object=net.runelite.client.plugins.spellbook.SpellbookPlugin@3458eca5, method=public void net.runelite.client.plugins.spellbook.SpellbookPlugin.onScriptCallbackEvent(net.runelite.api.events.ScriptCallbackEvent), priority=0.0, lambda=net.runelite.client.plugins.spellbook.SpellbookPlugin$$Lambda$1171/0x00000008009cb440@6be24e46)
2026-05-24 12:38:00 CDT [AWT-EventQueue-0] DEBUG n.runelite.client.eventbus.EventBus - Registering class net.runelite.api.events.WidgetDrag - EventBus.Subscriber(object=net.runelite.client.plugins.spellbook.SpellbookPlugin@3458eca5, method=public void net.runelite.client.plugins.spellbook.SpellbookPlugin.onWidgetDrag(net.runelite.api.events.WidgetDrag), priority=0.0, lambda=net.runelite.client.plugins.spellbook.SpellbookPlugin$$Lambda$1172/0x00000008009cb840@21048bd2)
2026-05-24 12:38:00 CDT [AWT-EventQueue-0] DEBUG n.runelite.client.eventbus.EventBus - Registering class net.runelite.api.events.ScriptPreFired - EventBus.Subscriber(object=net.runelite.client.plugins.spellbook.SpellbookPlugin@3458eca5, method=public void net.runelite.client.plugins.spellbook.SpellbookPlugin.onScriptPreFired(net.runelite.api.events.ScriptPreFired), priority=0.0, lambda=net.runelite.client.plugins.spellbook.SpellbookPlugin$$Lambda$1173/0x00000008009cbc40@1b28634c)
2026-05-24 12:38:00 CDT [AWT-EventQueue-0] DEBUG n.r.client.plugins.PluginManager - Plugin FishingPlugin is now running
2026-05-24 12:38:00 CDT [AWT-EventQueue-0] DEBUG n.runelite.client.eventbus.EventBus - Registering class net.runelite.api.events.InteractingChanged - EventBus.Subscriber(object=net.runelite.client.plugins.fishing.FishingPlugin@66deec87, method=public void net.runelite.client.plugins.fishing.FishingPlugin.onInteractingChanged(net.runelite.api.events.InteractingChanged), priority=0.0, lambda=net.runelite.client.plugins.fishing.FishingPlugin$$Lambda$1174/0x00000008009cc040@180b8b79)
2026-05-24 12:38:00 CDT [AWT-EventQueue-0] DEBUG n.runelite.client.eventbus.EventBus - Registering class net.runelite.api.events.ItemContainerChanged - EventBus.Subscriber(object=net.runelite.client.plugins.fishing.FishingPlugin@66deec87, method=public void net.runelite.client.plugins.fishing.FishingPlugin.onItemContainerChanged(net.runelite.api.events.ItemContainerChanged), priority=0.0, lambda=net.runelite.client.plugins.fishing.FishingPlugin$$Lambda$1175/0x00000008009cc440@24ed1abe)
2026-05-24 12:38:00 CDT [AWT-EventQueue-0] DEBUG n.runelite.client.eventbus.EventBus - Registering class net.runelite.api.events.GameTick - EventBus.Subscriber(object=net.runelite.client.plugins.fishing.FishingPlugin@66deec87, method=public void net.runelite.client.plugins.fishing.FishingPlugin.onGameTick(net.runelite.api.events.GameTick), priority=0.0, lambda=net.runelite.client.plugins.fishing.FishingPlugin$$Lambda$1176/0x00000008009cc840@7b2864bb)
2026-05-24 12:38:00 CDT [AWT-EventQueue-0] DEBUG n.runelite.client.eventbus.EventBus - Registering class net.runelite.api.events.GameStateChanged - EventBus.Subscriber(object=net.runelite.client.plugins.fishing.FishingPlugin@66deec87, method=public void net.runelite.client.plugins.fishing.FishingPlugin.onGameStateChanged(net.runelite.api.events.GameStateChanged), priority=0.0, lambda=net.runelite.client.plugins.fishing.FishingPlugin$$Lambda$1177/0x00000008009ccc40@7ab90675)
2026-05-24 12:38:00 CDT [AWT-EventQueue-0] DEBUG n.runelite.client.eventbus.EventBus - Registering class net.runelite.api.events.NpcDespawned - EventBus.Subscriber(object=net.runelite.client.plugins.fishing.FishingPlugin@66deec87, method=public void net.runelite.client.plugins.fishing.FishingPlugin.onNpcDespawned(net.runelite.api.events.NpcDespawned), priority=0.0, lambda=net.runelite.client.plugins.fishing.FishingPlugin$$Lambda$1178/0x00000008009cd040@1e6fd348)
2026-05-24 12:38:00 CDT [AWT-EventQueue-0] DEBUG n.runelite.client.eventbus.EventBus - Registering class net.runelite.api.events.NpcSpawned - EventBus.Subscriber(object=net.runelite.client.plugins.fishing.FishingPlugin@66deec87, method=public void net.runelite.client.plugins.fishing.FishingPlugin.onNpcSpawned(net.runelite.api.events.NpcSpawned), priority=0.0, lambda=net.runelite.client.plugins.fishing.FishingPlugin$$Lambda$1179/0x00000008009cd440@7455b479)
2026-05-24 12:38:00 CDT [AWT-EventQueue-0] DEBUG n.runelite.client.eventbus.EventBus - Registering class net.runelite.api.events.WidgetLoaded - EventBus.Subscriber(object=net.runelite.client.plugins.fishing.FishingPlugin@66deec87, method=public void net.runelite.client.plugins.fishing.FishingPlugin.onWidgetLoaded(net.runelite.api.events.WidgetLoaded), priority=0.0, lambda=net.runelite.client.plugins.fishing.FishingPlugin$$Lambda$1180/0x00000008009cd840@615be4d3)
2026-05-24 12:38:00 CDT [AWT-EventQueue-0] DEBUG n.runelite.client.eventbus.EventBus - Registering class net.runelite.api.events.ChatMessage - EventBus.Subscriber(object=net.runelite.client.plugins.fishing.FishingPlugin@66deec87, method=public void net.runelite.client.plugins.fishing.FishingPlugin.onChatMessage(net.runelite.api.events.ChatMessage), priority=0.0, lambda=net.runelite.client.plugins.fishing.FishingPlugin$$Lambda$1181/0x00000008009cdc40@12702509)
2026-05-24 12:38:00 CDT [AWT-EventQueue-0] DEBUG net.runelite.client.input.KeyManager - Registering key listener: net.runelite.client.plugins.chatcommands.ChatKeyboardListener@67daf27c
2026-05-24 12:38:00 CDT [AWT-EventQueue-0] DEBUG n.r.client.plugins.PluginManager - Plugin ChatCommandsPlugin is now running
2026-05-24 12:38:00 CDT [AWT-EventQueue-0] DEBUG n.runelite.client.eventbus.EventBus - Registering class net.runelite.api.events.GameTick - EventBus.Subscriber(object=net.runelite.client.plugins.chatcommands.ChatCommandsPlugin@6badba10, method=public void net.runelite.client.plugins.chatcommands.ChatCommandsPlugin.onGameTick(net.runelite.api.events.GameTick), priority=0.0, lambda=net.runelite.client.plugins.chatcommands.ChatCommandsPlugin$$Lambda$1209/0x00000008009d4c40@4fc5cfdf)
2026-05-24 12:38:00 CDT [AWT-EventQueue-0] DEBUG n.runelite.client.eventbus.EventBus - Registering class net.runelite.api.events.GameStateChanged - EventBus.Subscriber(object=net.runelite.client.plugins.chatcommands.ChatCommandsPlugin@6badba10, method=public void net.runelite.client.plugins.chatcommands.ChatCommandsPlugin.onGameStateChanged(net.runelite.api.events.GameStateChanged), priority=0.0, lambda=net.runelite.client.plugins.chatcommands.ChatCommandsPlugin$$Lambda$1210/0x00000008009d5040@262e348d)
2026-05-24 12:38:00 CDT [AWT-EventQueue-0] DEBUG n.runelite.client.eventbus.EventBus - Registering class net.runelite.api.events.VarbitChanged - EventBus.Subscriber(object=net.runelite.client.plugins.chatcommands.ChatCommandsPlugin@6badba10, method=public void net.runelite.client.plugins.chatcommands.ChatCommandsPlugin.onVarbitChanged(net.runelite.api.events.VarbitChanged), priority=0.0, lambda=net.runelite.client.plugins.chatcommands.ChatCommandsPlugin$$Lambda$1211/0x00000008009d5440@2665aa5d)
2026-05-24 12:38:00 CDT [AWT-EventQueue-0] DEBUG n.runelite.client.eventbus.EventBus - Registering class net.runelite.api.events.WidgetLoaded - EventBus.Subscriber(object=net.runelite.client.plugins.chatcommands.ChatCommandsPlugin@6badba10, method=public void net.runelite.client.plugins.chatcommands.ChatCommandsPlugin.onWidgetLoaded(net.runelite.api.events.WidgetLoaded), priority=0.0, lambda=net.runelite.client.plugins.chatcommands.ChatCommandsPlugin$$Lambda$1212/0x00000008009d5840@ca71739)
2026-05-24 12:38:00 CDT [AWT-EventQueue-0] DEBUG n.runelite.client.eventbus.EventBus - Registering class net.runelite.api.events.ScriptPostFired - EventBus.Subscriber(object=net.runelite.client.plugins.chatcommands.ChatCommandsPlugin@6badba10, method=public void net.runelite.client.plugins.chatcommands.ChatCommandsPlugin.onScriptPostFired(net.runelite.api.events.ScriptPostFired), priority=0.0, lambda=net.runelite.client.plugins.chatcommands.ChatCommandsPlugin$$Lambda$1213/0x00000008009d5c40@39e88694)
2026-05-24 12:38:00 CDT [AWT-EventQueue-0] DEBUG n.runelite.client.eventbus.EventBus - Registering class net.runelite.api.events.ChatMessage - EventBus.Subscriber(object=net.runelite.client.plugins.chatcommands.ChatCommandsPlugin@6badba10, method=public void net.runelite.client.plugins.chatcommands.ChatCommandsPlugin.onChatMessage(net.runelite.api.events.ChatMessage), priority=0.0, lambda=net.runelite.client.plugins.chatcommands.ChatCommandsPlugin$$Lambda$1214/0x00000008009d6040@e10a23)
2026-05-24 12:38:00 CDT [AWT-EventQueue-0] DEBUG n.r.client.plugins.PluginManager - Plugin XpDropPlugin is now running
2026-05-24 12:38:00 CDT [AWT-EventQueue-0] DEBUG n.runelite.client.eventbus.EventBus - Registering class net.runelite.api.events.GameTick - EventBus.Subscriber(object=net.runelite.client.plugins.xpdrop.XpDropPlugin@1756f7cc, method=public void net.runelite.client.plugins.xpdrop.XpDropPlugin.onGameTick(net.runelite.api.events.GameTick), priority=0.0, lambda=net.runelite.client.plugins.xpdrop.XpDropPlugin$$Lambda$1215/0x00000008009d6440@682f6590)
2026-05-24 12:38:00 CDT [AWT-EventQueue-0] DEBUG n.runelite.client.eventbus.EventBus - Registering class net.runelite.api.events.StatChanged - EventBus.Subscriber(object=net.runelite.client.plugins.xpdrop.XpDropPlugin@1756f7cc, method=public void net.runelite.client.plugins.xpdrop.XpDropPlugin.onStatChanged(net.runelite.api.events.StatChanged), priority=0.0, lambda=net.runelite.client.plugins.xpdrop.XpDropPlugin$$Lambda$1216/0x00000008009d6840@adcc699)
2026-05-24 12:38:00 CDT [AWT-EventQueue-0] DEBUG n.runelite.client.eventbus.EventBus - Registering class net.runelite.api.events.ScriptPreFired - EventBus.Subscriber(object=net.runelite.client.plugins.xpdrop.XpDropPlugin@1756f7cc, method=public void net.runelite.client.plugins.xpdrop.XpDropPlugin.onScriptPreFired(net.runelite.api.events.ScriptPreFired), priority=0.0, lambda=net.runelite.client.plugins.xpdrop.XpDropPlugin$$Lambda$1217/0x00000008009d6c40@784fcbca)
2026-05-24 12:38:00 CDT [AWT-EventQueue-0] DEBUG n.r.client.plugins.PluginManager - Plugin LootTrackerPlugin is now running
2026-05-24 12:38:00 CDT [AWT-EventQueue-0] DEBUG n.runelite.client.eventbus.EventBus - Registering class net.runelite.api.events.MenuOptionClicked - EventBus.Subscriber(object=net.runelite.client.plugins.loottracker.LootTrackerPlugin@3e8b3b79, method=public void net.runelite.client.plugins.loottracker.LootTrackerPlugin.onMenuOptionClicked(net.runelite.api.events.MenuOptionClicked), priority=0.0, lambda=net.runelite.client.plugins.loottracker.LootTrackerPlugin$$Lambda$1230/0x00000008009e3040@7b1dc702)
2026-05-24 12:38:00 CDT [AWT-EventQueue-0] DEBUG n.runelite.client.eventbus.EventBus - Registering class net.runelite.api.events.ItemContainerChanged - EventBus.Subscriber(object=net.runelite.client.plugins.loottracker.LootTrackerPlugin@3e8b3b79, method=public void net.runelite.client.plugins.loottracker.LootTrackerPlugin.onItemContainerChanged(net.runelite.api.events.ItemContainerChanged), priority=0.0, lambda=net.runelite.client.plugins.loottracker.LootTrackerPlugin$$Lambda$1231/0x00000008009e3440@7c1a5faa)
2026-05-24 12:38:00 CDT [AWT-EventQueue-0] DEBUG n.runelite.client.eventbus.EventBus - Registering class net.runelite.client.events.ConfigChanged - EventBus.Subscriber(object=net.runelite.client.plugins.loottracker.LootTrackerPlugin@3e8b3b79, method=public void net.runelite.client.plugins.loottracker.LootTrackerPlugin.onConfigChanged(net.runelite.client.events.ConfigChanged), priority=0.0, lambda=net.runelite.client.plugins.loottracker.LootTrackerPlugin$$Lambda$1232/0x00000008009e3840@622c77d9)
2026-05-24 12:38:00 CDT [AWT-EventQueue-0] DEBUG n.runelite.client.eventbus.EventBus - Registering class net.runelite.api.events.GameStateChanged - EventBus.Subscriber(object=net.runelite.client.plugins.loottracker.LootTrackerPlugin@3e8b3b79, method=public void net.runelite.client.plugins.loottracker.LootTrackerPlugin.onGameStateChanged(net.runelite.api.events.GameStateChanged), priority=0.0, lambda=net.runelite.client.plugins.loottracker.LootTrackerPlugin$$Lambda$1233/0x00000008009e3c40@520ec64a)
2026-05-24 12:38:00 CDT [AWT-EventQueue-0] DEBUG n.runelite.client.eventbus.EventBus - Registering class net.runelite.api.events.WidgetLoaded - EventBus.Subscriber(object=net.runelite.client.plugins.loottracker.LootTrackerPlugin@3e8b3b79, method=public void net.runelite.client.plugins.loottracker.LootTrackerPlugin.onWidgetLoaded(net.runelite.api.events.WidgetLoaded), priority=0.0, lambda=net.runelite.client.plugins.loottracker.LootTrackerPlugin$$Lambda$1234/0x00000008009e4040@40cdc95a)
2026-05-24 12:38:00 CDT [AWT-EventQueue-0] DEBUG n.runelite.client.eventbus.EventBus - Registering class net.runelite.client.events.RuneScapeProfileChanged - EventBus.Subscriber(object=net.runelite.client.plugins.loottracker.LootTrackerPlugin@3e8b3b79, method=public void net.runelite.client.plugins.loottracker.LootTrackerPlugin.onRuneScapeProfileChanged(net.runelite.client.events.RuneScapeProfileChanged), priority=0.0, lambda=net.runelite.client.plugins.loottracker.LootTrackerPlugin$$Lambda$1235/0x00000008009e4440@215c3ed9)
2026-05-24 12:38:00 CDT [AWT-EventQueue-0] DEBUG n.runelite.client.eventbus.EventBus - Registering class net.runelite.client.events.ClientShutdown - EventBus.Subscriber(object=net.runelite.client.plugins.loottracker.LootTrackerPlugin@3e8b3b79, method=public void net.runelite.client.plugins.loottracker.LootTrackerPlugin.onClientShutdown(net.runelite.client.events.ClientShutdown), priority=0.0, lambda=net.runelite.client.plugins.loottracker.LootTrackerPlugin$$Lambda$1236/0x00000008009e4840@397ddc88)
2026-05-24 12:38:00 CDT [AWT-EventQueue-0] DEBUG n.runelite.client.eventbus.EventBus - Registering class net.runelite.client.events.SessionClose - EventBus.Subscriber(object=net.runelite.client.plugins.loottracker.LootTrackerPlugin@3e8b3b79, method=public void net.runelite.client.plugins.loottracker.LootTrackerPlugin.onSessionClose(net.runelite.client.events.SessionClose), priority=0.0, lambda=net.runelite.client.plugins.loottracker.LootTrackerPlugin$$Lambda$1237/0x00000008009e4c40@585719de)
2026-05-24 12:38:00 CDT [AWT-EventQueue-0] DEBUG n.runelite.client.eventbus.EventBus - Registering class net.runelite.client.events.SessionOpen - EventBus.Subscriber(object=net.runelite.client.plugins.loottracker.LootTrackerPlugin@3e8b3b79, method=public void net.runelite.client.plugins.loottracker.LootTrackerPlugin.onSessionOpen(net.runelite.client.events.SessionOpen), priority=0.0, lambda=net.runelite.client.plugins.loottracker.LootTrackerPlugin$$Lambda$1238/0x00000008009e5040@3a79171f)
2026-05-24 12:38:00 CDT [AWT-EventQueue-0] DEBUG n.runelite.client.eventbus.EventBus - Registering class net.runelite.client.events.ConfigSync - EventBus.Subscriber(object=net.runelite.client.plugins.loottracker.LootTrackerPlugin@3e8b3b79, method=public void net.runelite.client.plugins.loottracker.LootTrackerPlugin.onConfigSync(net.runelite.client.events.ConfigSync), priority=0.0, lambda=net.runelite.client.plugins.loottracker.LootTrackerPlugin$$Lambda$1239/0x00000008009e5440@287885f7)
2026-05-24 12:38:00 CDT [AWT-EventQueue-0] DEBUG n.runelite.client.eventbus.EventBus - Registering class net.runelite.client.events.ServerNpcLoot - EventBus.Subscriber(object=net.runelite.client.plugins.loottracker.LootTrackerPlugin@3e8b3b79, method=public void net.runelite.client.plugins.loottracker.LootTrackerPlugin.onServerNpcLoot(net.runelite.client.events.ServerNpcLoot), priority=0.0, lambda=net.runelite.client.plugins.loottracker.LootTrackerPlugin$$Lambda$1240/0x00000008009e5840@f548cee)
2026-05-24 12:38:00 CDT [AWT-EventQueue-0] DEBUG n.runelite.client.eventbus.EventBus - Registering class net.runelite.client.plugins.loottracker.PluginLootReceived - EventBus.Subscriber(object=net.runelite.client.plugins.loottracker.LootTrackerPlugin@3e8b3b79, method=public void net.runelite.client.plugins.loottracker.LootTrackerPlugin.onPluginLootReceived(net.runelite.client.plugins.loottracker.PluginLootReceived), priority=0.0, lambda=net.runelite.client.plugins.loottracker.LootTrackerPlugin$$Lambda$1241/0x00000008009e5c40@24cff5ec)
2026-05-24 12:38:00 CDT [AWT-EventQueue-0] DEBUG n.runelite.client.eventbus.EventBus - Registering class net.runelite.client.events.PlayerLootReceived - EventBus.Subscriber(object=net.runelite.client.plugins.loottracker.LootTrackerPlugin@3e8b3b79, method=public void net.runelite.client.plugins.loottracker.LootTrackerPlugin.onPlayerLootReceived(net.runelite.client.events.PlayerLootReceived), priority=0.0, lambda=net.runelite.client.plugins.loottracker.LootTrackerPlugin$$Lambda$1242/0x00000008009e6040@4f1d85e8)
2026-05-24 12:38:00 CDT [AWT-EventQueue-0] DEBUG n.runelite.client.eventbus.EventBus - Registering class net.runelite.api.events.ScriptPreFired - EventBus.Subscriber(object=net.runelite.client.plugins.loottracker.LootTrackerPlugin@3e8b3b79, method=public void net.runelite.client.plugins.loottracker.LootTrackerPlugin.onScriptPreFired(net.runelite.api.events.ScriptPreFired), priority=0.0, lambda=net.runelite.client.plugins.loottracker.LootTrackerPlugin$$Lambda$1243/0x00000008009e6440@780ffe7a)
2026-05-24 12:38:00 CDT [AWT-EventQueue-0] DEBUG n.runelite.client.eventbus.EventBus - Registering class net.runelite.api.events.PostClientTick - EventBus.Subscriber(object=net.runelite.client.plugins.loottracker.LootTrackerPlugin@3e8b3b79, method=public void net.runelite.client.plugins.loottracker.LootTrackerPlugin.onPostClientTick(net.runelite.api.events.PostClientTick), priority=0.0, lambda=net.runelite.client.plugins.loottracker.LootTrackerPlugin$$Lambda$1244/0x00000008009e6840@15e6a074)
2026-05-24 12:38:00 CDT [AWT-EventQueue-0] DEBUG n.runelite.client.eventbus.EventBus - Registering class net.runelite.api.events.ChatMessage - EventBus.Subscriber(object=net.runelite.client.plugins.loottracker.LootTrackerPlugin@3e8b3b79, method=public void net.runelite.client.plugins.loottracker.LootTrackerPlugin.onChatMessage(net.runelite.api.events.ChatMessage), priority=0.0, lambda=net.runelite.client.plugins.loottracker.LootTrackerPlugin$$Lambda$1245/0x00000008009e6c40@11d10a9b)
2026-05-24 12:38:00 CDT [AWT-EventQueue-0] DEBUG n.r.client.plugins.PluginManager - Plugin DpsCounterPlugin is now running
2026-05-24 12:38:00 CDT [AWT-EventQueue-0] DEBUG n.runelite.client.eventbus.EventBus - Registering class net.runelite.api.events.HitsplatApplied - EventBus.Subscriber(object=net.runelite.client.plugins.dpscounter.DpsCounterPlugin@4364863, method=public void net.runelite.client.plugins.dpscounter.DpsCounterPlugin.onHitsplatApplied(net.runelite.api.events.HitsplatApplied), priority=0.0, lambda=net.runelite.client.plugins.dpscounter.DpsCounterPlugin$$Lambda$1246/0x00000008009e7040@65ecf479)
2026-05-24 12:38:00 CDT [AWT-EventQueue-0] DEBUG n.runelite.client.eventbus.EventBus - Registering class net.runelite.api.events.NpcDespawned - EventBus.Subscriber(object=net.runelite.client.plugins.dpscounter.DpsCounterPlugin@4364863, method=public void net.runelite.client.plugins.dpscounter.DpsCounterPlugin.onNpcDespawned(net.runelite.api.events.NpcDespawned), priority=0.0, lambda=net.runelite.client.plugins.dpscounter.DpsCounterPlugin$$Lambda$1247/0x00000008009e7440@74b6b16d)
2026-05-24 12:38:00 CDT [AWT-EventQueue-0] DEBUG n.runelite.client.eventbus.EventBus - Registering class net.runelite.client.plugins.dpscounter.DpsUpdate - EventBus.Subscriber(object=net.runelite.client.plugins.dpscounter.DpsCounterPlugin@4364863, method=public void net.runelite.client.plugins.dpscounter.DpsCounterPlugin.onDpsUpdate(net.runelite.client.plugins.dpscounter.DpsUpdate), priority=0.0, lambda=net.runelite.client.plugins.dpscounter.DpsCounterPlugin$$Lambda$1248/0x00000008009e7840@3d1d487b)
2026-05-24 12:38:00 CDT [AWT-EventQueue-0] DEBUG n.runelite.client.eventbus.EventBus - Registering class net.runelite.client.events.PartyChanged - EventBus.Subscriber(object=net.runelite.client.plugins.dpscounter.DpsCounterPlugin@4364863, method=public void net.runelite.client.plugins.dpscounter.DpsCounterPlugin.onPartyChanged(net.runelite.client.events.PartyChanged), priority=0.0, lambda=net.runelite.client.plugins.dpscounter.DpsCounterPlugin$$Lambda$1249/0x00000008009e7c40@3cddab15)
2026-05-24 12:38:00 CDT [AWT-EventQueue-0] DEBUG n.r.client.plugins.PluginManager - Plugin CannonPlugin is now running
2026-05-24 12:38:00 CDT [AWT-EventQueue-0] DEBUG n.runelite.client.eventbus.EventBus - Registering class net.runelite.api.events.ItemContainerChanged - EventBus.Subscriber(object=net.runelite.client.plugins.cannon.CannonPlugin@72eb6200, method=public void net.runelite.client.plugins.cannon.CannonPlugin.onItemContainerChanged(net.runelite.api.events.ItemContainerChanged), priority=0.0, lambda=net.runelite.client.plugins.cannon.CannonPlugin$$Lambda$1250/0x00000008009e8040@73de99e6)
2026-05-24 12:38:00 CDT [AWT-EventQueue-0] DEBUG n.runelite.client.eventbus.EventBus - Registering class net.runelite.client.events.ConfigChanged - EventBus.Subscriber(object=net.runelite.client.plugins.cannon.CannonPlugin@72eb6200, method=public void net.runelite.client.plugins.cannon.CannonPlugin.onConfigChanged(net.runelite.client.events.ConfigChanged), priority=0.0, lambda=net.runelite.client.plugins.cannon.CannonPlugin$$Lambda$1251/0x00000008009e8440@6a3b36d8)
2026-05-24 12:38:00 CDT [AWT-EventQueue-0] DEBUG n.runelite.client.eventbus.EventBus - Registering class net.runelite.api.events.GameStateChanged - EventBus.Subscriber(object=net.runelite.client.plugins.cannon.CannonPlugin@72eb6200, method=public void net.runelite.client.plugins.cannon.CannonPlugin.onGameStateChanged(net.runelite.api.events.GameStateChanged), priority=0.0, lambda=net.runelite.client.plugins.cannon.CannonPlugin$$Lambda$1252/0x00000008009e8840@1f8844f1)
2026-05-24 12:38:00 CDT [AWT-EventQueue-0] DEBUG n.runelite.client.eventbus.EventBus - Registering class net.runelite.api.events.VarbitChanged - EventBus.Subscriber(object=net.runelite.client.plugins.cannon.CannonPlugin@72eb6200, method=public void net.runelite.client.plugins.cannon.CannonPlugin.onVarbitChanged(net.runelite.api.events.VarbitChanged), priority=0.0, lambda=net.runelite.client.plugins.cannon.CannonPlugin$$Lambda$1253/0x00000008009e8c40@6bd5ad60)
2026-05-24 12:38:00 CDT [AWT-EventQueue-0] DEBUG n.runelite.client.eventbus.EventBus - Registering class net.runelite.api.events.ChatMessage - EventBus.Subscriber(object=net.runelite.client.plugins.cannon.CannonPlugin@72eb6200, method=public void net.runelite.client.plugins.cannon.CannonPlugin.onChatMessage(net.runelite.api.events.ChatMessage), priority=0.0, lambda=net.runelite.client.plugins.cannon.CannonPlugin$$Lambda$1254/0x00000008009e9040@592ba786)
2026-05-24 12:38:00 CDT [AWT-EventQueue-0] DEBUG net.runelite.client.input.KeyManager - Registering key listener: net.runelite.client.plugins.instancemap.InstanceMapInputListener@49121de4
2026-05-24 12:38:00 CDT [AWT-EventQueue-0] DEBUG n.r.client.plugins.PluginManager - Plugin InstanceMapPlugin is now running
2026-05-24 12:38:00 CDT [AWT-EventQueue-0] DEBUG n.runelite.client.eventbus.EventBus - Registering class net.runelite.api.events.GameStateChanged - EventBus.Subscriber(object=net.runelite.client.plugins.instancemap.InstanceMapPlugin@5f36c8e3, method=public void net.runelite.client.plugins.instancemap.InstanceMapPlugin.onGameStateChanged(net.runelite.api.events.GameStateChanged), priority=0.0, lambda=net.runelite.client.plugins.instancemap.InstanceMapPlugin$$Lambda$1256/0x00000008009e9840@253b18d7)
2026-05-24 12:38:00 CDT [AWT-EventQueue-0] DEBUG n.r.client.plugins.PluginManager - Plugin MinimapPlugin is now running
2026-05-24 12:38:00 CDT [AWT-EventQueue-0] DEBUG n.runelite.client.eventbus.EventBus - Registering class net.runelite.client.events.ConfigChanged - EventBus.Subscriber(object=net.runelite.client.plugins.minimap.MinimapPlugin@2b4b96a4, method=public void net.runelite.client.plugins.minimap.MinimapPlugin.onConfigChanged(net.runelite.client.events.ConfigChanged), priority=0.0, lambda=net.runelite.client.plugins.minimap.MinimapPlugin$$Lambda$1259/0x00000008009ea440@1cdceb5d)
2026-05-24 12:38:00 CDT [AWT-EventQueue-0] DEBUG n.runelite.client.eventbus.EventBus - Registering class net.runelite.api.events.GameStateChanged - EventBus.Subscriber(object=net.runelite.client.plugins.minimap.MinimapPlugin@2b4b96a4, method=public void net.runelite.client.plugins.minimap.MinimapPlugin.onGameStateChanged(net.runelite.api.events.GameStateChanged), priority=0.0, lambda=net.runelite.client.plugins.minimap.MinimapPlugin$$Lambda$1260/0x00000008009ea840@66d4cdd9)
2026-05-24 12:38:00 CDT [AWT-EventQueue-0] DEBUG n.runelite.client.eventbus.EventBus - Registering class net.runelite.api.events.ScriptPostFired - EventBus.Subscriber(object=net.runelite.client.plugins.minimap.MinimapPlugin@2b4b96a4, method=public void net.runelite.client.plugins.minimap.MinimapPlugin.onScriptPostFired(net.runelite.api.events.ScriptPostFired), priority=0.0, lambda=net.runelite.client.plugins.minimap.MinimapPlugin$$Lambda$1261/0x00000008009eac40@5febe401)
2026-05-24 12:38:00 CDT [AWT-EventQueue-0] DEBUG n.r.client.plugins.PluginManager - Scheduled task ScheduledMethod(schedule=@net.runelite.client.task.Schedule(asynchronous=true, period=11, unit=Seconds), method=public void net.runelite.client.plugins.minimap.MinimapPlugin.saveZoom(), object=net.runelite.client.plugins.minimap.MinimapPlugin@2b4b96a4, lambda=net.runelite.client.plugins.minimap.MinimapPlugin$$Lambda$1262/0x00000008009eb040@7e8675d, last=2026-05-24T17:38:00.786928500Z)
2026-05-24 12:38:00 CDT [AWT-EventQueue-0] DEBUG n.r.c.p.worldmap.WorldMapPlugin - Reset quest start positions
2026-05-24 12:38:00 CDT [AWT-EventQueue-0] DEBUG n.r.client.plugins.PluginManager - Plugin WorldMapPlugin is now running
2026-05-24 12:38:00 CDT [AWT-EventQueue-0] DEBUG n.runelite.client.eventbus.EventBus - Registering class net.runelite.client.events.ConfigChanged - EventBus.Subscriber(object=net.runelite.client.plugins.worldmap.WorldMapPlugin@68f6e55d, method=public void net.runelite.client.plugins.worldmap.WorldMapPlugin.onConfigChanged(net.runelite.client.events.ConfigChanged), priority=0.0, lambda=net.runelite.client.plugins.worldmap.WorldMapPlugin$$Lambda$1305/0x0000000800a0b440@4f620cc6)
2026-05-24 12:38:00 CDT [AWT-EventQueue-0] DEBUG n.runelite.client.eventbus.EventBus - Registering class net.runelite.api.events.StatChanged - EventBus.Subscriber(object=net.runelite.client.plugins.worldmap.WorldMapPlugin@68f6e55d, method=public void net.runelite.client.plugins.worldmap.WorldMapPlugin.onStatChanged(net.runelite.api.events.StatChanged), priority=0.0, lambda=net.runelite.client.plugins.worldmap.WorldMapPlugin$$Lambda$1306/0x0000000800a0b840@515c9ea8)
2026-05-24 12:38:00 CDT [AWT-EventQueue-0] DEBUG n.runelite.client.eventbus.EventBus - Registering class net.runelite.api.events.ClientTick - EventBus.Subscriber(object=net.runelite.client.plugins.worldmap.WorldMapPlugin@68f6e55d, method=public void net.runelite.client.plugins.worldmap.WorldMapPlugin.onClientTick(net.runelite.api.events.ClientTick), priority=0.0, lambda=net.runelite.client.plugins.worldmap.WorldMapPlugin$$Lambda$1307/0x0000000800a0bc40@54b49922)
2026-05-24 12:38:00 CDT [AWT-EventQueue-0] DEBUG n.runelite.client.eventbus.EventBus - Registering class net.runelite.api.events.ScriptPostFired - EventBus.Subscriber(object=net.runelite.client.plugins.worldmap.WorldMapPlugin@68f6e55d, method=public void net.runelite.client.plugins.worldmap.WorldMapPlugin.onScriptPostFired(net.runelite.api.events.ScriptPostFired), priority=0.0, lambda=net.runelite.client.plugins.worldmap.WorldMapPlugin$$Lambda$1308/0x0000000800a0c040@6a5d391e)
2026-05-24 12:38:00 CDT [AWT-EventQueue-0] DEBUG net.runelite.client.input.KeyManager - Registering key listener: net.runelite.client.plugins.grounditems.GroundItemHotkeyListener@1cc1c668
2026-05-24 12:38:00 CDT [AWT-EventQueue-0] DEBUG n.r.client.plugins.PluginManager - Plugin GroundItemsPlugin is now running
2026-05-24 12:38:00 CDT [AWT-EventQueue-0] DEBUG n.runelite.client.eventbus.EventBus - Registering class net.runelite.client.events.ConfigChanged - EventBus.Subscriber(object=net.runelite.client.plugins.grounditems.GroundItemsPlugin@1f939a0f, method=public void net.runelite.client.plugins.grounditems.GroundItemsPlugin.onConfigChanged(net.runelite.client.events.ConfigChanged), priority=0.0, lambda=net.runelite.client.plugins.grounditems.GroundItemsPlugin$$Lambda$1310/0x0000000800a0c840@3ae2dffe)
2026-05-24 12:38:00 CDT [AWT-EventQueue-0] DEBUG n.runelite.client.eventbus.EventBus - Registering class net.runelite.api.events.ClientTick - EventBus.Subscriber(object=net.runelite.client.plugins.grounditems.GroundItemsPlugin@1f939a0f, method=public void net.runelite.client.plugins.grounditems.GroundItemsPlugin.onClientTick(net.runelite.api.events.ClientTick), priority=0.0, lambda=net.runelite.client.plugins.grounditems.GroundItemsPlugin$$Lambda$1311/0x0000000800a0cc40@25c986fe)
2026-05-24 12:38:00 CDT [AWT-EventQueue-0] DEBUG n.runelite.client.eventbus.EventBus - Registering class net.runelite.api.events.ItemDespawned - EventBus.Subscriber(object=net.runelite.client.plugins.grounditems.GroundItemsPlugin@1f939a0f, method=public void net.runelite.client.plugins.grounditems.GroundItemsPlugin.onItemDespawned(net.runelite.api.events.ItemDespawned), priority=0.0, lambda=net.runelite.client.plugins.grounditems.GroundItemsPlugin$$Lambda$1312/0x0000000800a0d040@14314fad)
2026-05-24 12:38:00 CDT [AWT-EventQueue-0] DEBUG n.runelite.client.eventbus.EventBus - Registering class net.runelite.api.events.ItemSpawned - EventBus.Subscriber(object=net.runelite.client.plugins.grounditems.GroundItemsPlugin@1f939a0f, method=public void net.runelite.client.plugins.grounditems.GroundItemsPlugin.onItemSpawned(net.runelite.api.events.ItemSpawned), priority=0.0, lambda=net.runelite.client.plugins.grounditems.GroundItemsPlugin$$Lambda$1313/0x0000000800a0d440@407b7c1e)
2026-05-24 12:38:00 CDT [AWT-EventQueue-0] DEBUG n.runelite.client.eventbus.EventBus - Registering class net.runelite.api.events.ItemQuantityChanged - EventBus.Subscriber(object=net.runelite.client.plugins.grounditems.GroundItemsPlugin@1f939a0f, method=public void net.runelite.client.plugins.grounditems.GroundItemsPlugin.onItemQuantityChanged(net.runelite.api.events.ItemQuantityChanged), priority=0.0, lambda=net.runelite.client.plugins.grounditems.GroundItemsPlugin$$Lambda$1314/0x0000000800a0d840@6541598f)
2026-05-24 12:38:00 CDT [AWT-EventQueue-0] DEBUG n.runelite.client.eventbus.EventBus - Registering class net.runelite.client.events.ProfileChanged - EventBus.Subscriber(object=net.runelite.client.plugins.grounditems.GroundItemsPlugin@1f939a0f, method=public void net.runelite.client.plugins.grounditems.GroundItemsPlugin.onProfileChanged(net.runelite.client.events.ProfileChanged), priority=0.0, lambda=net.runelite.client.plugins.grounditems.GroundItemsPlugin$$Lambda$1315/0x0000000800a0dc40@30ee0f4a)
2026-05-24 12:38:00 CDT [AWT-EventQueue-0] DEBUG n.runelite.client.eventbus.EventBus - Registering class net.runelite.api.events.MenuEntryAdded - EventBus.Subscriber(object=net.runelite.client.plugins.grounditems.GroundItemsPlugin@1f939a0f, method=public void net.runelite.client.plugins.grounditems.GroundItemsPlugin.onMenuEntryAdded(net.runelite.api.events.MenuEntryAdded), priority=0.0, lambda=net.runelite.client.plugins.grounditems.GroundItemsPlugin$$Lambda$1317/0x0000000800a0e440@3d1642c5)
2026-05-24 12:38:00 CDT [AWT-EventQueue-0] DEBUG n.runelite.client.eventbus.EventBus - Registering class net.runelite.api.events.FocusChanged - EventBus.Subscriber(object=net.runelite.client.plugins.grounditems.GroundItemsPlugin@1f939a0f, method=public void net.runelite.client.plugins.grounditems.GroundItemsPlugin.onFocusChanged(net.runelite.api.events.FocusChanged), priority=0.0, lambda=net.runelite.client.plugins.grounditems.GroundItemsPlugin$$Lambda$1319/0x0000000800a0ec40@269a343b)
2026-05-24 12:38:00 CDT [AWT-EventQueue-0] DEBUG n.runelite.client.eventbus.EventBus - Registering class net.runelite.api.events.WorldViewUnloaded - EventBus.Subscriber(object=net.runelite.client.plugins.grounditems.GroundItemsPlugin@1f939a0f, method=public void net.runelite.client.plugins.grounditems.GroundItemsPlugin.onWorldViewUnloaded(net.runelite.api.events.WorldViewUnloaded), priority=0.0, lambda=net.runelite.client.plugins.grounditems.GroundItemsPlugin$$Lambda$1320/0x0000000800a0f040@5cb55959)
2026-05-24 12:38:00 CDT [AWT-EventQueue-0] DEBUG n.r.client.plugins.PluginManager - Plugin LowMemoryPlugin is now running
2026-05-24 12:38:00 CDT [AWT-EventQueue-0] DEBUG n.runelite.client.eventbus.EventBus - Registering class net.runelite.client.events.ConfigChanged - EventBus.Subscriber(object=net.runelite.client.plugins.lowmemory.LowMemoryPlugin@4cad79bc, method=public void net.runelite.client.plugins.lowmemory.LowMemoryPlugin.onConfigChanged(net.runelite.client.events.ConfigChanged), priority=0.0, lambda=net.runelite.client.plugins.lowmemory.LowMemoryPlugin$$Lambda$1322/0x0000000800a0f840@661436cc)
2026-05-24 12:38:00 CDT [AWT-EventQueue-0] DEBUG n.runelite.client.eventbus.EventBus - Registering class net.runelite.api.events.GameStateChanged - EventBus.Subscriber(object=net.runelite.client.plugins.lowmemory.LowMemoryPlugin@4cad79bc, method=public void net.runelite.client.plugins.lowmemory.LowMemoryPlugin.onGameStateChanged(net.runelite.api.events.GameStateChanged), priority=0.0, lambda=net.runelite.client.plugins.lowmemory.LowMemoryPlugin$$Lambda$1323/0x0000000800a0fc40@4ab490ee)
2026-05-24 12:38:00 CDT [AWT-EventQueue-0] DEBUG n.runelite.client.eventbus.EventBus - Registering class net.runelite.api.events.BeforeRender - EventBus.Subscriber(object=net.runelite.client.plugins.lowmemory.LowMemoryPlugin@4cad79bc, method=public void net.runelite.client.plugins.lowmemory.LowMemoryPlugin.onBeforeRender(net.runelite.api.events.BeforeRender), priority=0.0, lambda=net.runelite.client.plugins.lowmemory.LowMemoryPlugin$$Lambda$1324/0x0000000800a10040@1604d070)
2026-05-24 12:38:00 CDT [AWT-EventQueue-0] DEBUG n.r.client.plugins.PluginManager - Plugin ItemStatPlugin is now running
2026-05-24 12:38:00 CDT [AWT-EventQueue-0] DEBUG n.runelite.client.eventbus.EventBus - Registering class net.runelite.client.events.ConfigChanged - EventBus.Subscriber(object=net.runelite.client.plugins.itemstats.ItemStatPlugin@3069a360, method=public void net.runelite.client.plugins.itemstats.ItemStatPlugin.onConfigChanged(net.runelite.client.events.ConfigChanged), priority=0.0, lambda=net.runelite.client.plugins.itemstats.ItemStatPlugin$$Lambda$1325/0x0000000800a10440@66d945c1)
2026-05-24 12:38:00 CDT [AWT-EventQueue-0] DEBUG n.runelite.client.eventbus.EventBus - Registering class net.runelite.api.events.GameTick - EventBus.Subscriber(object=net.runelite.client.plugins.itemstats.ItemStatPlugin@3069a360, method=public void net.runelite.client.plugins.itemstats.ItemStatPlugin.onGameTick(net.runelite.api.events.GameTick), priority=0.0, lambda=net.runelite.client.plugins.itemstats.ItemStatPlugin$$Lambda$1326/0x0000000800a10840@5abb2fc9)
2026-05-24 12:38:00 CDT [AWT-EventQueue-0] DEBUG n.runelite.client.eventbus.EventBus - Registering class net.runelite.api.events.VarbitChanged - EventBus.Subscriber(object=net.runelite.client.plugins.itemstats.ItemStatPlugin@3069a360, method=public void net.runelite.client.plugins.itemstats.ItemStatPlugin.onVarbitChanged(net.runelite.api.events.VarbitChanged), priority=0.0, lambda=net.runelite.client.plugins.itemstats.ItemStatPlugin$$Lambda$1327/0x0000000800a10c40@7aa05b95)
2026-05-24 12:38:00 CDT [AWT-EventQueue-0] DEBUG n.runelite.client.eventbus.EventBus - Registering class net.runelite.api.events.ScriptPostFired - EventBus.Subscriber(object=net.runelite.client.plugins.itemstats.ItemStatPlugin@3069a360, method=public void net.runelite.client.plugins.itemstats.ItemStatPlugin.onScriptPostFired(net.runelite.api.events.ScriptPostFired), priority=0.0, lambda=net.runelite.client.plugins.itemstats.ItemStatPlugin$$Lambda$1329/0x0000000800a11440@5bdbac08)
2026-05-24 12:38:00 CDT [AWT-EventQueue-0] DEBUG n.r.client.plugins.PluginManager - Plugin TitheFarmPlugin is now running
2026-05-24 12:38:00 CDT [AWT-EventQueue-0] DEBUG n.runelite.client.eventbus.EventBus - Registering class net.runelite.api.events.GameObjectSpawned - EventBus.Subscriber(object=net.runelite.client.plugins.tithefarm.TitheFarmPlugin@438c9aa7, method=public void net.runelite.client.plugins.tithefarm.TitheFarmPlugin.onGameObjectSpawned(net.runelite.api.events.GameObjectSpawned), priority=0.0, lambda=net.runelite.client.plugins.tithefarm.TitheFarmPlugin$$Lambda$1330/0x0000000800a11840@749e82e4)
2026-05-24 12:38:00 CDT [AWT-EventQueue-0] DEBUG n.runelite.client.eventbus.EventBus - Registering class net.runelite.client.events.ConfigChanged - EventBus.Subscriber(object=net.runelite.client.plugins.tithefarm.TitheFarmPlugin@438c9aa7, method=public void net.runelite.client.plugins.tithefarm.TitheFarmPlugin.onConfigChanged(net.runelite.client.events.ConfigChanged), priority=0.0, lambda=net.runelite.client.plugins.tithefarm.TitheFarmPlugin$$Lambda$1331/0x0000000800a11c40@44e8fa1e)
2026-05-24 12:38:00 CDT [AWT-EventQueue-0] DEBUG n.runelite.client.eventbus.EventBus - Registering class net.runelite.api.events.GameTick - EventBus.Subscriber(object=net.runelite.client.plugins.tithefarm.TitheFarmPlugin@438c9aa7, method=public void net.runelite.client.plugins.tithefarm.TitheFarmPlugin.onGameTick(net.runelite.api.events.GameTick), priority=0.0, lambda=net.runelite.client.plugins.tithefarm.TitheFarmPlugin$$Lambda$1332/0x0000000800a12040@2cc247a6)
2026-05-24 12:38:00 CDT [AWT-EventQueue-0] DEBUG n.r.client.plugins.PluginManager - Plugin RegenMeterPlugin is now running
2026-05-24 12:38:00 CDT [AWT-EventQueue-0] DEBUG n.runelite.client.eventbus.EventBus - Registering class net.runelite.api.events.ItemContainerChanged - EventBus.Subscriber(object=net.runelite.client.plugins.regenmeter.RegenMeterPlugin@4b1ec694, method=public void net.runelite.client.plugins.regenmeter.RegenMeterPlugin.onItemContainerChanged(net.runelite.api.events.ItemContainerChanged), priority=0.0, lambda=net.runelite.client.plugins.regenmeter.RegenMeterPlugin$$Lambda$1333/0x0000000800a12440@6724c945)
2026-05-24 12:38:00 CDT [AWT-EventQueue-0] DEBUG n.runelite.client.eventbus.EventBus - Registering class net.runelite.api.events.GameTick - EventBus.Subscriber(object=net.runelite.client.plugins.regenmeter.RegenMeterPlugin@4b1ec694, method=public void net.runelite.client.plugins.regenmeter.RegenMeterPlugin.onGameTick(net.runelite.api.events.GameTick), priority=0.0, lambda=net.runelite.client.plugins.regenmeter.RegenMeterPlugin$$Lambda$1334/0x0000000800a12840@c0f5398)
2026-05-24 12:38:00 CDT [AWT-EventQueue-0] DEBUG n.runelite.client.eventbus.EventBus - Registering class net.runelite.api.events.GameStateChanged - EventBus.Subscriber(object=net.runelite.client.plugins.regenmeter.RegenMeterPlugin@4b1ec694, method=private void net.runelite.client.plugins.regenmeter.RegenMeterPlugin.onGameStateChanged(net.runelite.api.events.GameStateChanged), priority=0.0, lambda=net.runelite.client.plugins.regenmeter.RegenMeterPlugin$$Lambda$1335/0x0000000800a12c40@42a81898)
2026-05-24 12:38:00 CDT [AWT-EventQueue-0] DEBUG n.runelite.client.eventbus.EventBus - Registering class net.runelite.api.events.VarbitChanged - EventBus.Subscriber(object=net.runelite.client.plugins.regenmeter.RegenMeterPlugin@4b1ec694, method=private void net.runelite.client.plugins.regenmeter.RegenMeterPlugin.onVarbitChanged(net.runelite.api.events.VarbitChanged), priority=0.0, lambda=net.runelite.client.plugins.regenmeter.RegenMeterPlugin$$Lambda$1336/0x0000000800a13040@47b04541)
2026-05-24 12:38:00 CDT [AWT-EventQueue-0] DEBUG n.r.client.plugins.PluginManager - Plugin CookingPlugin is now running
2026-05-24 12:38:00 CDT [AWT-EventQueue-0] DEBUG n.runelite.client.eventbus.EventBus - Registering class net.runelite.api.events.GameTick - EventBus.Subscriber(object=net.runelite.client.plugins.cooking.CookingPlugin@64387c17, method=public void net.runelite.client.plugins.cooking.CookingPlugin.onGameTick(net.runelite.api.events.GameTick), priority=0.0, lambda=net.runelite.client.plugins.cooking.CookingPlugin$$Lambda$1337/0x0000000800a13440@24d6759f)
2026-05-24 12:38:00 CDT [AWT-EventQueue-0] DEBUG n.runelite.client.eventbus.EventBus - Registering class net.runelite.api.events.GraphicChanged - EventBus.Subscriber(object=net.runelite.client.plugins.cooking.CookingPlugin@64387c17, method=public void net.runelite.client.plugins.cooking.CookingPlugin.onGraphicChanged(net.runelite.api.events.GraphicChanged), priority=0.0, lambda=net.runelite.client.plugins.cooking.CookingPlugin$$Lambda$1338/0x0000000800a13840@539557de)
2026-05-24 12:38:00 CDT [AWT-EventQueue-0] DEBUG n.runelite.client.eventbus.EventBus - Registering class net.runelite.api.events.ChatMessage - EventBus.Subscriber(object=net.runelite.client.plugins.cooking.CookingPlugin@64387c17, method=public void net.runelite.client.plugins.cooking.CookingPlugin.onChatMessage(net.runelite.api.events.ChatMessage), priority=0.0, lambda=net.runelite.client.plugins.cooking.CookingPlugin$$Lambda$1339/0x0000000800a13c40@6828e7ca)
2026-05-24 12:38:00 CDT [AWT-EventQueue-0] DEBUG n.r.client.plugins.PluginManager - Plugin SkillCalculatorPlugin is now running
2026-05-24 12:38:00 CDT [AWT-EventQueue-0] DEBUG n.runelite.client.eventbus.EventBus - Registering class net.runelite.api.events.WorldChanged - EventBus.Subscriber(object=net.runelite.client.plugins.skillcalculator.SkillCalculatorPlugin@60ed12e8, method=public void net.runelite.client.plugins.skillcalculator.SkillCalculatorPlugin.onWorldChanged(net.runelite.api.events.WorldChanged), priority=0.0, lambda=net.runelite.client.plugins.skillcalculator.SkillCalculatorPlugin$$Lambda$1354/0x0000000800a17840@2c6f6bc0)
2026-05-24 12:38:00 CDT [AWT-EventQueue-0] DEBUG n.r.client.plugins.PluginManager - Plugin PoisonPlugin is now running
2026-05-24 12:38:00 CDT [AWT-EventQueue-0] DEBUG n.runelite.client.eventbus.EventBus - Registering class net.runelite.client.events.ConfigChanged - EventBus.Subscriber(object=net.runelite.client.plugins.poison.PoisonPlugin@7fad214a, method=public void net.runelite.client.plugins.poison.PoisonPlugin.onConfigChanged(net.runelite.client.events.ConfigChanged), priority=0.0, lambda=net.runelite.client.plugins.poison.PoisonPlugin$$Lambda$1355/0x0000000800a17c40@1a3d3997)
2026-05-24 12:38:00 CDT [AWT-EventQueue-0] DEBUG n.runelite.client.eventbus.EventBus - Registering class net.runelite.api.events.VarbitChanged - EventBus.Subscriber(object=net.runelite.client.plugins.poison.PoisonPlugin@7fad214a, method=public void net.runelite.client.plugins.poison.PoisonPlugin.onVarbitChanged(net.runelite.api.events.VarbitChanged), priority=0.0, lambda=net.runelite.client.plugins.poison.PoisonPlugin$$Lambda$1356/0x0000000800a20040@7f076420)
2026-05-24 12:38:00 CDT [AWT-EventQueue-0] DEBUG n.r.client.plugins.PluginManager - Plugin ExaminePlugin is now running
2026-05-24 12:38:00 CDT [AWT-EventQueue-0] DEBUG n.runelite.client.eventbus.EventBus - Registering class net.runelite.api.events.MenuOptionClicked - EventBus.Subscriber(object=net.runelite.client.plugins.examine.ExaminePlugin@16132f21, method=public void net.runelite.client.plugins.examine.ExaminePlugin.onMenuOptionClicked(net.runelite.api.events.MenuOptionClicked), priority=0.0, lambda=net.runelite.client.plugins.examine.ExaminePlugin$$Lambda$1358/0x0000000800a20840@1184ad8f)
2026-05-24 12:38:00 CDT [AWT-EventQueue-0] DEBUG n.runelite.client.eventbus.EventBus - Registering class net.runelite.api.events.GameStateChanged - EventBus.Subscriber(object=net.runelite.client.plugins.examine.ExaminePlugin@16132f21, method=public void net.runelite.client.plugins.examine.ExaminePlugin.onGameStateChanged(net.runelite.api.events.GameStateChanged), priority=0.0, lambda=net.runelite.client.plugins.examine.ExaminePlugin$$Lambda$1359/0x0000000800a20c40@762aab3)
2026-05-24 12:38:00 CDT [AWT-EventQueue-0] DEBUG n.runelite.client.eventbus.EventBus - Registering class net.runelite.api.events.ChatMessage - EventBus.Subscriber(object=net.runelite.client.plugins.examine.ExaminePlugin@16132f21, method=public void net.runelite.client.plugins.examine.ExaminePlugin.onChatMessage(net.runelite.api.events.ChatMessage), priority=0.0, lambda=net.runelite.client.plugins.examine.ExaminePlugin$$Lambda$1360/0x0000000800a21040@165ece6)
2026-05-24 12:38:00 CDT [AWT-EventQueue-0] DEBUG net.runelite.client.input.KeyManager - Registering key listener: net.runelite.client.plugins.grandexchange.GrandExchangeInputListener@39b320e2
2026-05-24 12:38:00 CDT [AWT-EventQueue-0] DEBUG n.r.client.plugins.PluginManager - Plugin GrandExchangePlugin is now running
2026-05-24 12:38:00 CDT [AWT-EventQueue-0] DEBUG n.runelite.client.eventbus.EventBus - Registering class net.runelite.client.events.ConfigChanged - EventBus.Subscriber(object=net.runelite.client.plugins.grandexchange.GrandExchangePlugin@214beff9, method=public void net.runelite.client.plugins.grandexchange.GrandExchangePlugin.onConfigChanged(net.runelite.client.events.ConfigChanged), priority=0.0, lambda=net.runelite.client.plugins.grandexchange.GrandExchangePlugin$$Lambda$1363/0x0000000800a22040@5f53de14)
2026-05-24 12:38:00 CDT [AWT-EventQueue-0] DEBUG n.runelite.client.eventbus.EventBus - Registering class net.runelite.api.events.GameStateChanged - EventBus.Subscriber(object=net.runelite.client.plugins.grandexchange.GrandExchangePlugin@214beff9, method=public void net.runelite.client.plugins.grandexchange.GrandExchangePlugin.onGameStateChanged(net.runelite.api.events.GameStateChanged), priority=0.0, lambda=net.runelite.client.plugins.grandexchange.GrandExchangePlugin$$Lambda$1364/0x0000000800a22440@1b01acdc)
2026-05-24 12:38:00 CDT [AWT-EventQueue-0] DEBUG n.runelite.client.eventbus.EventBus - Registering class net.runelite.api.events.ScriptCallbackEvent - EventBus.Subscriber(object=net.runelite.client.plugins.grandexchange.GrandExchangePlugin@214beff9, method=public void net.runelite.client.plugins.grandexchange.GrandExchangePlugin.onScriptCallbackEvent(net.runelite.api.events.ScriptCallbackEvent), priority=0.0, lambda=net.runelite.client.plugins.grandexchange.GrandExchangePlugin$$Lambda$1365/0x0000000800a22840@1c6606e5)
2026-05-24 12:38:00 CDT [AWT-EventQueue-0] DEBUG n.runelite.client.eventbus.EventBus - Registering class net.runelite.client.events.SessionClose - EventBus.Subscriber(object=net.runelite.client.plugins.grandexchange.GrandExchangePlugin@214beff9, method=public void net.runelite.client.plugins.grandexchange.GrandExchangePlugin.onSessionClose(net.runelite.client.events.SessionClose), priority=0.0, lambda=net.runelite.client.plugins.grandexchange.GrandExchangePlugin$$Lambda$1366/0x0000000800a22c40@18eb9e19)
2026-05-24 12:38:00 CDT [AWT-EventQueue-0] DEBUG n.runelite.client.eventbus.EventBus - Registering class net.runelite.client.events.SessionOpen - EventBus.Subscriber(object=net.runelite.client.plugins.grandexchange.GrandExchangePlugin@214beff9, method=public void net.runelite.client.plugins.grandexchange.GrandExchangePlugin.onSessionOpen(net.runelite.client.events.SessionOpen), priority=0.0, lambda=net.runelite.client.plugins.grandexchange.GrandExchangePlugin$$Lambda$1367/0x0000000800a23040@4f68433a)
2026-05-24 12:38:00 CDT [AWT-EventQueue-0] DEBUG n.runelite.client.eventbus.EventBus - Registering class net.runelite.api.events.MenuEntryAdded - EventBus.Subscriber(object=net.runelite.client.plugins.grandexchange.GrandExchangePlugin@214beff9, method=public void net.runelite.client.plugins.grandexchange.GrandExchangePlugin.onMenuEntryAdded(net.runelite.api.events.MenuEntryAdded), priority=0.0, lambda=net.runelite.client.plugins.grandexchange.GrandExchangePlugin$$Lambda$1368/0x0000000800a23440@50d44937)
2026-05-24 12:38:00 CDT [AWT-EventQueue-0] DEBUG n.runelite.client.eventbus.EventBus - Registering class net.runelite.api.events.FocusChanged - EventBus.Subscriber(object=net.runelite.client.plugins.grandexchange.GrandExchangePlugin@214beff9, method=public void net.runelite.client.plugins.grandexchange.GrandExchangePlugin.onFocusChanged(net.runelite.api.events.FocusChanged), priority=0.0, lambda=net.runelite.client.plugins.grandexchange.GrandExchangePlugin$$Lambda$1369/0x0000000800a23840@17730bfe)
2026-05-24 12:38:00 CDT [AWT-EventQueue-0] DEBUG n.runelite.client.eventbus.EventBus - Registering class net.runelite.api.events.GrandExchangeSearched - EventBus.Subscriber(object=net.runelite.client.plugins.grandexchange.GrandExchangePlugin@214beff9, method=public void net.runelite.client.plugins.grandexchange.GrandExchangePlugin.onGrandExchangeSearched(net.runelite.api.events.GrandExchangeSearched), priority=-100.0, lambda=net.runelite.client.plugins.grandexchange.GrandExchangePlugin$$Lambda$1370/0x0000000800a23c40@29ec9c01)
2026-05-24 12:38:00 CDT [AWT-EventQueue-0] DEBUG n.runelite.client.eventbus.EventBus - Registering class net.runelite.api.events.GrandExchangeOfferChanged - EventBus.Subscriber(object=net.runelite.client.plugins.grandexchange.GrandExchangePlugin@214beff9, method=public void net.runelite.client.plugins.grandexchange.GrandExchangePlugin.onGrandExchangeOfferChanged(net.runelite.api.events.GrandExchangeOfferChanged), priority=0.0, lambda=net.runelite.client.plugins.grandexchange.GrandExchangePlugin$$Lambda$1371/0x0000000800a24040@4375426f)
2026-05-24 12:38:00 CDT [AWT-EventQueue-0] DEBUG n.runelite.client.eventbus.EventBus - Registering class net.runelite.api.events.ScriptPostFired - EventBus.Subscriber(object=net.runelite.client.plugins.grandexchange.GrandExchangePlugin@214beff9, method=public void net.runelite.client.plugins.grandexchange.GrandExchangePlugin.onScriptPostFired(net.runelite.api.events.ScriptPostFired), priority=0.0, lambda=net.runelite.client.plugins.grandexchange.GrandExchangePlugin$$Lambda$1372/0x0000000800a24440@4a2e4f9d)
2026-05-24 12:38:00 CDT [AWT-EventQueue-0] DEBUG n.runelite.client.eventbus.EventBus - Registering class net.runelite.api.events.ChatMessage - EventBus.Subscriber(object=net.runelite.client.plugins.grandexchange.GrandExchangePlugin@214beff9, method=public void net.runelite.client.plugins.grandexchange.GrandExchangePlugin.onChatMessage(net.runelite.api.events.ChatMessage), priority=0.0, lambda=net.runelite.client.plugins.grandexchange.GrandExchangePlugin$$Lambda$1373/0x0000000800a24840@5be821bd)
2026-05-24 12:38:00 CDT [AWT-EventQueue-0] DEBUG n.r.client.plugins.PluginManager - Plugin ReportButtonPlugin is now running
2026-05-24 12:38:00 CDT [AWT-EventQueue-0] DEBUG n.runelite.client.eventbus.EventBus - Registering class net.runelite.client.events.ConfigChanged - EventBus.Subscriber(object=net.runelite.client.plugins.reportbutton.ReportButtonPlugin@22d9ca63, method=public void net.runelite.client.plugins.reportbutton.ReportButtonPlugin.onConfigChanged(net.runelite.client.events.ConfigChanged), priority=0.0, lambda=net.runelite.client.plugins.reportbutton.ReportButtonPlugin$$Lambda$1375/0x0000000800a25040@4036a2e3)
2026-05-24 12:38:00 CDT [AWT-EventQueue-0] DEBUG n.runelite.client.eventbus.EventBus - Registering class net.runelite.api.events.GameTick - EventBus.Subscriber(object=net.runelite.client.plugins.reportbutton.ReportButtonPlugin@22d9ca63, method=public void net.runelite.client.plugins.reportbutton.ReportButtonPlugin.onGameTick(net.runelite.api.events.GameTick), priority=0.0, lambda=net.runelite.client.plugins.reportbutton.ReportButtonPlugin$$Lambda$1376/0x0000000800a25440@43f2200d)
2026-05-24 12:38:00 CDT [AWT-EventQueue-0] DEBUG n.runelite.client.eventbus.EventBus - Registering class net.runelite.api.events.GameStateChanged - EventBus.Subscriber(object=net.runelite.client.plugins.reportbutton.ReportButtonPlugin@22d9ca63, method=public void net.runelite.client.plugins.reportbutton.ReportButtonPlugin.onGameStateChanged(net.runelite.api.events.GameStateChanged), priority=0.0, lambda=net.runelite.client.plugins.reportbutton.ReportButtonPlugin$$Lambda$1377/0x0000000800a25840@37d1a0fd)
2026-05-24 12:38:00 CDT [AWT-EventQueue-0] DEBUG n.r.client.plugins.PluginManager - Scheduled task ScheduledMethod(schedule=@net.runelite.client.task.Schedule(asynchronous=false, period=500, unit=Millis), method=public void net.runelite.client.plugins.reportbutton.ReportButtonPlugin.updateSchedule(), object=net.runelite.client.plugins.reportbutton.ReportButtonPlugin@22d9ca63, lambda=net.runelite.client.plugins.reportbutton.ReportButtonPlugin$$Lambda$1378/0x0000000800a26040@1b336cd8, last=2026-05-24T17:38:00.948944Z)
2026-05-24 12:38:00 CDT [AWT-EventQueue-0] DEBUG n.r.client.plugins.PluginManager - Plugin BarbarianAssaultPlugin is now running
2026-05-24 12:38:00 CDT [AWT-EventQueue-0] DEBUG n.runelite.client.eventbus.EventBus - Registering class net.runelite.api.events.VarbitChanged - EventBus.Subscriber(object=net.runelite.client.plugins.barbarianassault.BarbarianAssaultPlugin@66522ead, method=public void net.runelite.client.plugins.barbarianassault.BarbarianAssaultPlugin.onVarbitChanged(net.runelite.api.events.VarbitChanged), priority=0.0, lambda=net.runelite.client.plugins.barbarianassault.BarbarianAssaultPlugin$$Lambda$1379/0x0000000800a26440@8290608)
2026-05-24 12:38:00 CDT [AWT-EventQueue-0] DEBUG n.runelite.client.eventbus.EventBus - Registering class net.runelite.api.events.WidgetLoaded - EventBus.Subscriber(object=net.runelite.client.plugins.barbarianassault.BarbarianAssaultPlugin@66522ead, method=public void net.runelite.client.plugins.barbarianassault.BarbarianAssaultPlugin.onWidgetLoaded(net.runelite.api.events.WidgetLoaded), priority=0.0, lambda=net.runelite.client.plugins.barbarianassault.BarbarianAssaultPlugin$$Lambda$1380/0x0000000800a26840@7bb1554d)
2026-05-24 12:38:00 CDT [AWT-EventQueue-0] DEBUG n.runelite.client.eventbus.EventBus - Registering class net.runelite.api.events.ChatMessage - EventBus.Subscriber(object=net.runelite.client.plugins.barbarianassault.BarbarianAssaultPlugin@66522ead, method=public void net.runelite.client.plugins.barbarianassault.BarbarianAssaultPlugin.onChatMessage(net.runelite.api.events.ChatMessage), priority=0.0, lambda=net.runelite.client.plugins.barbarianassault.BarbarianAssaultPlugin$$Lambda$1381/0x0000000800a26c40@53580ed0)
2026-05-24 12:38:00 CDT [AWT-EventQueue-0] DEBUG n.r.client.plugins.PluginManager - Plugin RunepouchPlugin is now running
2026-05-24 12:38:00 CDT [AWT-EventQueue-0] DEBUG n.r.client.plugins.PluginManager - Plugin AgilityPlugin is now running
2026-05-24 12:38:00 CDT [AWT-EventQueue-0] DEBUG n.runelite.client.eventbus.EventBus - Registering class net.runelite.api.events.DecorativeObjectDespawned - EventBus.Subscriber(object=net.runelite.client.plugins.agility.AgilityPlugin@5d1b1c2a, method=public void net.runelite.client.plugins.agility.AgilityPlugin.onDecorativeObjectDespawned(net.runelite.api.events.DecorativeObjectDespawned), priority=0.0, lambda=net.runelite.client.plugins.agility.AgilityPlugin$$Lambda$1382/0x0000000800a27040@5cdfee0a)
2026-05-24 12:38:00 CDT [AWT-EventQueue-0] DEBUG n.runelite.client.eventbus.EventBus - Registering class net.runelite.api.events.WallObjectSpawned - EventBus.Subscriber(object=net.runelite.client.plugins.agility.AgilityPlugin@5d1b1c2a, method=public void net.runelite.client.plugins.agility.AgilityPlugin.onWallObjectSpawned(net.runelite.api.events.WallObjectSpawned), priority=0.0, lambda=net.runelite.client.plugins.agility.AgilityPlugin$$Lambda$1383/0x0000000800a27440@68ab1912)
2026-05-24 12:38:00 CDT [AWT-EventQueue-0] DEBUG n.runelite.client.eventbus.EventBus - Registering class net.runelite.api.events.GameObjectSpawned - EventBus.Subscriber(object=net.runelite.client.plugins.agility.AgilityPlugin@5d1b1c2a, method=public void net.runelite.client.plugins.agility.AgilityPlugin.onGameObjectSpawned(net.runelite.api.events.GameObjectSpawned), priority=0.0, lambda=net.runelite.client.plugins.agility.AgilityPlugin$$Lambda$1384/0x0000000800a27840@4c23b001)
2026-05-24 12:38:00 CDT [AWT-EventQueue-0] DEBUG n.runelite.client.eventbus.EventBus - Registering class net.runelite.api.events.DecorativeObjectSpawned - EventBus.Subscriber(object=net.runelite.client.plugins.agility.AgilityPlugin@5d1b1c2a, method=public void net.runelite.client.plugins.agility.AgilityPlugin.onDecorativeObjectSpawned(net.runelite.api.events.DecorativeObjectSpawned), priority=0.0, lambda=net.runelite.client.plugins.agility.AgilityPlugin$$Lambda$1385/0x0000000800a27c40@21e1b0ca)
2026-05-24 12:38:00 CDT [AWT-EventQueue-0] DEBUG n.runelite.client.eventbus.EventBus - Registering class net.runelite.api.events.GroundObjectSpawned - EventBus.Subscriber(object=net.runelite.client.plugins.agility.AgilityPlugin@5d1b1c2a, method=public void net.runelite.client.plugins.agility.AgilityPlugin.onGroundObjectSpawned(net.runelite.api.events.GroundObjectSpawned), priority=0.0, lambda=net.runelite.client.plugins.agility.AgilityPlugin$$Lambda$1386/0x0000000800a28040@624c48d4)
2026-05-24 12:38:00 CDT [AWT-EventQueue-0] DEBUG n.runelite.client.eventbus.EventBus - Registering class net.runelite.api.events.GroundObjectDespawned - EventBus.Subscriber(object=net.runelite.client.plugins.agility.AgilityPlugin@5d1b1c2a, method=public void net.runelite.client.plugins.agility.AgilityPlugin.onGroundObjectDespawned(net.runelite.api.events.GroundObjectDespawned), priority=0.0, lambda=net.runelite.client.plugins.agility.AgilityPlugin$$Lambda$1387/0x0000000800a28440@4d754e97)
2026-05-24 12:38:00 CDT [AWT-EventQueue-0] DEBUG n.runelite.client.eventbus.EventBus - Registering class net.runelite.api.events.GameObjectDespawned - EventBus.Subscriber(object=net.runelite.client.plugins.agility.AgilityPlugin@5d1b1c2a, method=public void net.runelite.client.plugins.agility.AgilityPlugin.onGameObjectDespawned(net.runelite.api.events.GameObjectDespawned), priority=0.0, lambda=net.runelite.client.plugins.agility.AgilityPlugin$$Lambda$1388/0x0000000800a28840@ca8278e)
2026-05-24 12:38:00 CDT [AWT-EventQueue-0] DEBUG n.runelite.client.eventbus.EventBus - Registering class net.runelite.api.events.WallObjectDespawned - EventBus.Subscriber(object=net.runelite.client.plugins.agility.AgilityPlugin@5d1b1c2a, method=public void net.runelite.client.plugins.agility.AgilityPlugin.onWallObjectDespawned(net.runelite.api.events.WallObjectDespawned), priority=0.0, lambda=net.runelite.client.plugins.agility.AgilityPlugin$$Lambda$1389/0x0000000800a28c40@7c4b4500)
2026-05-24 12:38:00 CDT [AWT-EventQueue-0] DEBUG n.runelite.client.eventbus.EventBus - Registering class net.runelite.client.events.ConfigChanged - EventBus.Subscriber(object=net.runelite.client.plugins.agility.AgilityPlugin@5d1b1c2a, method=public void net.runelite.client.plugins.agility.AgilityPlugin.onConfigChanged(net.runelite.client.events.ConfigChanged), priority=0.0, lambda=net.runelite.client.plugins.agility.AgilityPlugin$$Lambda$1390/0x0000000800a29040@2b8b72c8)
2026-05-24 12:38:00 CDT [AWT-EventQueue-0] DEBUG n.runelite.client.eventbus.EventBus - Registering class net.runelite.api.events.GameTick - EventBus.Subscriber(object=net.runelite.client.plugins.agility.AgilityPlugin@5d1b1c2a, method=public void net.runelite.client.plugins.agility.AgilityPlugin.onGameTick(net.runelite.api.events.GameTick), priority=0.0, lambda=net.runelite.client.plugins.agility.AgilityPlugin$$Lambda$1391/0x0000000800a29440@7b1d6e42)
2026-05-24 12:38:00 CDT [AWT-EventQueue-0] DEBUG n.runelite.client.eventbus.EventBus - Registering class net.runelite.api.events.GameStateChanged - EventBus.Subscriber(object=net.runelite.client.plugins.agility.AgilityPlugin@5d1b1c2a, method=public void net.runelite.client.plugins.agility.AgilityPlugin.onGameStateChanged(net.runelite.api.events.GameStateChanged), priority=0.0, lambda=net.runelite.client.plugins.agility.AgilityPlugin$$Lambda$1392/0x0000000800a29840@783f866f)
2026-05-24 12:38:00 CDT [AWT-EventQueue-0] DEBUG n.runelite.client.eventbus.EventBus - Registering class net.runelite.api.events.StatChanged - EventBus.Subscriber(object=net.runelite.client.plugins.agility.AgilityPlugin@5d1b1c2a, method=public void net.runelite.client.plugins.agility.AgilityPlugin.onStatChanged(net.runelite.api.events.StatChanged), priority=0.0, lambda=net.runelite.client.plugins.agility.AgilityPlugin$$Lambda$1393/0x0000000800a29c40@771ae2a7)
2026-05-24 12:38:00 CDT [AWT-EventQueue-0] DEBUG n.runelite.client.eventbus.EventBus - Registering class net.runelite.api.events.VarbitChanged - EventBus.Subscriber(object=net.runelite.client.plugins.agility.AgilityPlugin@5d1b1c2a, method=public void net.runelite.client.plugins.agility.AgilityPlugin.onVarbitChanged(net.runelite.api.events.VarbitChanged), priority=0.0, lambda=net.runelite.client.plugins.agility.AgilityPlugin$$Lambda$1394/0x0000000800a2a040@6e194548)
2026-05-24 12:38:00 CDT [AWT-EventQueue-0] DEBUG n.runelite.client.eventbus.EventBus - Registering class net.runelite.api.events.NpcDespawned - EventBus.Subscriber(object=net.runelite.client.plugins.agility.AgilityPlugin@5d1b1c2a, method=public void net.runelite.client.plugins.agility.AgilityPlugin.onNpcDespawned(net.runelite.api.events.NpcDespawned), priority=0.0, lambda=net.runelite.client.plugins.agility.AgilityPlugin$$Lambda$1395/0x0000000800a2a440@6e0c00f)
2026-05-24 12:38:00 CDT [AWT-EventQueue-0] DEBUG n.runelite.client.eventbus.EventBus - Registering class net.runelite.api.events.NpcSpawned - EventBus.Subscriber(object=net.runelite.client.plugins.agility.AgilityPlugin@5d1b1c2a, method=public void net.runelite.client.plugins.agility.AgilityPlugin.onNpcSpawned(net.runelite.api.events.NpcSpawned), priority=0.0, lambda=net.runelite.client.plugins.agility.AgilityPlugin$$Lambda$1396/0x0000000800a2a840@45554ddf)
2026-05-24 12:38:00 CDT [AWT-EventQueue-0] DEBUG n.runelite.client.eventbus.EventBus - Registering class net.runelite.api.events.ItemDespawned - EventBus.Subscriber(object=net.runelite.client.plugins.agility.AgilityPlugin@5d1b1c2a, method=public void net.runelite.client.plugins.agility.AgilityPlugin.onItemDespawned(net.runelite.api.events.ItemDespawned), priority=0.0, lambda=net.runelite.client.plugins.agility.AgilityPlugin$$Lambda$1397/0x0000000800a2ac40@1ba91549)
2026-05-24 12:38:00 CDT [AWT-EventQueue-0] DEBUG n.runelite.client.eventbus.EventBus - Registering class net.runelite.api.events.ItemSpawned - EventBus.Subscriber(object=net.runelite.client.plugins.agility.AgilityPlugin@5d1b1c2a, method=public void net.runelite.client.plugins.agility.AgilityPlugin.onItemSpawned(net.runelite.api.events.ItemSpawned), priority=0.0, lambda=net.runelite.client.plugins.agility.AgilityPlugin$$Lambda$1398/0x0000000800a2b040@6704d7f)
2026-05-24 12:38:00 CDT [AWT-EventQueue-0] DEBUG n.runelite.client.eventbus.EventBus - Registering class net.runelite.api.events.MenuOptionClicked - EventBus.Subscriber(object=net.runelite.client.plugins.crowdsourcing.cooking.CrowdsourcingCooking@1eefeb91, method=public void net.runelite.client.plugins.crowdsourcing.cooking.CrowdsourcingCooking.onMenuOptionClicked(net.runelite.api.events.MenuOptionClicked), priority=0.0, lambda=net.runelite.client.plugins.crowdsourcing.cooking.CrowdsourcingCooking$$Lambda$1399/0x0000000800a2b440@67cea91c)
2026-05-24 12:38:00 CDT [AWT-EventQueue-0] DEBUG n.runelite.client.eventbus.EventBus - Registering class net.runelite.api.events.ChatMessage - EventBus.Subscriber(object=net.runelite.client.plugins.crowdsourcing.cooking.CrowdsourcingCooking@1eefeb91, method=public void net.runelite.client.plugins.crowdsourcing.cooking.CrowdsourcingCooking.onChatMessage(net.runelite.api.events.ChatMessage), priority=0.0, lambda=net.runelite.client.plugins.crowdsourcing.cooking.CrowdsourcingCooking$$Lambda$1400/0x0000000800a2b840@3da05061)
2026-05-24 12:38:00 CDT [AWT-EventQueue-0] DEBUG n.runelite.client.eventbus.EventBus - Registering class net.runelite.api.events.GameTick - EventBus.Subscriber(object=net.runelite.client.plugins.crowdsourcing.dialogue.CrowdsourcingDialogue@4e6653ec, method=public void net.runelite.client.plugins.crowdsourcing.dialogue.CrowdsourcingDialogue.onGameTick(net.runelite.api.events.GameTick), priority=0.0, lambda=net.runelite.client.plugins.crowdsourcing.dialogue.CrowdsourcingDialogue$$Lambda$1401/0x0000000800a2bc40@a9f8663)
2026-05-24 12:38:00 CDT [AWT-EventQueue-0] DEBUG n.runelite.client.eventbus.EventBus - Registering class net.runelite.api.events.ChatMessage - EventBus.Subscriber(object=net.runelite.client.plugins.crowdsourcing.dialogue.CrowdsourcingDialogue@4e6653ec, method=public void net.runelite.client.plugins.crowdsourcing.dialogue.CrowdsourcingDialogue.onChatMessage(net.runelite.api.events.ChatMessage), priority=0.0, lambda=net.runelite.client.plugins.crowdsourcing.dialogue.CrowdsourcingDialogue$$Lambda$1402/0x0000000800a2c040@7d800e21)
2026-05-24 12:38:00 CDT [AWT-EventQueue-0] DEBUG n.runelite.client.eventbus.EventBus - Registering class net.runelite.api.events.ChatMessage - EventBus.Subscriber(object=net.runelite.client.plugins.crowdsourcing.music.CrowdsourcingMusic@775ff993, method=public void net.runelite.client.plugins.crowdsourcing.music.CrowdsourcingMusic.onChatMessage(net.runelite.api.events.ChatMessage), priority=0.0, lambda=net.runelite.client.plugins.crowdsourcing.music.CrowdsourcingMusic$$Lambda$1403/0x0000000800a2c440@5d16b0c5)
2026-05-24 12:38:00 CDT [AWT-EventQueue-0] DEBUG n.runelite.client.eventbus.EventBus - Registering class net.runelite.api.events.MenuOptionClicked - EventBus.Subscriber(object=net.runelite.client.plugins.crowdsourcing.thieving.CrowdsourcingThieving@feaaca6, method=public void net.runelite.client.plugins.crowdsourcing.thieving.CrowdsourcingThieving.onMenuOptionClicked(net.runelite.api.events.MenuOptionClicked), priority=0.0, lambda=net.runelite.client.plugins.crowdsourcing.thieving.CrowdsourcingThieving$$Lambda$1404/0x0000000800a2c840@7715fa9)
2026-05-24 12:38:00 CDT [AWT-EventQueue-0] DEBUG n.runelite.client.eventbus.EventBus - Registering class net.runelite.api.events.ChatMessage - EventBus.Subscriber(object=net.runelite.client.plugins.crowdsourcing.thieving.CrowdsourcingThieving@feaaca6, method=public void net.runelite.client.plugins.crowdsourcing.thieving.CrowdsourcingThieving.onChatMessage(net.runelite.api.events.ChatMessage), priority=0.0, lambda=net.runelite.client.plugins.crowdsourcing.thieving.CrowdsourcingThieving$$Lambda$1405/0x0000000800a2cc40@1d03fef7)
2026-05-24 12:38:00 CDT [AWT-EventQueue-0] DEBUG n.runelite.client.eventbus.EventBus - Registering class net.runelite.api.events.MenuOptionClicked - EventBus.Subscriber(object=net.runelite.client.plugins.crowdsourcing.woodcutting.CrowdsourcingWoodcutting@4ad77d29, method=public void net.runelite.client.plugins.crowdsourcing.woodcutting.CrowdsourcingWoodcutting.onMenuOptionClicked(net.runelite.api.events.MenuOptionClicked), priority=0.0, lambda=net.runelite.client.plugins.crowdsourcing.woodcutting.CrowdsourcingWoodcutting$$Lambda$1406/0x0000000800a2d040@6fc352ee)
2026-05-24 12:38:00 CDT [AWT-EventQueue-0] DEBUG n.runelite.client.eventbus.EventBus - Registering class net.runelite.api.events.GameObjectDespawned - EventBus.Subscriber(object=net.runelite.client.plugins.crowdsourcing.woodcutting.CrowdsourcingWoodcutting@4ad77d29, method=public void net.runelite.client.plugins.crowdsourcing.woodcutting.CrowdsourcingWoodcutting.onGameObjectDespawned(net.runelite.api.events.GameObjectDespawned), priority=0.0, lambda=net.runelite.client.plugins.crowdsourcing.woodcutting.CrowdsourcingWoodcutting$$Lambda$1407/0x0000000800a2d440@1d60c3ea)
2026-05-24 12:38:00 CDT [AWT-EventQueue-0] DEBUG n.runelite.client.eventbus.EventBus - Registering class net.runelite.api.events.GameTick - EventBus.Subscriber(object=net.runelite.client.plugins.crowdsourcing.woodcutting.CrowdsourcingWoodcutting@4ad77d29, method=public void net.runelite.client.plugins.crowdsourcing.woodcutting.CrowdsourcingWoodcutting.onGameTick(net.runelite.api.events.GameTick), priority=0.0, lambda=net.runelite.client.plugins.crowdsourcing.woodcutting.CrowdsourcingWoodcutting$$Lambda$1408/0x0000000800a2d840@190eb013)
2026-05-24 12:38:00 CDT [AWT-EventQueue-0] DEBUG n.runelite.client.eventbus.EventBus - Registering class net.runelite.api.events.ChatMessage - EventBus.Subscriber(object=net.runelite.client.plugins.crowdsourcing.woodcutting.CrowdsourcingWoodcutting@4ad77d29, method=public void net.runelite.client.plugins.crowdsourcing.woodcutting.CrowdsourcingWoodcutting.onChatMessage(net.runelite.api.events.ChatMessage), priority=0.0, lambda=net.runelite.client.plugins.crowdsourcing.woodcutting.CrowdsourcingWoodcutting$$Lambda$1409/0x0000000800a2dc40@4070c94b)
2026-05-24 12:38:00 CDT [AWT-EventQueue-0] DEBUG n.runelite.client.eventbus.EventBus - Registering class net.runelite.api.events.MenuOptionClicked - EventBus.Subscriber(object=net.runelite.client.plugins.crowdsourcing.zmi.CrowdsourcingZMI@3e75836d, method=public void net.runelite.client.plugins.crowdsourcing.zmi.CrowdsourcingZMI.onMenuOptionClicked(net.runelite.api.events.MenuOptionClicked), priority=0.0, lambda=net.runelite.client.plugins.crowdsourcing.zmi.CrowdsourcingZMI$$Lambda$1410/0x0000000800a2e040@44695ccd)
2026-05-24 12:38:00 CDT [AWT-EventQueue-0] DEBUG n.runelite.client.eventbus.EventBus - Registering class net.runelite.api.events.ItemContainerChanged - EventBus.Subscriber(object=net.runelite.client.plugins.crowdsourcing.zmi.CrowdsourcingZMI@3e75836d, method=public void net.runelite.client.plugins.crowdsourcing.zmi.CrowdsourcingZMI.onItemContainerChanged(net.runelite.api.events.ItemContainerChanged), priority=0.0, lambda=net.runelite.client.plugins.crowdsourcing.zmi.CrowdsourcingZMI$$Lambda$1411/0x0000000800a2e440@69911f43)
2026-05-24 12:38:00 CDT [AWT-EventQueue-0] DEBUG n.runelite.client.eventbus.EventBus - Registering class net.runelite.api.events.StatChanged - EventBus.Subscriber(object=net.runelite.client.plugins.crowdsourcing.zmi.CrowdsourcingZMI@3e75836d, method=public void net.runelite.client.plugins.crowdsourcing.zmi.CrowdsourcingZMI.onStatChanged(net.runelite.api.events.StatChanged), priority=0.0, lambda=net.runelite.client.plugins.crowdsourcing.zmi.CrowdsourcingZMI$$Lambda$1412/0x0000000800a2e840@756c2373)
2026-05-24 12:38:00 CDT [AWT-EventQueue-0] DEBUG n.runelite.client.eventbus.EventBus - Registering class net.runelite.api.events.ChatMessage - EventBus.Subscriber(object=net.runelite.client.plugins.crowdsourcing.zmi.CrowdsourcingZMI@3e75836d, method=public void net.runelite.client.plugins.crowdsourcing.zmi.CrowdsourcingZMI.onChatMessage(net.runelite.api.events.ChatMessage), priority=0.0, lambda=net.runelite.client.plugins.crowdsourcing.zmi.CrowdsourcingZMI$$Lambda$1413/0x0000000800a2ec40@39229c2a)
2026-05-24 12:38:00 CDT [AWT-EventQueue-0] DEBUG n.r.client.plugins.PluginManager - Plugin CrowdsourcingPlugin is now running
2026-05-24 12:38:00 CDT [AWT-EventQueue-0] DEBUG n.r.client.plugins.PluginManager - Scheduled task ScheduledMethod(schedule=@net.runelite.client.task.Schedule(asynchronous=true, period=300, unit=Seconds), method=public void net.runelite.client.plugins.crowdsourcing.CrowdsourcingPlugin.submitToAPI(), object=net.runelite.client.plugins.crowdsourcing.CrowdsourcingPlugin@6b9fdbc6, lambda=net.runelite.client.plugins.crowdsourcing.CrowdsourcingPlugin$$Lambda$1414/0x0000000800a2f040@2568f85a, last=2026-05-24T17:38:00.958479100Z)
2026-05-24 12:38:00 CDT [AWT-EventQueue-0] DEBUG n.r.client.plugins.PluginManager - Plugin RunEnergyPlugin is now running
2026-05-24 12:38:00 CDT [AWT-EventQueue-0] DEBUG n.runelite.client.eventbus.EventBus - Registering class net.runelite.client.events.ConfigChanged - EventBus.Subscriber(object=net.runelite.client.plugins.runenergy.RunEnergyPlugin@53940e2f, method=public void net.runelite.client.plugins.runenergy.RunEnergyPlugin.onConfigChanged(net.runelite.client.events.ConfigChanged), priority=0.0, lambda=net.runelite.client.plugins.runenergy.RunEnergyPlugin$$Lambda$1415/0x0000000800a2f440@1dc26581)
2026-05-24 12:38:00 CDT [AWT-EventQueue-0] DEBUG n.runelite.client.eventbus.EventBus - Registering class net.runelite.api.events.GameTick - EventBus.Subscriber(object=net.runelite.client.plugins.runenergy.RunEnergyPlugin@53940e2f, method=public void net.runelite.client.plugins.runenergy.RunEnergyPlugin.onGameTick(net.runelite.api.events.GameTick), priority=0.0, lambda=net.runelite.client.plugins.runenergy.RunEnergyPlugin$$Lambda$1416/0x0000000800a2f840@60efa172)
2026-05-24 12:38:00 CDT [AWT-EventQueue-0] DEBUG n.runelite.client.eventbus.EventBus - Registering class net.runelite.api.events.ScriptCallbackEvent - EventBus.Subscriber(object=net.runelite.client.plugins.runenergy.RunEnergyPlugin@53940e2f, method=public void net.runelite.client.plugins.runenergy.RunEnergyPlugin.onScriptCallbackEvent(net.runelite.api.events.ScriptCallbackEvent), priority=0.0, lambda=net.runelite.client.plugins.runenergy.RunEnergyPlugin$$Lambda$1417/0x0000000800a2fc40@51ae4010)
2026-05-24 12:38:00 CDT [AWT-EventQueue-0] DEBUG n.runelite.client.eventbus.EventBus - Registering class net.runelite.api.events.ScriptPostFired - EventBus.Subscriber(object=net.runelite.client.plugins.runenergy.RunEnergyPlugin@53940e2f, method=public void net.runelite.client.plugins.runenergy.RunEnergyPlugin.onScriptPostFired(net.runelite.api.events.ScriptPostFired), priority=0.0, lambda=net.runelite.client.plugins.runenergy.RunEnergyPlugin$$Lambda$1418/0x0000000800a30040@77d12c64)
2026-05-24 12:38:00 CDT [AWT-EventQueue-0] DEBUG n.runelite.client.eventbus.EventBus - Registering class net.runelite.api.events.ChatMessage - EventBus.Subscriber(object=net.runelite.client.plugins.runenergy.RunEnergyPlugin@53940e2f, method=public void net.runelite.client.plugins.runenergy.RunEnergyPlugin.onChatMessage(net.runelite.api.events.ChatMessage), priority=0.0, lambda=net.runelite.client.plugins.runenergy.RunEnergyPlugin$$Lambda$1419/0x0000000800a30440@7dfba975)
2026-05-24 12:38:00 CDT [AWT-EventQueue-0] DEBUG n.r.client.plugins.PluginManager - Plugin TearsOfGuthixPlugin is now running
2026-05-24 12:38:00 CDT [AWT-EventQueue-0] DEBUG n.runelite.client.eventbus.EventBus - Registering class net.runelite.api.events.DecorativeObjectDespawned - EventBus.Subscriber(object=net.runelite.client.plugins.tearsofguthix.TearsOfGuthixPlugin@5529ff44, method=public void net.runelite.client.plugins.tearsofguthix.TearsOfGuthixPlugin.onDecorativeObjectDespawned(net.runelite.api.events.DecorativeObjectDespawned), priority=0.0, lambda=net.runelite.client.plugins.tearsofguthix.TearsOfGuthixPlugin$$Lambda$1420/0x0000000800a30840@2e91fdbf)
2026-05-24 12:38:00 CDT [AWT-EventQueue-0] DEBUG n.runelite.client.eventbus.EventBus - Registering class net.runelite.api.events.DecorativeObjectSpawned - EventBus.Subscriber(object=net.runelite.client.plugins.tearsofguthix.TearsOfGuthixPlugin@5529ff44, method=public void net.runelite.client.plugins.tearsofguthix.TearsOfGuthixPlugin.onDecorativeObjectSpawned(net.runelite.api.events.DecorativeObjectSpawned), priority=0.0, lambda=net.runelite.client.plugins.tearsofguthix.TearsOfGuthixPlugin$$Lambda$1421/0x0000000800a30c40@66fc503b)
2026-05-24 12:38:00 CDT [AWT-EventQueue-0] DEBUG n.runelite.client.eventbus.EventBus - Registering class net.runelite.api.events.GameStateChanged - EventBus.Subscriber(object=net.runelite.client.plugins.tearsofguthix.TearsOfGuthixPlugin@5529ff44, method=public void net.runelite.client.plugins.tearsofguthix.TearsOfGuthixPlugin.onGameStateChanged(net.runelite.api.events.GameStateChanged), priority=0.0, lambda=net.runelite.client.plugins.tearsofguthix.TearsOfGuthixPlugin$$Lambda$1422/0x0000000800a31040@7d888421)
2026-05-24 12:38:00 CDT [AWT-EventQueue-0] DEBUG n.r.client.plugins.PluginManager - Plugin TimestampPlugin is now running
2026-05-24 12:38:00 CDT [AWT-EventQueue-0] DEBUG n.runelite.client.eventbus.EventBus - Registering class net.runelite.client.events.ConfigChanged - EventBus.Subscriber(object=net.runelite.client.plugins.timestamp.TimestampPlugin@1f87607c, method=public void net.runelite.client.plugins.timestamp.TimestampPlugin.onConfigChanged(net.runelite.client.events.ConfigChanged), priority=0.0, lambda=net.runelite.client.plugins.timestamp.TimestampPlugin$$Lambda$1423/0x0000000800a31440@2b66ac38)
2026-05-24 12:38:00 CDT [AWT-EventQueue-0] DEBUG n.runelite.client.eventbus.EventBus - Registering class net.runelite.api.events.ScriptCallbackEvent - EventBus.Subscriber(object=net.runelite.client.plugins.timestamp.TimestampPlugin@1f87607c, method=private void net.runelite.client.plugins.timestamp.TimestampPlugin.onScriptCallbackEvent(net.runelite.api.events.ScriptCallbackEvent), priority=0.0, lambda=net.runelite.client.plugins.timestamp.TimestampPlugin$$Lambda$1424/0x0000000800a31840@fa0a46)
2026-05-24 12:38:00 CDT [AWT-EventQueue-0] DEBUG n.r.client.plugins.PluginManager - Plugin PuzzleSolverPlugin is now running
2026-05-24 12:38:00 CDT [AWT-EventQueue-0] DEBUG n.runelite.client.eventbus.EventBus - Registering class net.runelite.api.events.MenuOptionClicked - EventBus.Subscriber(object=net.runelite.client.plugins.puzzlesolver.PuzzleSolverPlugin@36ef1d65, method=public void net.runelite.client.plugins.puzzlesolver.PuzzleSolverPlugin.onMenuOptionClicked(net.runelite.api.events.MenuOptionClicked), priority=0.0, lambda=net.runelite.client.plugins.puzzlesolver.PuzzleSolverPlugin$$Lambda$1425/0x0000000800a31c40@31e34b11)
2026-05-24 12:38:00 CDT [AWT-EventQueue-0] DEBUG n.runelite.client.eventbus.EventBus - Registering class net.runelite.api.events.GameTick - EventBus.Subscriber(object=net.runelite.client.plugins.puzzlesolver.PuzzleSolverPlugin@36ef1d65, method=public void net.runelite.client.plugins.puzzlesolver.PuzzleSolverPlugin.onGameTick(net.runelite.api.events.GameTick), priority=0.0, lambda=net.runelite.client.plugins.puzzlesolver.PuzzleSolverPlugin$$Lambda$1426/0x0000000800a32040@64ac3fc3)
2026-05-24 12:38:00 CDT [AWT-EventQueue-0] DEBUG n.runelite.client.eventbus.EventBus - Registering class net.runelite.api.events.WidgetLoaded - EventBus.Subscriber(object=net.runelite.client.plugins.puzzlesolver.PuzzleSolverPlugin@36ef1d65, method=public void net.runelite.client.plugins.puzzlesolver.PuzzleSolverPlugin.onWidgetLoaded(net.runelite.api.events.WidgetLoaded), priority=0.0, lambda=net.runelite.client.plugins.puzzlesolver.PuzzleSolverPlugin$$Lambda$1427/0x0000000800a32440@7032441b)
2026-05-24 12:38:00 CDT [AWT-EventQueue-0] DEBUG n.r.client.plugins.PluginManager - Plugin HerbiboarPlugin is now running
2026-05-24 12:38:00 CDT [AWT-EventQueue-0] DEBUG n.runelite.client.eventbus.EventBus - Registering class net.runelite.api.events.GameObjectSpawned - EventBus.Subscriber(object=net.runelite.client.plugins.herbiboars.HerbiboarPlugin@4041739c, method=public void net.runelite.client.plugins.herbiboars.HerbiboarPlugin.onGameObjectSpawned(net.runelite.api.events.GameObjectSpawned), priority=0.0, lambda=net.runelite.client.plugins.herbiboars.HerbiboarPlugin$$Lambda$1428/0x0000000800a32840@de23a85)
2026-05-24 12:38:00 CDT [AWT-EventQueue-0] DEBUG n.runelite.client.eventbus.EventBus - Registering class net.runelite.api.events.MenuOptionClicked - EventBus.Subscriber(object=net.runelite.client.plugins.herbiboars.HerbiboarPlugin@4041739c, method=public void net.runelite.client.plugins.herbiboars.HerbiboarPlugin.onMenuOptionClicked(net.runelite.api.events.MenuOptionClicked), priority=0.0, lambda=net.runelite.client.plugins.herbiboars.HerbiboarPlugin$$Lambda$1429/0x0000000800a32c40@25477d2a)
2026-05-24 12:38:00 CDT [AWT-EventQueue-0] DEBUG n.runelite.client.eventbus.EventBus - Registering class net.runelite.api.events.GroundObjectSpawned - EventBus.Subscriber(object=net.runelite.client.plugins.herbiboars.HerbiboarPlugin@4041739c, method=public void net.runelite.client.plugins.herbiboars.HerbiboarPlugin.onGroundObjectSpawned(net.runelite.api.events.GroundObjectSpawned), priority=0.0, lambda=net.runelite.client.plugins.herbiboars.HerbiboarPlugin$$Lambda$1430/0x0000000800a33040@1b097df0)
2026-05-24 12:38:00 CDT [AWT-EventQueue-0] DEBUG n.runelite.client.eventbus.EventBus - Registering class net.runelite.api.events.GroundObjectDespawned - EventBus.Subscriber(object=net.runelite.client.plugins.herbiboars.HerbiboarPlugin@4041739c, method=public void net.runelite.client.plugins.herbiboars.HerbiboarPlugin.onGroundObjectDespawned(net.runelite.api.events.GroundObjectDespawned), priority=0.0, lambda=net.runelite.client.plugins.herbiboars.HerbiboarPlugin$$Lambda$1431/0x0000000800a33440@7d2c2f8d)
2026-05-24 12:38:00 CDT [AWT-EventQueue-0] DEBUG n.runelite.client.eventbus.EventBus - Registering class net.runelite.api.events.GameObjectDespawned - EventBus.Subscriber(object=net.runelite.client.plugins.herbiboars.HerbiboarPlugin@4041739c, method=public void net.runelite.client.plugins.herbiboars.HerbiboarPlugin.onGameObjectDespawned(net.runelite.api.events.GameObjectDespawned), priority=0.0, lambda=net.runelite.client.plugins.herbiboars.HerbiboarPlugin$$Lambda$1432/0x0000000800a33840@30e8196c)
2026-05-24 12:38:00 CDT [AWT-EventQueue-0] DEBUG n.runelite.client.eventbus.EventBus - Registering class net.runelite.api.events.GameStateChanged - EventBus.Subscriber(object=net.runelite.client.plugins.herbiboars.HerbiboarPlugin@4041739c, method=public void net.runelite.client.plugins.herbiboars.HerbiboarPlugin.onGameStateChanged(net.runelite.api.events.GameStateChanged), priority=0.0, lambda=net.runelite.client.plugins.herbiboars.HerbiboarPlugin$$Lambda$1433/0x0000000800a33c40@2ab9edf4)
2026-05-24 12:38:00 CDT [AWT-EventQueue-0] DEBUG n.runelite.client.eventbus.EventBus - Registering class net.runelite.api.events.VarbitChanged - EventBus.Subscriber(object=net.runelite.client.plugins.herbiboars.HerbiboarPlugin@4041739c, method=public void net.runelite.client.plugins.herbiboars.HerbiboarPlugin.onVarbitChanged(net.runelite.api.events.VarbitChanged), priority=0.0, lambda=net.runelite.client.plugins.herbiboars.HerbiboarPlugin$$Lambda$1434/0x0000000800a34040@4ad756d2)
2026-05-24 12:38:00 CDT [AWT-EventQueue-0] DEBUG n.r.client.plugins.PluginManager - Plugin WintertodtPlugin is now running
2026-05-24 12:38:00 CDT [AWT-EventQueue-0] DEBUG n.runelite.client.eventbus.EventBus - Registering class net.runelite.api.events.ItemContainerChanged - EventBus.Subscriber(object=net.runelite.client.plugins.wintertodt.WintertodtPlugin@36068727, method=public void net.runelite.client.plugins.wintertodt.WintertodtPlugin.onItemContainerChanged(net.runelite.api.events.ItemContainerChanged), priority=0.0, lambda=net.runelite.client.plugins.wintertodt.WintertodtPlugin$$Lambda$1435/0x0000000800a34440@8d03713)
2026-05-24 12:38:00 CDT [AWT-EventQueue-0] DEBUG n.runelite.client.eventbus.EventBus - Registering class net.runelite.api.events.GameTick - EventBus.Subscriber(object=net.runelite.client.plugins.wintertodt.WintertodtPlugin@36068727, method=public void net.runelite.client.plugins.wintertodt.WintertodtPlugin.onGameTick(net.runelite.api.events.GameTick), priority=0.0, lambda=net.runelite.client.plugins.wintertodt.WintertodtPlugin$$Lambda$1436/0x0000000800a34840@75523f71)
2026-05-24 12:38:00 CDT [AWT-EventQueue-0] DEBUG n.runelite.client.eventbus.EventBus - Registering class net.runelite.api.events.AnimationChanged - EventBus.Subscriber(object=net.runelite.client.plugins.wintertodt.WintertodtPlugin@36068727, method=public void net.runelite.client.plugins.wintertodt.WintertodtPlugin.onAnimationChanged(net.runelite.api.events.AnimationChanged), priority=0.0, lambda=net.runelite.client.plugins.wintertodt.WintertodtPlugin$$Lambda$1437/0x0000000800a34c40@775b8e1f)
2026-05-24 12:38:00 CDT [AWT-EventQueue-0] DEBUG n.runelite.client.eventbus.EventBus - Registering class net.runelite.api.events.VarbitChanged - EventBus.Subscriber(object=net.runelite.client.plugins.wintertodt.WintertodtPlugin@36068727, method=public void net.runelite.client.plugins.wintertodt.WintertodtPlugin.onVarbitChanged(net.runelite.api.events.VarbitChanged), priority=0.0, lambda=net.runelite.client.plugins.wintertodt.WintertodtPlugin$$Lambda$1438/0x0000000800a35040@5421933d)
2026-05-24 12:38:00 CDT [AWT-EventQueue-0] DEBUG n.runelite.client.eventbus.EventBus - Registering class net.runelite.api.events.ChatMessage - EventBus.Subscriber(object=net.runelite.client.plugins.wintertodt.WintertodtPlugin@36068727, method=public void net.runelite.client.plugins.wintertodt.WintertodtPlugin.onChatMessage(net.runelite.api.events.ChatMessage), priority=0.0, lambda=net.runelite.client.plugins.wintertodt.WintertodtPlugin$$Lambda$1439/0x0000000800a35440@5304b4c2)
2026-05-24 12:38:00 CDT [AWT-EventQueue-0] DEBUG n.runelite.client.eventbus.EventBus - Registering class net.runelite.client.events.ProfileChanged - EventBus.Subscriber(object=net.runelite.client.plugins.config.PluginListPanel[,0,0,0x0,invalid,layout=java.awt.FlowLayout,alignmentX=0.0,alignmentY=0.0,border=,flags=9,maximumSize=,minimumSize=,preferredSize=], method=private void net.runelite.client.plugins.config.PluginListPanel.onProfileChanged(net.runelite.client.events.ProfileChanged), priority=0.0, lambda=net.runelite.client.plugins.config.PluginListPanel$$Lambda$1440/0x0000000800a35840@47950ee9)
2026-05-24 12:38:00 CDT [AWT-EventQueue-0] DEBUG n.runelite.client.eventbus.EventBus - Registering class net.runelite.client.events.PluginChanged - EventBus.Subscriber(object=net.runelite.client.plugins.config.PluginListPanel[,0,0,0x0,invalid,layout=java.awt.FlowLayout,alignmentX=0.0,alignmentY=0.0,border=,flags=9,maximumSize=,minimumSize=,preferredSize=], method=public void net.runelite.client.plugins.config.PluginListPanel.onPluginChanged(net.runelite.client.events.PluginChanged), priority=0.0, lambda=net.runelite.client.plugins.config.PluginListPanel$$Lambda$1441/0x0000000800a35c40@912e008)
2026-05-24 12:38:00 CDT [AWT-EventQueue-0] DEBUG n.runelite.client.eventbus.EventBus - Registering class net.runelite.client.events.ExternalPluginsChanged - EventBus.Subscriber(object=net.runelite.client.plugins.config.PluginListPanel[,0,0,0x0,invalid,layout=java.awt.FlowLayout,alignmentX=0.0,alignmentY=0.0,border=,flags=9,maximumSize=,minimumSize=,preferredSize=], method=private void net.runelite.client.plugins.config.PluginListPanel.onExternalPluginsChanged(net.runelite.client.events.ExternalPluginsChanged), priority=0.0, lambda=net.runelite.client.plugins.config.PluginListPanel$$Lambda$1442/0x0000000800a36040@3d574fb4)
2026-05-24 12:38:01 CDT [AWT-EventQueue-0] DEBUG n.runelite.client.eventbus.EventBus - Registering class net.runelite.client.events.ProfileChanged - EventBus.Subscriber(object=net.runelite.client.plugins.config.ProfilePanel[,0,0,0x0,invalid,layout=javax.swing.GroupLayout,alignmentX=0.0,alignmentY=0.0,border=javax.swing.border.EmptyBorder@69c205e1,flags=329,maximumSize=,minimumSize=,preferredSize=], method=private void net.runelite.client.plugins.config.ProfilePanel.onProfileChanged(net.runelite.client.events.ProfileChanged), priority=0.0, lambda=net.runelite.client.plugins.config.ProfilePanel$$Lambda$1478/0x0000000800a3f440@7912755e)
2026-05-24 12:38:01 CDT [AWT-EventQueue-0] DEBUG n.runelite.client.eventbus.EventBus - Registering class net.runelite.client.events.RuneScapeProfileChanged - EventBus.Subscriber(object=net.runelite.client.plugins.config.ProfilePanel[,0,0,0x0,invalid,layout=javax.swing.GroupLayout,alignmentX=0.0,alignmentY=0.0,border=javax.swing.border.EmptyBorder@69c205e1,flags=329,maximumSize=,minimumSize=,preferredSize=], method=private void net.runelite.client.plugins.config.ProfilePanel.onRuneScapeProfileChanged(net.runelite.client.events.RuneScapeProfileChanged), priority=0.0, lambda=net.runelite.client.plugins.config.ProfilePanel$$Lambda$1479/0x0000000800a3f840@30c4804)
2026-05-24 12:38:01 CDT [AWT-EventQueue-0] DEBUG n.runelite.client.eventbus.EventBus - Registering class net.runelite.client.events.SessionClose - EventBus.Subscriber(object=net.runelite.client.plugins.config.ProfilePanel[,0,0,0x0,invalid,layout=javax.swing.GroupLayout,alignmentX=0.0,alignmentY=0.0,border=javax.swing.border.EmptyBorder@69c205e1,flags=329,maximumSize=,minimumSize=,preferredSize=], method=public void net.runelite.client.plugins.config.ProfilePanel.onSessionClose(net.runelite.client.events.SessionClose), priority=0.0, lambda=net.runelite.client.plugins.config.ProfilePanel$$Lambda$1480/0x0000000800a3fc40@104a9a01)
2026-05-24 12:38:01 CDT [AWT-EventQueue-0] DEBUG n.runelite.client.eventbus.EventBus - Registering class net.runelite.client.events.SessionOpen - EventBus.Subscriber(object=net.runelite.client.plugins.config.ProfilePanel[,0,0,0x0,invalid,layout=javax.swing.GroupLayout,alignmentX=0.0,alignmentY=0.0,border=javax.swing.border.EmptyBorder@69c205e1,flags=329,maximumSize=,minimumSize=,preferredSize=], method=public void net.runelite.client.plugins.config.ProfilePanel.onSessionOpen(net.runelite.client.events.SessionOpen), priority=0.0, lambda=net.runelite.client.plugins.config.ProfilePanel$$Lambda$1481/0x0000000800a40040@4aa11af8)
2026-05-24 12:38:01 CDT [AWT-EventQueue-0] DEBUG n.r.client.plugins.PluginManager - Plugin ConfigPlugin is now running
2026-05-24 12:38:01 CDT [AWT-EventQueue-0] DEBUG n.runelite.client.eventbus.EventBus - Registering class net.runelite.client.events.OverlayMenuClicked - EventBus.Subscriber(object=net.runelite.client.plugins.config.ConfigPlugin@1a538ed8, method=public void net.runelite.client.plugins.config.ConfigPlugin.onOverlayMenuClicked(net.runelite.client.events.OverlayMenuClicked), priority=0.0, lambda=net.runelite.client.plugins.config.ConfigPlugin$$Lambda$1483/0x0000000800a40840@7c589e32)
2026-05-24 12:38:01 CDT [AWT-EventQueue-0] DEBUG n.r.client.plugins.PluginManager - Plugin ClueScrollPlugin is now running
2026-05-24 12:38:01 CDT [AWT-EventQueue-0] DEBUG n.runelite.client.eventbus.EventBus - Registering class net.runelite.api.events.DecorativeObjectDespawned - EventBus.Subscriber(object=net.runelite.client.plugins.cluescrolls.ClueScrollPlugin@604d23fa, method=public void net.runelite.client.plugins.cluescrolls.ClueScrollPlugin.onDecorativeObjectDespawned(net.runelite.api.events.DecorativeObjectDespawned), priority=0.0, lambda=net.runelite.client.plugins.cluescrolls.ClueScrollPlugin$$Lambda$1491/0x0000000800a42840@16edc5a5)
2026-05-24 12:38:01 CDT [AWT-EventQueue-0] DEBUG n.runelite.client.eventbus.EventBus - Registering class net.runelite.api.events.WallObjectSpawned - EventBus.Subscriber(object=net.runelite.client.plugins.cluescrolls.ClueScrollPlugin@604d23fa, method=public void net.runelite.client.plugins.cluescrolls.ClueScrollPlugin.onWallObjectSpawned(net.runelite.api.events.WallObjectSpawned), priority=0.0, lambda=net.runelite.client.plugins.cluescrolls.ClueScrollPlugin$$Lambda$1492/0x0000000800a42c40@c120919)
2026-05-24 12:38:01 CDT [AWT-EventQueue-0] DEBUG n.runelite.client.eventbus.EventBus - Registering class net.runelite.api.events.GameObjectSpawned - EventBus.Subscriber(object=net.runelite.client.plugins.cluescrolls.ClueScrollPlugin@604d23fa, method=public void net.runelite.client.plugins.cluescrolls.ClueScrollPlugin.onGameObjectSpawned(net.runelite.api.events.GameObjectSpawned), priority=0.0, lambda=net.runelite.client.plugins.cluescrolls.ClueScrollPlugin$$Lambda$1493/0x0000000800a43040@4c8940cb)
2026-05-24 12:38:01 CDT [AWT-EventQueue-0] DEBUG n.runelite.client.eventbus.EventBus - Registering class net.runelite.api.events.MenuOptionClicked - EventBus.Subscriber(object=net.runelite.client.plugins.cluescrolls.ClueScrollPlugin@604d23fa, method=public void net.runelite.client.plugins.cluescrolls.ClueScrollPlugin.onMenuOptionClicked(net.runelite.api.events.MenuOptionClicked), priority=0.0, lambda=net.runelite.client.plugins.cluescrolls.ClueScrollPlugin$$Lambda$1494/0x0000000800a43440@7d486151)
2026-05-24 12:38:01 CDT [AWT-EventQueue-0] DEBUG n.runelite.client.eventbus.EventBus - Registering class net.runelite.api.events.DecorativeObjectSpawned - EventBus.Subscriber(object=net.runelite.client.plugins.cluescrolls.ClueScrollPlugin@604d23fa, method=public void net.runelite.client.plugins.cluescrolls.ClueScrollPlugin.onDecorativeObjectSpawned(net.runelite.api.events.DecorativeObjectSpawned), priority=0.0, lambda=net.runelite.client.plugins.cluescrolls.ClueScrollPlugin$$Lambda$1495/0x0000000800a43840@44974b2e)
2026-05-24 12:38:01 CDT [AWT-EventQueue-0] DEBUG n.runelite.client.eventbus.EventBus - Registering class net.runelite.api.events.GroundObjectSpawned - EventBus.Subscriber(object=net.runelite.client.plugins.cluescrolls.ClueScrollPlugin@604d23fa, method=public void net.runelite.client.plugins.cluescrolls.ClueScrollPlugin.onGroundObjectSpawned(net.runelite.api.events.GroundObjectSpawned), priority=0.0, lambda=net.runelite.client.plugins.cluescrolls.ClueScrollPlugin$$Lambda$1496/0x0000000800a43c40@6cc66f4d)
2026-05-24 12:38:01 CDT [AWT-EventQueue-0] DEBUG n.runelite.client.eventbus.EventBus - Registering class net.runelite.api.events.GroundObjectDespawned - EventBus.Subscriber(object=net.runelite.client.plugins.cluescrolls.ClueScrollPlugin@604d23fa, method=public void net.runelite.client.plugins.cluescrolls.ClueScrollPlugin.onGroundObjectDespawned(net.runelite.api.events.GroundObjectDespawned), priority=0.0, lambda=net.runelite.client.plugins.cluescrolls.ClueScrollPlugin$$Lambda$1497/0x0000000800a44040@267993d3)
2026-05-24 12:38:01 CDT [AWT-EventQueue-0] DEBUG n.runelite.client.eventbus.EventBus - Registering class net.runelite.api.events.GameObjectDespawned - EventBus.Subscriber(object=net.runelite.client.plugins.cluescrolls.ClueScrollPlugin@604d23fa, method=public void net.runelite.client.plugins.cluescrolls.ClueScrollPlugin.onGameObjectDespawned(net.runelite.api.events.GameObjectDespawned), priority=0.0, lambda=net.runelite.client.plugins.cluescrolls.ClueScrollPlugin$$Lambda$1498/0x0000000800a44440@7d51a9fc)
2026-05-24 12:38:01 CDT [AWT-EventQueue-0] DEBUG n.runelite.client.eventbus.EventBus - Registering class net.runelite.api.events.WallObjectDespawned - EventBus.Subscriber(object=net.runelite.client.plugins.cluescrolls.ClueScrollPlugin@604d23fa, method=public void net.runelite.client.plugins.cluescrolls.ClueScrollPlugin.onWallObjectDespawned(net.runelite.api.events.WallObjectDespawned), priority=0.0, lambda=net.runelite.client.plugins.cluescrolls.ClueScrollPlugin$$Lambda$1499/0x0000000800a44840@4e87598)
2026-05-24 12:38:01 CDT [AWT-EventQueue-0] DEBUG n.runelite.client.eventbus.EventBus - Registering class net.runelite.api.events.ItemContainerChanged - EventBus.Subscriber(object=net.runelite.client.plugins.cluescrolls.ClueScrollPlugin@604d23fa, method=public void net.runelite.client.plugins.cluescrolls.ClueScrollPlugin.onItemContainerChanged(net.runelite.api.events.ItemContainerChanged), priority=0.0, lambda=net.runelite.client.plugins.cluescrolls.ClueScrollPlugin$$Lambda$1500/0x0000000800a44c40@4631a79d)
2026-05-24 12:38:01 CDT [AWT-EventQueue-0] DEBUG n.runelite.client.eventbus.EventBus - Registering class net.runelite.client.events.ConfigChanged - EventBus.Subscriber(object=net.runelite.client.plugins.cluescrolls.ClueScrollPlugin@604d23fa, method=public void net.runelite.client.plugins.cluescrolls.ClueScrollPlugin.onConfigChanged(net.runelite.client.events.ConfigChanged), priority=0.0, lambda=net.runelite.client.plugins.cluescrolls.ClueScrollPlugin$$Lambda$1501/0x0000000800a45040@4331eb88)
2026-05-24 12:38:01 CDT [AWT-EventQueue-0] DEBUG n.runelite.client.eventbus.EventBus - Registering class net.runelite.api.events.GameTick - EventBus.Subscriber(object=net.runelite.client.plugins.cluescrolls.ClueScrollPlugin@604d23fa, method=public void net.runelite.client.plugins.cluescrolls.ClueScrollPlugin.onGameTick(net.runelite.api.events.GameTick), priority=0.0, lambda=net.runelite.client.plugins.cluescrolls.ClueScrollPlugin$$Lambda$1502/0x0000000800a45440@41563663)
2026-05-24 12:38:01 CDT [AWT-EventQueue-0] DEBUG n.runelite.client.eventbus.EventBus - Registering class net.runelite.api.events.GameStateChanged - EventBus.Subscriber(object=net.runelite.client.plugins.cluescrolls.ClueScrollPlugin@604d23fa, method=public void net.runelite.client.plugins.cluescrolls.ClueScrollPlugin.onGameStateChanged(net.runelite.api.events.GameStateChanged), priority=0.0, lambda=net.runelite.client.plugins.cluescrolls.ClueScrollPlugin$$Lambda$1503/0x0000000800a45840@1980036f)
2026-05-24 12:38:01 CDT [AWT-EventQueue-0] DEBUG n.runelite.client.eventbus.EventBus - Registering class net.runelite.api.events.NpcDespawned - EventBus.Subscriber(object=net.runelite.client.plugins.cluescrolls.ClueScrollPlugin@604d23fa, method=public void net.runelite.client.plugins.cluescrolls.ClueScrollPlugin.onNpcDespawned(net.runelite.api.events.NpcDespawned), priority=0.0, lambda=net.runelite.client.plugins.cluescrolls.ClueScrollPlugin$$Lambda$1504/0x0000000800a45c40@60230b0a)
2026-05-24 12:38:01 CDT [AWT-EventQueue-0] DEBUG n.runelite.client.eventbus.EventBus - Registering class net.runelite.api.events.NpcSpawned - EventBus.Subscriber(object=net.runelite.client.plugins.cluescrolls.ClueScrollPlugin@604d23fa, method=public void net.runelite.client.plugins.cluescrolls.ClueScrollPlugin.onNpcSpawned(net.runelite.api.events.NpcSpawned), priority=0.0, lambda=net.runelite.client.plugins.cluescrolls.ClueScrollPlugin$$Lambda$1505/0x0000000800a46040@22243199)
2026-05-24 12:38:01 CDT [AWT-EventQueue-0] DEBUG n.runelite.client.eventbus.EventBus - Registering class net.runelite.api.events.WidgetLoaded - EventBus.Subscriber(object=net.runelite.client.plugins.cluescrolls.ClueScrollPlugin@604d23fa, method=public void net.runelite.client.plugins.cluescrolls.ClueScrollPlugin.onWidgetLoaded(net.runelite.api.events.WidgetLoaded), priority=0.0, lambda=net.runelite.client.plugins.cluescrolls.ClueScrollPlugin$$Lambda$1506/0x0000000800a46440@7c25eb13)
2026-05-24 12:38:01 CDT [AWT-EventQueue-0] DEBUG n.runelite.client.eventbus.EventBus - Registering class net.runelite.api.events.CommandExecuted - EventBus.Subscriber(object=net.runelite.client.plugins.cluescrolls.ClueScrollPlugin@604d23fa, method=public void net.runelite.client.plugins.cluescrolls.ClueScrollPlugin.onCommandExecuted(net.runelite.api.events.CommandExecuted), priority=0.0, lambda=net.runelite.client.plugins.cluescrolls.ClueScrollPlugin$$Lambda$1507/0x0000000800a46840@7292b437)
2026-05-24 12:38:01 CDT [AWT-EventQueue-0] DEBUG n.runelite.client.eventbus.EventBus - Registering class net.runelite.api.events.ChatMessage - EventBus.Subscriber(object=net.runelite.client.plugins.cluescrolls.ClueScrollPlugin@604d23fa, method=public void net.runelite.client.plugins.cluescrolls.ClueScrollPlugin.onChatMessage(net.runelite.api.events.ChatMessage), priority=0.0, lambda=net.runelite.client.plugins.cluescrolls.ClueScrollPlugin$$Lambda$1508/0x0000000800a46c40@1376bf33)
2026-05-24 12:38:01 CDT [AWT-EventQueue-0] DEBUG n.r.client.plugins.PluginManager - Plugin KourendLibraryPlugin is now running
2026-05-24 12:38:01 CDT [AWT-EventQueue-0] DEBUG n.runelite.client.eventbus.EventBus - Registering class net.runelite.api.events.MenuOptionClicked - EventBus.Subscriber(object=net.runelite.client.plugins.kourendlibrary.KourendLibraryPlugin@21de60a7, method=public void net.runelite.client.plugins.kourendlibrary.KourendLibraryPlugin.onMenuOptionClicked(net.runelite.api.events.MenuOptionClicked), priority=0.0, lambda=net.runelite.client.plugins.kourendlibrary.KourendLibraryPlugin$$Lambda$1515/0x0000000800a48840@5d822fcb)
2026-05-24 12:38:01 CDT [AWT-EventQueue-0] DEBUG n.runelite.client.eventbus.EventBus - Registering class net.runelite.api.events.ItemContainerChanged - EventBus.Subscriber(object=net.runelite.client.plugins.kourendlibrary.KourendLibraryPlugin@21de60a7, method=public void net.runelite.client.plugins.kourendlibrary.KourendLibraryPlugin.onItemContainerChanged(net.runelite.api.events.ItemContainerChanged), priority=0.0, lambda=net.runelite.client.plugins.kourendlibrary.KourendLibraryPlugin$$Lambda$1516/0x0000000800a48c40@4a27efc7)
2026-05-24 12:38:01 CDT [AWT-EventQueue-0] DEBUG n.runelite.client.eventbus.EventBus - Registering class net.runelite.client.events.ConfigChanged - EventBus.Subscriber(object=net.runelite.client.plugins.kourendlibrary.KourendLibraryPlugin@21de60a7, method=public void net.runelite.client.plugins.kourendlibrary.KourendLibraryPlugin.onConfigChanged(net.runelite.client.events.ConfigChanged), priority=0.0, lambda=net.runelite.client.plugins.kourendlibrary.KourendLibraryPlugin$$Lambda$1517/0x0000000800a49040@9c4156)
2026-05-24 12:38:01 CDT [AWT-EventQueue-0] DEBUG n.runelite.client.eventbus.EventBus - Registering class net.runelite.api.events.GameTick - EventBus.Subscriber(object=net.runelite.client.plugins.kourendlibrary.KourendLibraryPlugin@21de60a7, method=public void net.runelite.client.plugins.kourendlibrary.KourendLibraryPlugin.onGameTick(net.runelite.api.events.GameTick), priority=0.0, lambda=net.runelite.client.plugins.kourendlibrary.KourendLibraryPlugin$$Lambda$1518/0x0000000800a49440@21fcf7c2)
2026-05-24 12:38:01 CDT [AWT-EventQueue-0] DEBUG n.runelite.client.eventbus.EventBus - Registering class net.runelite.api.events.AnimationChanged - EventBus.Subscriber(object=net.runelite.client.plugins.kourendlibrary.KourendLibraryPlugin@21de60a7, method=public void net.runelite.client.plugins.kourendlibrary.KourendLibraryPlugin.onAnimationChanged(net.runelite.api.events.AnimationChanged), priority=0.0, lambda=net.runelite.client.plugins.kourendlibrary.KourendLibraryPlugin$$Lambda$1519/0x0000000800a49840@699519f2)
2026-05-24 12:38:01 CDT [AWT-EventQueue-0] DEBUG n.runelite.client.eventbus.EventBus - Registering class net.runelite.api.events.GameStateChanged - EventBus.Subscriber(object=net.runelite.client.plugins.kourendlibrary.KourendLibraryPlugin@21de60a7, method=public void net.runelite.client.plugins.kourendlibrary.KourendLibraryPlugin.onGameStateChanged(net.runelite.api.events.GameStateChanged), priority=0.0, lambda=net.runelite.client.plugins.kourendlibrary.KourendLibraryPlugin$$Lambda$1520/0x0000000800a49c40@780c5f4f)
2026-05-24 12:38:01 CDT [AWT-EventQueue-0] DEBUG n.runelite.client.eventbus.EventBus - Registering class net.runelite.api.events.NpcDespawned - EventBus.Subscriber(object=net.runelite.client.plugins.kourendlibrary.KourendLibraryPlugin@21de60a7, method=public void net.runelite.client.plugins.kourendlibrary.KourendLibraryPlugin.onNpcDespawned(net.runelite.api.events.NpcDespawned), priority=0.0, lambda=net.runelite.client.plugins.kourendlibrary.KourendLibraryPlugin$$Lambda$1521/0x0000000800a4a040@398f2339)
2026-05-24 12:38:01 CDT [AWT-EventQueue-0] DEBUG n.runelite.client.eventbus.EventBus - Registering class net.runelite.api.events.NpcSpawned - EventBus.Subscriber(object=net.runelite.client.plugins.kourendlibrary.KourendLibraryPlugin@21de60a7, method=public void net.runelite.client.plugins.kourendlibrary.KourendLibraryPlugin.onNpcSpawned(net.runelite.api.events.NpcSpawned), priority=0.0, lambda=net.runelite.client.plugins.kourendlibrary.KourendLibraryPlugin$$Lambda$1522/0x0000000800a4a440@5affbd6c)
2026-05-24 12:38:01 CDT [AWT-EventQueue-0] DEBUG n.runelite.client.eventbus.EventBus - Registering class net.runelite.api.events.ChatMessage - EventBus.Subscriber(object=net.runelite.client.plugins.kourendlibrary.KourendLibraryPlugin@21de60a7, method=public void net.runelite.client.plugins.kourendlibrary.KourendLibraryPlugin.onChatMessage(net.runelite.api.events.ChatMessage), priority=0.0, lambda=net.runelite.client.plugins.kourendlibrary.KourendLibraryPlugin$$Lambda$1523/0x0000000800a4a840@45184af7)
2026-05-24 12:38:01 CDT [AWT-EventQueue-0] DEBUG n.r.client.plugins.PluginManager - Plugin BarrowsPlugin is now running
2026-05-24 12:38:01 CDT [AWT-EventQueue-0] DEBUG n.runelite.client.eventbus.EventBus - Registering class net.runelite.client.events.ConfigChanged - EventBus.Subscriber(object=net.runelite.client.plugins.barrows.BarrowsPlugin@39941489, method=public void net.runelite.client.plugins.barrows.BarrowsPlugin.onConfigChanged(net.runelite.client.events.ConfigChanged), priority=0.0, lambda=net.runelite.client.plugins.barrows.BarrowsPlugin$$Lambda$1524/0x0000000800a4ac40@3943ff69)
2026-05-24 12:38:01 CDT [AWT-EventQueue-0] DEBUG n.runelite.client.eventbus.EventBus - Registering class net.runelite.api.events.GameStateChanged - EventBus.Subscriber(object=net.runelite.client.plugins.barrows.BarrowsPlugin@39941489, method=public void net.runelite.client.plugins.barrows.BarrowsPlugin.onGameStateChanged(net.runelite.api.events.GameStateChanged), priority=0.0, lambda=net.runelite.client.plugins.barrows.BarrowsPlugin$$Lambda$1525/0x0000000800a4b040@4a8de9a7)
2026-05-24 12:38:01 CDT [AWT-EventQueue-0] DEBUG n.runelite.client.eventbus.EventBus - Registering class net.runelite.api.events.WidgetClosed - EventBus.Subscriber(object=net.runelite.client.plugins.barrows.BarrowsPlugin@39941489, method=public void net.runelite.client.plugins.barrows.BarrowsPlugin.onWidgetClosed(net.runelite.api.events.WidgetClosed), priority=0.0, lambda=net.runelite.client.plugins.barrows.BarrowsPlugin$$Lambda$1526/0x0000000800a4b440@73d42892)
2026-05-24 12:38:01 CDT [AWT-EventQueue-0] DEBUG n.runelite.client.eventbus.EventBus - Registering class net.runelite.api.events.WidgetLoaded - EventBus.Subscriber(object=net.runelite.client.plugins.barrows.BarrowsPlugin@39941489, method=public void net.runelite.client.plugins.barrows.BarrowsPlugin.onWidgetLoaded(net.runelite.api.events.WidgetLoaded), priority=0.0, lambda=net.runelite.client.plugins.barrows.BarrowsPlugin$$Lambda$1527/0x0000000800a4b840@317b951a)
2026-05-24 12:38:01 CDT [AWT-EventQueue-0] DEBUG n.runelite.client.eventbus.EventBus - Registering class net.runelite.api.events.BeforeRender - EventBus.Subscriber(object=net.runelite.client.plugins.barrows.BarrowsPlugin@39941489, method=public void net.runelite.client.plugins.barrows.BarrowsPlugin.onBeforeRender(net.runelite.api.events.BeforeRender), priority=0.0, lambda=net.runelite.client.plugins.barrows.BarrowsPlugin$$Lambda$1528/0x0000000800a4bc40@67981d44)
2026-05-24 12:38:01 CDT [AWT-EventQueue-0] DEBUG n.r.client.plugins.PluginManager - Plugin NightmareZonePlugin is now running
2026-05-24 12:38:01 CDT [AWT-EventQueue-0] DEBUG n.runelite.client.eventbus.EventBus - Registering class net.runelite.client.events.ConfigChanged - EventBus.Subscriber(object=net.runelite.client.plugins.nightmarezone.NightmareZonePlugin@23ad71bf, method=public void net.runelite.client.plugins.nightmarezone.NightmareZonePlugin.onConfigChanged(net.runelite.client.events.ConfigChanged), priority=0.0, lambda=net.runelite.client.plugins.nightmarezone.NightmareZonePlugin$$Lambda$1529/0x0000000800a4c040@291acc30)
2026-05-24 12:38:01 CDT [AWT-EventQueue-0] DEBUG n.runelite.client.eventbus.EventBus - Registering class net.runelite.api.events.GameTick - EventBus.Subscriber(object=net.runelite.client.plugins.nightmarezone.NightmareZonePlugin@23ad71bf, method=public void net.runelite.client.plugins.nightmarezone.NightmareZonePlugin.onGameTick(net.runelite.api.events.GameTick), priority=0.0, lambda=net.runelite.client.plugins.nightmarezone.NightmareZonePlugin$$Lambda$1530/0x0000000800a4c440@3008e806)
2026-05-24 12:38:01 CDT [AWT-EventQueue-0] DEBUG n.runelite.client.eventbus.EventBus - Registering class net.runelite.api.events.BeforeRender - EventBus.Subscriber(object=net.runelite.client.plugins.nightmarezone.NightmareZonePlugin@23ad71bf, method=public void net.runelite.client.plugins.nightmarezone.NightmareZonePlugin.onBeforeRender(net.runelite.api.events.BeforeRender), priority=0.0, lambda=net.runelite.client.plugins.nightmarezone.NightmareZonePlugin$$Lambda$1531/0x0000000800a4c840@3da5083d)
2026-05-24 12:38:01 CDT [AWT-EventQueue-0] DEBUG n.runelite.client.eventbus.EventBus - Registering class net.runelite.api.events.ChatMessage - EventBus.Subscriber(object=net.runelite.client.plugins.nightmarezone.NightmareZonePlugin@23ad71bf, method=public void net.runelite.client.plugins.nightmarezone.NightmareZonePlugin.onChatMessage(net.runelite.api.events.ChatMessage), priority=0.0, lambda=net.runelite.client.plugins.nightmarezone.NightmareZonePlugin$$Lambda$1532/0x0000000800a4cc40@748de5b1)
2026-05-24 12:38:01 CDT [AWT-EventQueue-0] DEBUG n.r.client.plugins.PluginManager - Plugin NotesPlugin is now running
2026-05-24 12:38:01 CDT [AWT-EventQueue-0] DEBUG n.runelite.client.eventbus.EventBus - Registering class net.runelite.client.events.ProfileChanged - EventBus.Subscriber(object=net.runelite.client.plugins.notes.NotesPlugin@18b6d3c1, method=public void net.runelite.client.plugins.notes.NotesPlugin.onProfileChanged(net.runelite.client.events.ProfileChanged), priority=0.0, lambda=net.runelite.client.plugins.notes.NotesPlugin$$Lambda$1534/0x0000000800a4d440@2a5cd510)
2026-05-24 12:38:01 CDT [AWT-EventQueue-0] DEBUG n.r.client.plugins.PluginManager - Plugin GroundMarkerPlugin is now running
2026-05-24 12:38:01 CDT [AWT-EventQueue-0] DEBUG n.runelite.client.eventbus.EventBus - Registering class net.runelite.client.events.ConfigChanged - EventBus.Subscriber(object=net.runelite.client.plugins.groundmarkers.GroundMarkerPlugin@1e01b133, method=public void net.runelite.client.plugins.groundmarkers.GroundMarkerPlugin.onConfigChanged(net.runelite.client.events.ConfigChanged), priority=0.0, lambda=net.runelite.client.plugins.groundmarkers.GroundMarkerPlugin$$Lambda$1538/0x0000000800a4f440@51c08d01)
2026-05-24 12:38:01 CDT [AWT-EventQueue-0] DEBUG n.runelite.client.eventbus.EventBus - Registering class net.runelite.client.events.ProfileChanged - EventBus.Subscriber(object=net.runelite.client.plugins.groundmarkers.GroundMarkerPlugin@1e01b133, method=public void net.runelite.client.plugins.groundmarkers.GroundMarkerPlugin.onProfileChanged(net.runelite.client.events.ProfileChanged), priority=0.0, lambda=net.runelite.client.plugins.groundmarkers.GroundMarkerPlugin$$Lambda$1539/0x0000000800a4e840@59808c73)
2026-05-24 12:38:01 CDT [AWT-EventQueue-0] DEBUG n.runelite.client.eventbus.EventBus - Registering class net.runelite.api.events.MenuEntryAdded - EventBus.Subscriber(object=net.runelite.client.plugins.groundmarkers.GroundMarkerPlugin@1e01b133, method=public void net.runelite.client.plugins.groundmarkers.GroundMarkerPlugin.onMenuEntryAdded(net.runelite.api.events.MenuEntryAdded), priority=0.0, lambda=net.runelite.client.plugins.groundmarkers.GroundMarkerPlugin$$Lambda$1540/0x0000000800a4ec40@5c2f56a7)
2026-05-24 12:38:01 CDT [AWT-EventQueue-0] DEBUG n.runelite.client.eventbus.EventBus - Registering class net.runelite.api.events.WorldViewUnloaded - EventBus.Subscriber(object=net.runelite.client.plugins.groundmarkers.GroundMarkerPlugin@1e01b133, method=public void net.runelite.client.plugins.groundmarkers.GroundMarkerPlugin.onWorldViewUnloaded(net.runelite.api.events.WorldViewUnloaded), priority=0.0, lambda=net.runelite.client.plugins.groundmarkers.GroundMarkerPlugin$$Lambda$1541/0x0000000800a4e040@226aab)
2026-05-24 12:38:01 CDT [AWT-EventQueue-0] DEBUG n.runelite.client.eventbus.EventBus - Registering class net.runelite.api.events.WorldViewLoaded - EventBus.Subscriber(object=net.runelite.client.plugins.groundmarkers.GroundMarkerPlugin@1e01b133, method=public void net.runelite.client.plugins.groundmarkers.GroundMarkerPlugin.onWorldViewLoaded(net.runelite.api.events.WorldViewLoaded), priority=0.0, lambda=net.runelite.client.plugins.groundmarkers.GroundMarkerPlugin$$Lambda$1542/0x0000000800a4e440@3c86bd0a)
2026-05-24 12:38:01 CDT [AWT-EventQueue-0] DEBUG n.r.client.plugins.PluginManager - Plugin ItemIdentificationPlugin is now running
2026-05-24 12:38:01 CDT [AWT-EventQueue-0] DEBUG n.r.client.plugins.PluginManager - Plugin TileIndicatorsPlugin is now running
2026-05-24 12:38:01 CDT [AWT-EventQueue-0] DEBUG net.runelite.client.input.KeyManager - Registering key listener: net.runelite.client.plugins.chathistory.ChatHistoryPlugin@317890ea
2026-05-24 12:38:01 CDT [AWT-EventQueue-0] DEBUG n.r.client.plugins.PluginManager - Plugin ChatHistoryPlugin is now running
2026-05-24 12:38:01 CDT [AWT-EventQueue-0] DEBUG n.runelite.client.eventbus.EventBus - Registering class net.runelite.api.events.MenuOptionClicked - EventBus.Subscriber(object=net.runelite.client.plugins.chathistory.ChatHistoryPlugin@317890ea, method=public void net.runelite.client.plugins.chathistory.ChatHistoryPlugin.onMenuOptionClicked(net.runelite.api.events.MenuOptionClicked), priority=0.0, lambda=net.runelite.client.plugins.chathistory.ChatHistoryPlugin$$Lambda$1543/0x0000000800a4d840@1674aeb0)
2026-05-24 12:38:01 CDT [AWT-EventQueue-0] DEBUG n.runelite.client.eventbus.EventBus - Registering class net.runelite.api.events.MenuEntryAdded - EventBus.Subscriber(object=net.runelite.client.plugins.chathistory.ChatHistoryPlugin@317890ea, method=public void net.runelite.client.plugins.chathistory.ChatHistoryPlugin.onMenuEntryAdded(net.runelite.api.events.MenuEntryAdded), priority=0.0, lambda=net.runelite.client.plugins.chathistory.ChatHistoryPlugin$$Lambda$1544/0x0000000800a4dc40@57b530ad)
2026-05-24 12:38:01 CDT [AWT-EventQueue-0] DEBUG n.runelite.client.eventbus.EventBus - Registering class net.runelite.api.events.ChatMessage - EventBus.Subscriber(object=net.runelite.client.plugins.chathistory.ChatHistoryPlugin@317890ea, method=public void net.runelite.client.plugins.chathistory.ChatHistoryPlugin.onChatMessage(net.runelite.api.events.ChatMessage), priority=0.0, lambda=net.runelite.client.plugins.chathistory.ChatHistoryPlugin$$Lambda$1545/0x0000000800a58040@66497042)
2026-05-24 12:38:01 CDT [AWT-EventQueue-0] DEBUG n.r.client.plugins.PluginManager - Plugin DailyTasksPlugin is now running
2026-05-24 12:38:01 CDT [AWT-EventQueue-0] DEBUG n.runelite.client.eventbus.EventBus - Registering class net.runelite.api.events.GameTick - EventBus.Subscriber(object=net.runelite.client.plugins.dailytaskindicators.DailyTasksPlugin@1b7f06c7, method=public void net.runelite.client.plugins.dailytaskindicators.DailyTasksPlugin.onGameTick(net.runelite.api.events.GameTick), priority=0.0, lambda=net.runelite.client.plugins.dailytaskindicators.DailyTasksPlugin$$Lambda$1546/0x0000000800a58440@535a2f64)
2026-05-24 12:38:01 CDT [AWT-EventQueue-0] DEBUG n.runelite.client.eventbus.EventBus - Registering class net.runelite.api.events.GameStateChanged - EventBus.Subscriber(object=net.runelite.client.plugins.dailytaskindicators.DailyTasksPlugin@1b7f06c7, method=public void net.runelite.client.plugins.dailytaskindicators.DailyTasksPlugin.onGameStateChanged(net.runelite.api.events.GameStateChanged), priority=0.0, lambda=net.runelite.client.plugins.dailytaskindicators.DailyTasksPlugin$$Lambda$1547/0x0000000800a58840@71e38813)
2026-05-24 12:38:01 CDT [AWT-EventQueue-0] DEBUG n.r.client.plugins.PluginManager - Plugin ItemPricesPlugin is now running
2026-05-24 12:38:01 CDT [AWT-EventQueue-0] DEBUG n.runelite.client.eventbus.EventBus - Registering class net.runelite.api.events.BeforeRender - EventBus.Subscriber(object=net.runelite.client.plugins.itemprices.ItemPricesPlugin@17d2b075, method=public void net.runelite.client.plugins.itemprices.ItemPricesPlugin.onBeforeRender(net.runelite.api.events.BeforeRender), priority=0.0, lambda=net.runelite.client.plugins.itemprices.ItemPricesPlugin$$Lambda$1548/0x0000000800a58c40@7c4ae8f0)
2026-05-24 12:38:01 CDT [AWT-EventQueue-0] DEBUG n.r.client.plugins.PluginManager - Plugin ScreenMarkerPlugin is now running
2026-05-24 12:38:01 CDT [AWT-EventQueue-0] DEBUG n.runelite.client.eventbus.EventBus - Registering class net.runelite.client.events.ProfileChanged - EventBus.Subscriber(object=net.runelite.client.plugins.screenmarkers.ScreenMarkerPlugin@1f66d8e1, method=public void net.runelite.client.plugins.screenmarkers.ScreenMarkerPlugin.onProfileChanged(net.runelite.client.events.ProfileChanged), priority=0.0, lambda=net.runelite.client.plugins.screenmarkers.ScreenMarkerPlugin$$Lambda$1551/0x0000000800a59840@2d49914a)
2026-05-24 12:38:01 CDT [AWT-EventQueue-0] DEBUG n.r.client.plugins.PluginManager - Plugin MenuEntrySwapperPlugin is now running
2026-05-24 12:38:01 CDT [AWT-EventQueue-0] DEBUG n.runelite.client.eventbus.EventBus - Registering class net.runelite.api.events.PostMenuSort - EventBus.Subscriber(object=net.runelite.client.plugins.menuentryswapper.MenuEntrySwapperPlugin@bb25753, method=public void net.runelite.client.plugins.menuentryswapper.MenuEntrySwapperPlugin.onPostMenuSort(net.runelite.api.events.PostMenuSort), priority=0.0, lambda=net.runelite.client.plugins.menuentryswapper.MenuEntrySwapperPlugin$$Lambda$1689/0x0000000800a7c040@7217d7a)
2026-05-24 12:38:01 CDT [AWT-EventQueue-0] DEBUG n.runelite.client.eventbus.EventBus - Registering class net.runelite.api.events.MenuOpened - EventBus.Subscriber(object=net.runelite.client.plugins.menuentryswapper.MenuEntrySwapperPlugin@bb25753, method=public void net.runelite.client.plugins.menuentryswapper.MenuEntrySwapperPlugin.onMenuOpened(net.runelite.api.events.MenuOpened), priority=0.0, lambda=net.runelite.client.plugins.menuentryswapper.MenuEntrySwapperPlugin$$Lambda$1690/0x0000000800a7c440@792e7332)
2026-05-24 12:38:01 CDT [AWT-EventQueue-0] DEBUG n.runelite.client.eventbus.EventBus - Registering class net.runelite.api.events.ClientTick - EventBus.Subscriber(object=net.runelite.client.plugins.menuentryswapper.MenuEntrySwapperPlugin@bb25753, method=public void net.runelite.client.plugins.menuentryswapper.MenuEntrySwapperPlugin.onClientTick(net.runelite.api.events.ClientTick), priority=0.0, lambda=net.runelite.client.plugins.menuentryswapper.MenuEntrySwapperPlugin$$Lambda$1691/0x0000000800a7c840@4b1460a)
2026-05-24 12:38:01 CDT [AWT-EventQueue-0] DEBUG n.r.client.plugins.PluginManager - Plugin QuestListPlugin is now running
2026-05-24 12:38:01 CDT [AWT-EventQueue-0] DEBUG n.runelite.client.eventbus.EventBus - Registering class net.runelite.api.events.VarClientIntChanged - EventBus.Subscriber(object=net.runelite.client.plugins.questlist.QuestListPlugin@67fb5025, method=public void net.runelite.client.plugins.questlist.QuestListPlugin.onVarClientIntChanged(net.runelite.api.events.VarClientIntChanged), priority=0.0, lambda=net.runelite.client.plugins.questlist.QuestListPlugin$$Lambda$1693/0x0000000800a7d040@4d5a4687)
2026-05-24 12:38:01 CDT [AWT-EventQueue-0] DEBUG n.runelite.client.eventbus.EventBus - Registering class net.runelite.api.events.VarbitChanged - EventBus.Subscriber(object=net.runelite.client.plugins.questlist.QuestListPlugin@67fb5025, method=public void net.runelite.client.plugins.questlist.QuestListPlugin.onVarbitChanged(net.runelite.api.events.VarbitChanged), priority=0.0, lambda=net.runelite.client.plugins.questlist.QuestListPlugin$$Lambda$1694/0x0000000800a7d440@7e474b01)
2026-05-24 12:38:01 CDT [AWT-EventQueue-0] DEBUG n.runelite.client.eventbus.EventBus - Registering class net.runelite.api.events.ScriptCallbackEvent - EventBus.Subscriber(object=net.runelite.client.plugins.questlist.QuestListPlugin@67fb5025, method=public void net.runelite.client.plugins.questlist.QuestListPlugin.onScriptCallbackEvent(net.runelite.api.events.ScriptCallbackEvent), priority=0.0, lambda=net.runelite.client.plugins.questlist.QuestListPlugin$$Lambda$1695/0x0000000800a7d840@13894ef1)
2026-05-24 12:38:01 CDT [AWT-EventQueue-0] DEBUG n.runelite.client.eventbus.EventBus - Registering class net.runelite.api.events.ScriptPostFired - EventBus.Subscriber(object=net.runelite.client.plugins.questlist.QuestListPlugin@67fb5025, method=public void net.runelite.client.plugins.questlist.QuestListPlugin.onScriptPostFired(net.runelite.api.events.ScriptPostFired), priority=0.0, lambda=net.runelite.client.plugins.questlist.QuestListPlugin$$Lambda$1696/0x0000000800a7dc40@4286c411)
2026-05-24 12:38:01 CDT [AWT-EventQueue-0] DEBUG net.runelite.client.input.KeyManager - Registering key listener: net.runelite.client.plugins.worldhopper.WorldHopperPlugin$1@c4c2f31
2026-05-24 12:38:01 CDT [AWT-EventQueue-0] DEBUG net.runelite.client.input.KeyManager - Registering key listener: net.runelite.client.plugins.worldhopper.WorldHopperPlugin$2@55eb068f
2026-05-24 12:38:01 CDT [AWT-EventQueue-0] DEBUG n.r.client.plugins.PluginManager - Plugin WorldHopperPlugin is now running
2026-05-24 12:38:01 CDT [AWT-EventQueue-0] DEBUG n.runelite.client.eventbus.EventBus - Registering class net.runelite.client.events.ConfigChanged - EventBus.Subscriber(object=net.runelite.client.plugins.worldhopper.WorldHopperPlugin@2a8b33ba, method=public void net.runelite.client.plugins.worldhopper.WorldHopperPlugin.onConfigChanged(net.runelite.client.events.ConfigChanged), priority=0.0, lambda=net.runelite.client.plugins.worldhopper.WorldHopperPlugin$$Lambda$1707/0x0000000800a80840@69b435e8)
2026-05-24 12:38:01 CDT [AWT-EventQueue-0] DEBUG n.runelite.client.eventbus.EventBus - Registering class net.runelite.api.events.GameTick - EventBus.Subscriber(object=net.runelite.client.plugins.worldhopper.WorldHopperPlugin@2a8b33ba, method=public void net.runelite.client.plugins.worldhopper.WorldHopperPlugin.onGameTick(net.runelite.api.events.GameTick), priority=0.0, lambda=net.runelite.client.plugins.worldhopper.WorldHopperPlugin$$Lambda$1708/0x0000000800a80c40@1cd4cf86)
2026-05-24 12:38:01 CDT [AWT-EventQueue-0] DEBUG n.runelite.client.eventbus.EventBus - Registering class net.runelite.api.events.GameStateChanged - EventBus.Subscriber(object=net.runelite.client.plugins.worldhopper.WorldHopperPlugin@2a8b33ba, method=public void net.runelite.client.plugins.worldhopper.WorldHopperPlugin.onGameStateChanged(net.runelite.api.events.GameStateChanged), priority=0.0, lambda=net.runelite.client.plugins.worldhopper.WorldHopperPlugin$$Lambda$1709/0x0000000800a81040@d10713)
2026-05-24 12:38:01 CDT [AWT-EventQueue-0] DEBUG n.runelite.client.eventbus.EventBus - Registering class net.runelite.api.events.VarbitChanged - EventBus.Subscriber(object=net.runelite.client.plugins.worldhopper.WorldHopperPlugin@2a8b33ba, method=public void net.runelite.client.plugins.worldhopper.WorldHopperPlugin.onVarbitChanged(net.runelite.api.events.VarbitChanged), priority=0.0, lambda=net.runelite.client.plugins.worldhopper.WorldHopperPlugin$$Lambda$1710/0x0000000800a81440@1a1058d4)
2026-05-24 12:38:01 CDT [AWT-EventQueue-0] DEBUG n.runelite.client.eventbus.EventBus - Registering class net.runelite.api.events.MenuEntryAdded - EventBus.Subscriber(object=net.runelite.client.plugins.worldhopper.WorldHopperPlugin@2a8b33ba, method=public void net.runelite.client.plugins.worldhopper.WorldHopperPlugin.onMenuEntryAdded(net.runelite.api.events.MenuEntryAdded), priority=0.0, lambda=net.runelite.client.plugins.worldhopper.WorldHopperPlugin$$Lambda$1711/0x0000000800a81840@492cb33d)
2026-05-24 12:38:01 CDT [AWT-EventQueue-0] DEBUG n.runelite.client.eventbus.EventBus - Registering class net.runelite.api.events.CommandExecuted - EventBus.Subscriber(object=net.runelite.client.plugins.worldhopper.WorldHopperPlugin@2a8b33ba, method=public void net.runelite.client.plugins.worldhopper.WorldHopperPlugin.onCommandExecuted(net.runelite.api.events.CommandExecuted), priority=0.0, lambda=net.runelite.client.plugins.worldhopper.WorldHopperPlugin$$Lambda$1712/0x0000000800a81c40@610d27c2)
2026-05-24 12:38:01 CDT [AWT-EventQueue-0] DEBUG n.runelite.client.eventbus.EventBus - Registering class net.runelite.api.events.ChatMessage - EventBus.Subscriber(object=net.runelite.client.plugins.worldhopper.WorldHopperPlugin@2a8b33ba, method=public void net.runelite.client.plugins.worldhopper.WorldHopperPlugin.onChatMessage(net.runelite.api.events.ChatMessage), priority=0.0, lambda=net.runelite.client.plugins.worldhopper.WorldHopperPlugin$$Lambda$1713/0x0000000800a82040@629a6040)
2026-05-24 12:38:01 CDT [AWT-EventQueue-0] DEBUG n.runelite.client.eventbus.EventBus - Registering class net.runelite.api.events.WorldListLoad - EventBus.Subscriber(object=net.runelite.client.plugins.worldhopper.WorldHopperPlugin@2a8b33ba, method=public void net.runelite.client.plugins.worldhopper.WorldHopperPlugin.onWorldListLoad(net.runelite.api.events.WorldListLoad), priority=0.0, lambda=net.runelite.client.plugins.worldhopper.WorldHopperPlugin$$Lambda$1714/0x0000000800a82440@b352b67)
2026-05-24 12:38:01 CDT [AWT-EventQueue-0] DEBUG n.runelite.client.eventbus.EventBus - Registering class net.runelite.client.events.WorldsFetch - EventBus.Subscriber(object=net.runelite.client.plugins.worldhopper.WorldHopperPlugin@2a8b33ba, method=public void net.runelite.client.plugins.worldhopper.WorldHopperPlugin.onWorldsFetch(net.runelite.client.events.WorldsFetch), priority=0.0, lambda=net.runelite.client.plugins.worldhopper.WorldHopperPlugin$$Lambda$1715/0x0000000800a82840@687252db)
2026-05-24 12:38:01 CDT [AWT-EventQueue-0] DEBUG n.runelite.client.eventbus.EventBus - Registering class net.runelite.client.events.ConfigChanged - EventBus.Subscriber(object=com.duckblade.osrs.toa.module.ComponentManager@31bab073, method=public void com.duckblade.osrs.toa.module.ComponentManager.onConfigChanged(net.runelite.client.events.ConfigChanged), priority=0.0, lambda=com.duckblade.osrs.toa.module.ComponentManager$$Lambda$1727/0x0000000800a85c40@6c41d944)
2026-05-24 12:38:01 CDT [AWT-EventQueue-0] DEBUG n.runelite.client.eventbus.EventBus - Registering class com.duckblade.osrs.toa.util.RaidStateChanged - EventBus.Subscriber(object=com.duckblade.osrs.toa.module.ComponentManager@31bab073, method=public void com.duckblade.osrs.toa.module.ComponentManager.onRaidStateChanged(com.duckblade.osrs.toa.util.RaidStateChanged), priority=0.0, lambda=com.duckblade.osrs.toa.module.ComponentManager$$Lambda$1728/0x0000000800a86040@377a7354)
2026-05-24 12:38:01 CDT [AWT-EventQueue-0] DEBUG c.d.osrs.toa.module.ComponentManager - Enabling ToA plugin component [com.duckblade.osrs.toa.features.InvocationScreenshot]
2026-05-24 12:38:01 CDT [AWT-EventQueue-0] DEBUG n.runelite.client.eventbus.EventBus - Registering class net.runelite.api.events.ScriptPostFired - EventBus.Subscriber(object=com.duckblade.osrs.toa.features.InvocationScreenshot@514d5257, method=public void com.duckblade.osrs.toa.features.InvocationScreenshot.onScriptPostFired(net.runelite.api.events.ScriptPostFired), priority=0.0, lambda=com.duckblade.osrs.toa.features.InvocationScreenshot$$Lambda$1731/0x0000000800a86c40@40a03b86)
2026-05-24 12:38:01 CDT [AWT-EventQueue-0] DEBUG c.d.osrs.toa.module.ComponentManager - Enabling ToA plugin component [com.duckblade.osrs.toa.features.pointstracker.PurpleWeightingManager]
2026-05-24 12:38:01 CDT [AWT-EventQueue-0] DEBUG n.runelite.client.eventbus.EventBus - Registering class net.runelite.api.events.GameTick - EventBus.Subscriber(object=com.duckblade.osrs.toa.features.pointstracker.PurpleWeightingManager@2f9dc33d, method=public void com.duckblade.osrs.toa.features.pointstracker.PurpleWeightingManager.onGameTick(net.runelite.api.events.GameTick), priority=0.0, lambda=com.duckblade.osrs.toa.features.pointstracker.PurpleWeightingManager$$Lambda$1733/0x0000000800a87c40@68238b2c)
2026-05-24 12:38:01 CDT [AWT-EventQueue-0] DEBUG c.d.osrs.toa.module.ComponentManager - Enabling ToA plugin component [com.duckblade.osrs.toa.util.RaidCompletionTracker]
2026-05-24 12:38:01 CDT [AWT-EventQueue-0] DEBUG n.runelite.client.eventbus.EventBus - Registering class com.duckblade.osrs.toa.util.RaidStateChanged - EventBus.Subscriber(object=com.duckblade.osrs.toa.util.RaidCompletionTracker@1c08ef8, method=public void com.duckblade.osrs.toa.util.RaidCompletionTracker.onRaidStateChanged(com.duckblade.osrs.toa.util.RaidStateChanged), priority=0.0, lambda=com.duckblade.osrs.toa.util.RaidCompletionTracker$$Lambda$1734/0x0000000800a87040@42adb22e)
2026-05-24 12:38:01 CDT [AWT-EventQueue-0] DEBUG n.runelite.client.eventbus.EventBus - Registering class net.runelite.api.events.ChatMessage - EventBus.Subscriber(object=com.duckblade.osrs.toa.util.RaidCompletionTracker@1c08ef8, method=public void com.duckblade.osrs.toa.util.RaidCompletionTracker.onChatMessage(net.runelite.api.events.ChatMessage), priority=3.4028235E38, lambda=com.duckblade.osrs.toa.util.RaidCompletionTracker$$Lambda$1735/0x0000000800a87440@5212e445)
2026-05-24 12:38:01 CDT [AWT-EventQueue-0] DEBUG c.d.osrs.toa.module.ComponentManager - Enabling ToA plugin component [com.duckblade.osrs.toa.util.RaidStateTracker]
2026-05-24 12:38:01 CDT [AWT-EventQueue-0] DEBUG n.runelite.client.eventbus.EventBus - Registering class net.runelite.api.events.GameTick - EventBus.Subscriber(object=com.duckblade.osrs.toa.util.RaidStateTracker@400531d6, method=public void com.duckblade.osrs.toa.util.RaidStateTracker.onGameTick(net.runelite.api.events.GameTick), priority=5.0, lambda=com.duckblade.osrs.toa.util.RaidStateTracker$$Lambda$1736/0x0000000800a90040@175d7522)
2026-05-24 12:38:01 CDT [AWT-EventQueue-0] DEBUG n.runelite.client.eventbus.EventBus - Registering class net.runelite.api.events.GameStateChanged - EventBus.Subscriber(object=com.duckblade.osrs.toa.util.RaidStateTracker@400531d6, method=public void com.duckblade.osrs.toa.util.RaidStateTracker.onGameStateChanged(net.runelite.api.events.GameStateChanged), priority=0.0, lambda=com.duckblade.osrs.toa.util.RaidStateTracker$$Lambda$1737/0x0000000800a90440@17fb7eb9)
2026-05-24 12:38:01 CDT [AWT-EventQueue-0] DEBUG c.d.osrs.toa.module.ComponentManager - Enabling ToA plugin component [com.duckblade.osrs.toa.features.boss.kephri.swarmer.SwarmerDataManager]
2026-05-24 12:38:01 CDT [AWT-EventQueue-0] DEBUG c.d.osrs.toa.module.ComponentManager - Enabling ToA plugin component [com.duckblade.osrs.toa.features.timetracking.TargetTimeManager]
2026-05-24 12:38:01 CDT [AWT-EventQueue-0] DEBUG n.runelite.client.eventbus.EventBus - Registering class com.duckblade.osrs.toa.util.RaidStateChanged - EventBus.Subscriber(object=com.duckblade.osrs.toa.features.timetracking.TargetTimeManager@19a881c9, method=public void com.duckblade.osrs.toa.features.timetracking.TargetTimeManager.onRaidStateChanged(com.duckblade.osrs.toa.util.RaidStateChanged), priority=0.0, lambda=com.duckblade.osrs.toa.features.timetracking.TargetTimeManager$$Lambda$1738/0x0000000800a90840@2db01223)
2026-05-24 12:38:01 CDT [AWT-EventQueue-0] DEBUG n.runelite.client.eventbus.EventBus - Registering class net.runelite.api.events.ScriptPostFired - EventBus.Subscriber(object=com.duckblade.osrs.toa.features.timetracking.TargetTimeManager@19a881c9, method=public void com.duckblade.osrs.toa.features.timetracking.TargetTimeManager.onScriptPostFired(net.runelite.api.events.ScriptPostFired), priority=0.0, lambda=com.duckblade.osrs.toa.features.timetracking.TargetTimeManager$$Lambda$1739/0x0000000800a90c40@7fc26aa6)
2026-05-24 12:38:01 CDT [AWT-EventQueue-0] DEBUG n.runelite.client.eventbus.EventBus - Registering class net.runelite.api.events.ChatMessage - EventBus.Subscriber(object=com.duckblade.osrs.toa.features.timetracking.TargetTimeManager@19a881c9, method=public void com.duckblade.osrs.toa.features.timetracking.TargetTimeManager.onChatMessage(net.runelite.api.events.ChatMessage), priority=0.0, lambda=com.duckblade.osrs.toa.features.timetracking.TargetTimeManager$$Lambda$1740/0x0000000800a91040@41ed8ffc)
2026-05-24 12:38:01 CDT [AWT-EventQueue-0] DEBUG n.r.client.plugins.PluginManager - Plugin TombsOfAmascutPlugin is now running
2026-05-24 12:38:01 CDT [AWT-EventQueue-0] DEBUG n.runelite.client.eventbus.EventBus - Registering class net.runelite.api.events.VarbitChanged - EventBus.Subscriber(object=com.questhelper.bank.banktab.PotionStorage@44e42386, method=public void com.questhelper.bank.banktab.PotionStorage.onVarbitChanged(net.runelite.api.events.VarbitChanged), priority=0.0, lambda=com.questhelper.bank.banktab.PotionStorage$$Lambda$1747/0x0000000800a97c40@3f45e7c1)
2026-05-24 12:38:01 CDT [AWT-EventQueue-0] DEBUG n.runelite.client.eventbus.EventBus - Registering class net.runelite.api.events.ClientTick - EventBus.Subscriber(object=com.questhelper.bank.banktab.PotionStorage@44e42386, method=public void com.questhelper.bank.banktab.PotionStorage.onClientTick(net.runelite.api.events.ClientTick), priority=0.0, lambda=com.questhelper.bank.banktab.PotionStorage$$Lambda$1748/0x0000000800a97040@60284aac)
2026-05-24 12:38:01 CDT [AWT-EventQueue-0] DEBUG n.runelite.client.eventbus.EventBus - Registering class net.runelite.api.events.MenuOptionClicked - EventBus.Subscriber(object=com.questhelper.bank.banktab.QuestBankTab@15de39a4, method=public void com.questhelper.bank.banktab.QuestBankTab.onMenuOptionClicked(net.runelite.api.events.MenuOptionClicked), priority=-1.0, lambda=com.questhelper.bank.banktab.QuestBankTab$$Lambda$1749/0x0000000800a97440@1b78bbaf)
2026-05-24 12:38:01 CDT [AWT-EventQueue-0] DEBUG n.runelite.client.eventbus.EventBus - Registering class net.runelite.api.events.WidgetLoaded - EventBus.Subscriber(object=com.questhelper.bank.banktab.QuestBankTab@15de39a4, method=public void com.questhelper.bank.banktab.QuestBankTab.onWidgetLoaded(net.runelite.api.events.WidgetLoaded), priority=0.0, lambda=com.questhelper.bank.banktab.QuestBankTab$$Lambda$1750/0x0000000800a96840@11537913)
2026-05-24 12:38:01 CDT [AWT-EventQueue-0] DEBUG n.runelite.client.eventbus.EventBus - Registering class net.runelite.api.events.ScriptCallbackEvent - EventBus.Subscriber(object=com.questhelper.bank.banktab.QuestBankTab@15de39a4, method=public void com.questhelper.bank.banktab.QuestBankTab.onScriptCallbackEvent(net.runelite.api.events.ScriptCallbackEvent), priority=0.0, lambda=com.questhelper.bank.banktab.QuestBankTab$$Lambda$1751/0x0000000800a96c40@2bdf095c)
2026-05-24 12:38:01 CDT [AWT-EventQueue-0] DEBUG n.runelite.client.eventbus.EventBus - Registering class net.runelite.api.events.GrandExchangeSearched - EventBus.Subscriber(object=com.questhelper.bank.banktab.QuestBankTab@15de39a4, method=public void com.questhelper.bank.banktab.QuestBankTab.onGrandExchangeSearched(net.runelite.api.events.GrandExchangeSearched), priority=0.0, lambda=com.questhelper.bank.banktab.QuestBankTab$$Lambda$1752/0x0000000800a96040@2715f1fc)
2026-05-24 12:38:01 CDT [AWT-EventQueue-0] DEBUG n.runelite.client.eventbus.EventBus - Registering class net.runelite.api.events.ScriptPreFired - EventBus.Subscriber(object=com.questhelper.bank.banktab.QuestBankTab@15de39a4, method=public void com.questhelper.bank.banktab.QuestBankTab.onScriptPreFired(net.runelite.api.events.ScriptPreFired), priority=0.0, lambda=com.questhelper.bank.banktab.QuestBankTab$$Lambda$1753/0x0000000800a96440@222d6e53)
2026-05-24 12:38:01 CDT [AWT-EventQueue-0] DEBUG n.runelite.client.eventbus.EventBus - Registering class net.runelite.api.events.ScriptPostFired - EventBus.Subscriber(object=com.questhelper.bank.banktab.QuestBankTab@15de39a4, method=public void com.questhelper.bank.banktab.QuestBankTab.onScriptPostFired(net.runelite.api.events.ScriptPostFired), priority=0.0, lambda=com.questhelper.bank.banktab.QuestBankTab$$Lambda$1754/0x0000000800a95840@2347eb51)
2026-05-24 12:38:01 CDT [AWT-EventQueue-0] DEBUG n.runelite.client.eventbus.EventBus - Registering class net.runelite.api.events.ScriptPreFired - EventBus.Subscriber(object=com.questhelper.util.worldmap.WorldMapAreaManager@37fa03fe, method=public void com.questhelper.util.worldmap.WorldMapAreaManager.onScriptPreFired(net.runelite.api.events.ScriptPreFired), priority=0.0, lambda=com.questhelper.util.worldmap.WorldMapAreaManager$$Lambda$1758/0x0000000800a94840@11fe5fdc)
2026-05-24 12:38:01 CDT [AWT-EventQueue-0] DEBUG n.runelite.client.eventbus.EventBus - Registering class net.runelite.api.events.ScriptPostFired - EventBus.Subscriber(object=com.questhelper.util.worldmap.WorldMapAreaManager@37fa03fe, method=public void com.questhelper.util.worldmap.WorldMapAreaManager.onScriptPostFired(net.runelite.api.events.ScriptPostFired), priority=0.0, lambda=com.questhelper.util.worldmap.WorldMapAreaManager$$Lambda$1759/0x0000000800a94c40@1400c568)
2026-05-24 12:38:01 CDT [AWT-EventQueue-0] DEBUG n.runelite.client.eventbus.EventBus - Registering class net.runelite.api.events.GameTick - EventBus.Subscriber(object=com.questhelper.statemanagement.PlayerStateManager@10e170e6, method=public void com.questhelper.statemanagement.PlayerStateManager.onGameTick(net.runelite.api.events.GameTick), priority=0.0, lambda=com.questhelper.statemanagement.PlayerStateManager$$Lambda$1760/0x0000000800a94040@603f8ff2)
2026-05-24 12:38:01 CDT [AWT-EventQueue-0] DEBUG n.runelite.client.eventbus.EventBus - Registering class net.runelite.api.events.VarbitChanged - EventBus.Subscriber(object=com.questhelper.statemanagement.PlayerStateManager@10e170e6, method=public void com.questhelper.statemanagement.PlayerStateManager.onVarbitChanged(net.runelite.api.events.VarbitChanged), priority=0.0, lambda=com.questhelper.statemanagement.PlayerStateManager$$Lambda$1761/0x0000000800a94440@176e5744)
2026-05-24 12:38:01 CDT [AWT-EventQueue-0] DEBUG n.runelite.client.eventbus.EventBus - Registering class net.runelite.api.events.ChatMessage - EventBus.Subscriber(object=com.questhelper.statemanagement.PlayerStateManager@10e170e6, method=public void com.questhelper.statemanagement.PlayerStateManager.onChatMessage(net.runelite.api.events.ChatMessage), priority=0.0, lambda=com.questhelper.statemanagement.PlayerStateManager$$Lambda$1762/0x0000000800a93840@10cf2d60)
2026-05-24 12:38:01 CDT [AWT-EventQueue-0] DEBUG n.runelite.client.eventbus.EventBus - Registering class net.runelite.api.events.GameTick - EventBus.Subscriber(object=com.questhelper.requirements.RequirementValidator@154c6f6c, method=public void com.questhelper.requirements.RequirementValidator.onGameTick(net.runelite.api.events.GameTick), priority=0.0, lambda=com.questhelper.requirements.RequirementValidator$$Lambda$1776/0x0000000800aa7040@65ab9859)
2026-05-24 12:38:01 CDT [AWT-EventQueue-0] DEBUG n.runelite.client.eventbus.EventBus - Registering class net.runelite.api.events.GameStateChanged - EventBus.Subscriber(object=com.questhelper.requirements.RequirementValidator@154c6f6c, method=public void com.questhelper.requirements.RequirementValidator.onGameStateChanged(net.runelite.api.events.GameStateChanged), priority=0.0, lambda=com.questhelper.requirements.RequirementValidator$$Lambda$1777/0x0000000800aa7440@45e89b3a)
2026-05-24 12:38:01 CDT [AWT-EventQueue-0] DEBUG n.runelite.client.eventbus.EventBus - Registering class net.runelite.api.events.NpcChanged - EventBus.Subscriber(object=com.questhelper.requirements.RequirementValidator@154c6f6c, method=public void com.questhelper.requirements.RequirementValidator.onNpcChanged(net.runelite.api.events.NpcChanged), priority=0.0, lambda=com.questhelper.requirements.RequirementValidator$$Lambda$1778/0x0000000800aa6840@af99498)
2026-05-24 12:38:01 CDT [AWT-EventQueue-0] DEBUG n.runelite.client.eventbus.EventBus - Registering class net.runelite.api.events.NpcDespawned - EventBus.Subscriber(object=com.questhelper.requirements.RequirementValidator@154c6f6c, method=public void com.questhelper.requirements.RequirementValidator.onNpcDespawned(net.runelite.api.events.NpcDespawned), priority=0.0, lambda=com.questhelper.requirements.RequirementValidator$$Lambda$1779/0x0000000800aa6c40@4e6b14ac)
2026-05-24 12:38:01 CDT [AWT-EventQueue-0] DEBUG n.runelite.client.eventbus.EventBus - Registering class net.runelite.api.events.NpcSpawned - EventBus.Subscriber(object=com.questhelper.requirements.RequirementValidator@154c6f6c, method=public void com.questhelper.requirements.RequirementValidator.onNpcSpawned(net.runelite.api.events.NpcSpawned), priority=0.0, lambda=com.questhelper.requirements.RequirementValidator$$Lambda$1780/0x0000000800aa6040@76786fde)
2026-05-24 12:38:01 CDT [AWT-EventQueue-0] DEBUG n.runelite.client.eventbus.EventBus - Registering class net.runelite.api.events.ChatMessage - EventBus.Subscriber(object=com.questhelper.requirements.RequirementValidator@154c6f6c, method=public void com.questhelper.requirements.RequirementValidator.onChatMessage(net.runelite.api.events.ChatMessage), priority=0.0, lambda=com.questhelper.requirements.RequirementValidator$$Lambda$1781/0x0000000800aa6440@74567279)
2026-05-24 12:38:01 CDT [AWT-EventQueue-0] DEBUG n.runelite.client.eventbus.EventBus - Registering class net.runelite.api.events.GameTick - EventBus.Subscriber(object=com.questhelper.runeliteobjects.extendedruneliteobjects.RuneliteObjectManager@39128dbf, method=public void com.questhelper.runeliteobjects.extendedruneliteobjects.RuneliteObjectManager.onGameTick(net.runelite.api.events.GameTick), priority=0.0, lambda=com.questhelper.runeliteobjects.extendedruneliteobjects.RuneliteObjectManager$$Lambda$1784/0x0000000800aa5040@12589c97)
2026-05-24 12:38:01 CDT [AWT-EventQueue-0] DEBUG n.runelite.client.eventbus.EventBus - Registering class net.runelite.api.events.GameStateChanged - EventBus.Subscriber(object=com.questhelper.runeliteobjects.extendedruneliteobjects.RuneliteObjectManager@39128dbf, method=public void com.questhelper.runeliteobjects.extendedruneliteobjects.RuneliteObjectManager.onGameStateChanged(net.runelite.api.events.GameStateChanged), priority=0.0, lambda=com.questhelper.runeliteobjects.extendedruneliteobjects.RuneliteObjectManager$$Lambda$1785/0x0000000800aa5440@6919ced6)
2026-05-24 12:38:01 CDT [AWT-EventQueue-0] DEBUG n.runelite.client.eventbus.EventBus - Registering class net.runelite.api.events.NpcDespawned - EventBus.Subscriber(object=com.questhelper.runeliteobjects.extendedruneliteobjects.RuneliteObjectManager@39128dbf, method=public void com.questhelper.runeliteobjects.extendedruneliteobjects.RuneliteObjectManager.onNpcDespawned(net.runelite.api.events.NpcDespawned), priority=0.0, lambda=com.questhelper.runeliteobjects.extendedruneliteobjects.RuneliteObjectManager$$Lambda$1786/0x0000000800aa4840@12215905)
2026-05-24 12:38:01 CDT [AWT-EventQueue-0] DEBUG n.runelite.client.eventbus.EventBus - Registering class net.runelite.api.events.NpcSpawned - EventBus.Subscriber(object=com.questhelper.runeliteobjects.extendedruneliteobjects.RuneliteObjectManager@39128dbf, method=public void com.questhelper.runeliteobjects.extendedruneliteobjects.RuneliteObjectManager.onNpcSpawned(net.runelite.api.events.NpcSpawned), priority=0.0, lambda=com.questhelper.runeliteobjects.extendedruneliteobjects.RuneliteObjectManager$$Lambda$1787/0x0000000800aa4c40@4c6ea5e7)
2026-05-24 12:38:01 CDT [AWT-EventQueue-0] DEBUG n.runelite.client.eventbus.EventBus - Registering class net.runelite.api.events.ClientTick - EventBus.Subscriber(object=com.questhelper.runeliteobjects.extendedruneliteobjects.RuneliteObjectManager@39128dbf, method=public void com.questhelper.runeliteobjects.extendedruneliteobjects.RuneliteObjectManager.onClientTick(net.runelite.api.events.ClientTick), priority=0.0, lambda=com.questhelper.runeliteobjects.extendedruneliteobjects.RuneliteObjectManager$$Lambda$1788/0x0000000800aa4040@4e878dce)
2026-05-24 12:38:01 CDT [AWT-EventQueue-0] DEBUG n.runelite.client.eventbus.EventBus - Registering class net.runelite.api.events.WidgetLoaded - EventBus.Subscriber(object=com.questhelper.runeliteobjects.extendedruneliteobjects.RuneliteObjectManager@39128dbf, method=public void com.questhelper.runeliteobjects.extendedruneliteobjects.RuneliteObjectManager.onWidgetLoaded(net.runelite.api.events.WidgetLoaded), priority=0.0, lambda=com.questhelper.runeliteobjects.extendedruneliteobjects.RuneliteObjectManager$$Lambda$1789/0x0000000800aa4440@29ced4b8)
2026-05-24 12:38:01 CDT [AWT-EventQueue-0] DEBUG n.runelite.client.eventbus.EventBus - Registering class net.runelite.api.events.MenuEntryAdded - EventBus.Subscriber(object=com.questhelper.runeliteobjects.extendedruneliteobjects.RuneliteObjectManager@39128dbf, method=public void com.questhelper.runeliteobjects.extendedruneliteobjects.RuneliteObjectManager.onMenuEntryAdded(net.runelite.api.events.MenuEntryAdded), priority=0.0, lambda=com.questhelper.runeliteobjects.extendedruneliteobjects.RuneliteObjectManager$$Lambda$1790/0x0000000800aa3840@3d3eee8d)
2026-05-24 12:38:01 CDT [AWT-EventQueue-0] DEBUG com.questhelper.QuestHelperPlugin - Loaded quest helper BELOW_ICE_MOUNTAIN
2026-05-24 12:38:01 CDT [AWT-EventQueue-0] DEBUG com.questhelper.QuestHelperPlugin - Loaded quest helper BLACK_KNIGHTS_FORTRESS
2026-05-24 12:38:01 CDT [AWT-EventQueue-0] DEBUG com.questhelper.QuestHelperPlugin - Loaded quest helper COOKS_ASSISTANT
2026-05-24 12:38:01 CDT [AWT-EventQueue-0] DEBUG com.questhelper.QuestHelperPlugin - Loaded quest helper THE_CORSAIR_CURSE
2026-05-24 12:38:01 CDT [AWT-EventQueue-0] DEBUG com.questhelper.QuestHelperPlugin - Loaded quest helper DEMON_SLAYER
2026-05-24 12:38:01 CDT [AWT-EventQueue-0] DEBUG com.questhelper.QuestHelperPlugin - Loaded quest helper DORICS_QUEST
2026-05-24 12:38:01 CDT [AWT-EventQueue-0] DEBUG com.questhelper.QuestHelperPlugin - Loaded quest helper DRAGON_SLAYER_I
2026-05-24 12:38:01 CDT [AWT-EventQueue-0] DEBUG com.questhelper.QuestHelperPlugin - Loaded quest helper ERNEST_THE_CHICKEN
2026-05-24 12:38:01 CDT [AWT-EventQueue-0] DEBUG com.questhelper.QuestHelperPlugin - Loaded quest helper GOBLIN_DIPLOMACY
2026-05-24 12:38:01 CDT [AWT-EventQueue-0] DEBUG com.questhelper.QuestHelperPlugin - Loaded quest helper IMP_CATCHER
2026-05-24 12:38:01 CDT [AWT-EventQueue-0] DEBUG com.questhelper.QuestHelperPlugin - Loaded quest helper THE_IDES_OF_MILK
2026-05-24 12:38:01 CDT [AWT-EventQueue-0] DEBUG com.questhelper.QuestHelperPlugin - Loaded quest helper THE_KNIGHTS_SWORD
2026-05-24 12:38:01 CDT [AWT-EventQueue-0] DEBUG com.questhelper.QuestHelperPlugin - Loaded quest helper MISTHALIN_MYSTERY
2026-05-24 12:38:01 CDT [AWT-EventQueue-0] DEBUG com.questhelper.QuestHelperPlugin - Loaded quest helper PIRATES_TREASURE
2026-05-24 12:38:01 CDT [AWT-EventQueue-0] DEBUG com.questhelper.QuestHelperPlugin - Loaded quest helper PRINCE_ALI_RESCUE
2026-05-24 12:38:01 CDT [AWT-EventQueue-0] DEBUG com.questhelper.QuestHelperPlugin - Loaded quest helper THE_RESTLESS_GHOST
2026-05-24 12:38:01 CDT [AWT-EventQueue-0] DEBUG com.questhelper.QuestHelperPlugin - Loaded quest helper ROMEO__JULIET
2026-05-24 12:38:01 CDT [AWT-EventQueue-0] DEBUG com.questhelper.QuestHelperPlugin - Loaded quest helper RUNE_MYSTERIES
2026-05-24 12:38:01 CDT [AWT-EventQueue-0] DEBUG com.questhelper.QuestHelperPlugin - Loaded quest helper SHEEP_SHEARER
2026-05-24 12:38:01 CDT [AWT-EventQueue-0] DEBUG com.questhelper.QuestHelperPlugin - Loaded quest helper SHIELD_OF_ARRAV_PHOENIX_GANG
2026-05-24 12:38:01 CDT [AWT-EventQueue-0] DEBUG com.questhelper.QuestHelperPlugin - Loaded quest helper SHIELD_OF_ARRAV_BLACK_ARM_GANG
2026-05-24 12:38:01 CDT [AWT-EventQueue-0] DEBUG com.questhelper.QuestHelperPlugin - Loaded quest helper VAMPYRE_SLAYER
2026-05-24 12:38:01 CDT [AWT-EventQueue-0] DEBUG com.questhelper.QuestHelperPlugin - Loaded quest helper WITCHS_POTION
2026-05-24 12:38:01 CDT [AWT-EventQueue-0] DEBUG com.questhelper.QuestHelperPlugin - Loaded quest helper X_MARKS_THE_SPOT
2026-05-24 12:38:01 CDT [AWT-EventQueue-0] DEBUG com.questhelper.QuestHelperPlugin - Loaded quest helper ANIMAL_MAGNETISM
2026-05-24 12:38:01 CDT [AWT-EventQueue-0] DEBUG com.questhelper.QuestHelperPlugin - Loaded quest helper ANOTHER_SLICE_OF_HAM
2026-05-24 12:38:01 CDT [AWT-EventQueue-0] DEBUG com.questhelper.QuestHelperPlugin - Loaded quest helper BENEATH_CURSED_SANDS
2026-05-24 12:38:01 CDT [AWT-EventQueue-0] DEBUG com.questhelper.QuestHelperPlugin - Loaded quest helper BETWEEN_A_ROCK
2026-05-24 12:38:01 CDT [AWT-EventQueue-0] DEBUG com.questhelper.QuestHelperPlugin - Loaded quest helper BIG_CHOMPY_BIRD_HUNTING
2026-05-24 12:38:01 CDT [AWT-EventQueue-0] DEBUG com.questhelper.QuestHelperPlugin - Loaded quest helper BIOHAZARD
2026-05-24 12:38:01 CDT [AWT-EventQueue-0] DEBUG com.questhelper.QuestHelperPlugin - Loaded quest helper CABIN_FEVER
2026-05-24 12:38:01 CDT [AWT-EventQueue-0] DEBUG com.questhelper.QuestHelperPlugin - Loaded quest helper CLOCK_TOWER
2026-05-24 12:38:01 CDT [AWT-EventQueue-0] DEBUG com.questhelper.QuestHelperPlugin - Loaded quest helper COLD_WAR
2026-05-24 12:38:01 CDT [AWT-EventQueue-0] DEBUG com.questhelper.QuestHelperPlugin - Loaded quest helper CONTACT
2026-05-24 12:38:01 CDT [AWT-EventQueue-0] DEBUG com.questhelper.QuestHelperPlugin - Loaded quest helper CREATURE_OF_FENKENSTRAIN
2026-05-24 12:38:01 CDT [AWT-EventQueue-0] DEBUG com.questhelper.QuestHelperPlugin - Loaded quest helper DARKNESS_OF_HALLOWVALE
2026-05-24 12:38:01 CDT [AWT-EventQueue-0] DEBUG com.questhelper.QuestHelperPlugin - Loaded quest helper DEATH_PLATEAU
2026-05-24 12:38:01 CDT [AWT-EventQueue-0] DEBUG com.questhelper.QuestHelperPlugin - Loaded quest helper DEATH_TO_THE_DORGESHUUN
2026-05-24 12:38:01 CDT [AWT-EventQueue-0] DEBUG com.questhelper.QuestHelperPlugin - Loaded quest helper THE_DEPTHS_OF_DESPAIR
2026-05-24 12:38:01 CDT [AWT-EventQueue-0] DEBUG com.questhelper.QuestHelperPlugin - Loaded quest helper DESERT_TREASURE
2026-05-24 12:38:01 CDT [AWT-EventQueue-0] DEBUG com.questhelper.QuestHelperPlugin - Loaded quest helper DESERT_TREASURE_II
2026-05-24 12:38:01 CDT [AWT-EventQueue-0] DEBUG com.questhelper.QuestHelperPlugin - Loaded quest helper DEVIOUS_MINDS
2026-05-24 12:38:01 CDT [AWT-EventQueue-0] DEBUG com.questhelper.QuestHelperPlugin - Loaded quest helper THE_DIG_SITE
2026-05-24 12:38:01 CDT [AWT-EventQueue-0] DEBUG com.questhelper.QuestHelperPlugin - Loaded quest helper DRAGON_SLAYER_II
2026-05-24 12:38:01 CDT [AWT-EventQueue-0] DEBUG com.questhelper.QuestHelperPlugin - Loaded quest helper DREAM_MENTOR
2026-05-24 12:38:01 CDT [AWT-EventQueue-0] DEBUG com.questhelper.QuestHelperPlugin - Loaded quest helper DRUIDIC_RITUAL
2026-05-24 12:38:01 CDT [AWT-EventQueue-0] DEBUG com.questhelper.QuestHelperPlugin - Loaded quest helper DWARF_CANNON
2026-05-24 12:38:01 CDT [AWT-EventQueue-0] DEBUG com.questhelper.QuestHelperPlugin - Loaded quest helper EADGARS_RUSE
2026-05-24 12:38:01 CDT [AWT-EventQueue-0] DEBUG com.questhelper.QuestHelperPlugin - Loaded quest helper EAGLES_PEAK
2026-05-24 12:38:01 CDT [AWT-EventQueue-0] DEBUG com.questhelper.QuestHelperPlugin - Loaded quest helper ELEMENTAL_WORKSHOP_I
2026-05-24 12:38:01 CDT [AWT-EventQueue-0] DEBUG com.questhelper.QuestHelperPlugin - Loaded quest helper ELEMENTAL_WORKSHOP_II
2026-05-24 12:38:01 CDT [AWT-EventQueue-0] DEBUG com.questhelper.QuestHelperPlugin - Loaded quest helper ENAKHRAS_LAMENT
2026-05-24 12:38:01 CDT [AWT-EventQueue-0] DEBUG com.questhelper.QuestHelperPlugin - Loaded quest helper ENLIGHTENED_JOURNEY
2026-05-24 12:38:01 CDT [AWT-EventQueue-0] DEBUG com.questhelper.QuestHelperPlugin - Loaded quest helper THE_EYES_OF_GLOUPHRIE
2026-05-24 12:38:01 CDT [AWT-EventQueue-0] DEBUG com.questhelper.QuestHelperPlugin - Loaded quest helper THE_PATH_OF_GLOUPHRIE
2026-05-24 12:38:01 CDT [AWT-EventQueue-0] DEBUG com.questhelper.QuestHelperPlugin - Loaded quest helper FAIRYTALE_I__GROWING_PAINS
2026-05-24 12:38:01 CDT [AWT-EventQueue-0] DEBUG com.questhelper.QuestHelperPlugin - Loaded quest helper FAIRYTALE_II__CURE_A_QUEEN
2026-05-24 12:38:01 CDT [AWT-EventQueue-0] DEBUG com.questhelper.QuestHelperPlugin - Loaded quest helper FAMILY_CREST
2026-05-24 12:38:01 CDT [AWT-EventQueue-0] DEBUG com.questhelper.QuestHelperPlugin - Loaded quest helper THE_FEUD
2026-05-24 12:38:01 CDT [AWT-EventQueue-0] DEBUG com.questhelper.QuestHelperPlugin - Loaded quest helper FIGHT_ARENA
2026-05-24 12:38:01 CDT [AWT-EventQueue-0] DEBUG com.questhelper.QuestHelperPlugin - Loaded quest helper FISHING_CONTEST
2026-05-24 12:38:01 CDT [AWT-EventQueue-0] DEBUG com.questhelper.QuestHelperPlugin - Loaded quest helper FORGETTABLE_TALE
2026-05-24 12:38:01 CDT [AWT-EventQueue-0] DEBUG com.questhelper.QuestHelperPlugin - Loaded quest helper BONE_VOYAGE
2026-05-24 12:38:01 CDT [AWT-EventQueue-0] DEBUG com.questhelper.QuestHelperPlugin - Loaded quest helper THE_FREMENNIK_ISLES
2026-05-24 12:38:01 CDT [AWT-EventQueue-0] DEBUG com.questhelper.QuestHelperPlugin - Loaded quest helper THE_FREMENNIK_TRIALS
2026-05-24 12:38:01 CDT [AWT-EventQueue-0] DEBUG com.questhelper.QuestHelperPlugin - Loaded quest helper GARDEN_OF_TRANQUILLITY
2026-05-24 12:38:01 CDT [AWT-EventQueue-0] DEBUG com.questhelper.QuestHelperPlugin - Loaded quest helper GERTRUDES_CAT
2026-05-24 12:38:01 CDT [AWT-EventQueue-0] DEBUG com.questhelper.QuestHelperPlugin - Loaded quest helper GHOSTS_AHOY
2026-05-24 12:38:01 CDT [AWT-EventQueue-0] DEBUG com.questhelper.QuestHelperPlugin - Loaded quest helper THE_GIANT_DWARF
2026-05-24 12:38:01 CDT [AWT-EventQueue-0] DEBUG com.questhelper.QuestHelperPlugin - Loaded quest helper THE_GOLEM
2026-05-24 12:38:01 CDT [AWT-EventQueue-0] DEBUG com.questhelper.QuestHelperPlugin - Loaded quest helper THE_GRAND_TREE
2026-05-24 12:38:01 CDT [AWT-EventQueue-0] DEBUG com.questhelper.QuestHelperPlugin - Loaded quest helper THE_GREAT_BRAIN_ROBBERY
2026-05-24 12:38:01 CDT [AWT-EventQueue-0] DEBUG com.questhelper.QuestHelperPlugin - Loaded quest helper GRIM_TALES
2026-05-24 12:38:01 CDT [AWT-EventQueue-0] DEBUG com.questhelper.QuestHelperPlugin - Loaded quest helper THE_HAND_IN_THE_SAND
2026-05-24 12:38:01 CDT [AWT-EventQueue-0] DEBUG com.questhelper.QuestHelperPlugin - Loaded quest helper HAUNTED_MINE
2026-05-24 12:38:01 CDT [AWT-EventQueue-0] DEBUG com.questhelper.QuestHelperPlugin - Loaded quest helper HAZEEL_CULT
2026-05-24 12:38:01 CDT [AWT-EventQueue-0] DEBUG com.questhelper.QuestHelperPlugin - Loaded quest helper HEROES_QUEST
2026-05-24 12:38:01 CDT [AWT-EventQueue-0] DEBUG com.questhelper.QuestHelperPlugin - Loaded quest helper HOLY_GRAIL
2026-05-24 12:38:01 CDT [AWT-EventQueue-0] DEBUG com.questhelper.QuestHelperPlugin - Loaded quest helper HORROR_FROM_THE_DEEP
2026-05-24 12:38:01 CDT [AWT-EventQueue-0] DEBUG com.questhelper.QuestHelperPlugin - Loaded quest helper ICTHLARINS_LITTLE_HELPER
2026-05-24 12:38:01 CDT [AWT-EventQueue-0] DEBUG com.questhelper.QuestHelperPlugin - Loaded quest helper IN_AID_OF_THE_MYREQUE
2026-05-24 12:38:01 CDT [AWT-EventQueue-0] DEBUG com.questhelper.QuestHelperPlugin - Loaded quest helper IN_SEARCH_OF_THE_MYREQUE
2026-05-24 12:38:01 CDT [AWT-EventQueue-0] DEBUG com.questhelper.QuestHelperPlugin - Loaded quest helper JUNGLE_POTION
2026-05-24 12:38:01 CDT [AWT-EventQueue-0] DEBUG com.questhelper.QuestHelperPlugin - Loaded quest helper KINGS_RANSOM
2026-05-24 12:38:01 CDT [AWT-EventQueue-0] DEBUG com.questhelper.QuestHelperPlugin - Loaded quest helper LAND_OF_THE_GOBLINS
2026-05-24 12:38:01 CDT [AWT-EventQueue-0] DEBUG com.questhelper.QuestHelperPlugin - Loaded quest helper LEGENDS_QUEST
2026-05-24 12:38:01 CDT [AWT-EventQueue-0] DEBUG com.questhelper.QuestHelperPlugin - Loaded quest helper LOST_CITY
2026-05-24 12:38:01 CDT [AWT-EventQueue-0] DEBUG com.questhelper.QuestHelperPlugin - Loaded quest helper THE_LOST_TRIBE
2026-05-24 12:38:01 CDT [AWT-EventQueue-0] DEBUG com.questhelper.QuestHelperPlugin - Loaded quest helper LUNAR_DIPLOMACY
2026-05-24 12:38:01 CDT [AWT-EventQueue-0] DEBUG com.questhelper.QuestHelperPlugin - Loaded quest helper MAKING_FRIENDS_WITH_MY_ARM
2026-05-24 12:38:01 CDT [AWT-EventQueue-0] DEBUG com.questhelper.QuestHelperPlugin - Loaded quest helper MAKING_HISTORY
2026-05-24 12:38:01 CDT [AWT-EventQueue-0] DEBUG com.questhelper.QuestHelperPlugin - Loaded quest helper MERLINS_CRYSTAL
2026-05-24 12:38:01 CDT [AWT-EventQueue-0] DEBUG com.questhelper.QuestHelperPlugin - Loaded quest helper MONKEY_MADNESS_I
2026-05-24 12:38:01 CDT [AWT-EventQueue-0] DEBUG com.questhelper.QuestHelperPlugin - Loaded quest helper MONKEY_MADNESS_II
2026-05-24 12:38:01 CDT [AWT-EventQueue-0] DEBUG com.questhelper.QuestHelperPlugin - Loaded quest helper MONKS_FRIEND
2026-05-24 12:38:01 CDT [AWT-EventQueue-0] DEBUG com.questhelper.QuestHelperPlugin - Loaded quest helper MOUNTAIN_DAUGHTER
2026-05-24 12:38:01 CDT [AWT-EventQueue-0] DEBUG com.questhelper.QuestHelperPlugin - Loaded quest helper MOURNINGS_END_PART_I
2026-05-24 12:38:01 CDT [AWT-EventQueue-0] DEBUG com.questhelper.QuestHelperPlugin - Loaded quest helper MOURNINGS_END_PART_II
2026-05-24 12:38:01 CDT [AWT-EventQueue-0] DEBUG com.questhelper.QuestHelperPlugin - Loaded quest helper MURDER_MYSTERY
2026-05-24 12:38:01 CDT [AWT-EventQueue-0] DEBUG com.questhelper.QuestHelperPlugin - Loaded quest helper MY_ARMS_BIG_ADVENTURE
2026-05-24 12:38:01 CDT [AWT-EventQueue-0] DEBUG com.questhelper.QuestHelperPlugin - Loaded quest helper NATURE_SPIRIT
2026-05-24 12:38:01 CDT [AWT-EventQueue-0] DEBUG com.questhelper.QuestHelperPlugin - Loaded quest helper OBSERVATORY_QUEST
2026-05-24 12:38:01 CDT [AWT-EventQueue-0] DEBUG com.questhelper.QuestHelperPlugin - Loaded quest helper OLAFS_QUEST
2026-05-24 12:38:01 CDT [AWT-EventQueue-0] DEBUG com.questhelper.QuestHelperPlugin - Loaded quest helper ONE_SMALL_FAVOUR
2026-05-24 12:38:01 CDT [AWT-EventQueue-0] DEBUG com.questhelper.QuestHelperPlugin - Loaded quest helper PLAGUE_CITY
2026-05-24 12:38:01 CDT [AWT-EventQueue-0] DEBUG com.questhelper.QuestHelperPlugin - Loaded quest helper PRIEST_IN_PERIL
2026-05-24 12:38:01 CDT [AWT-EventQueue-0] DEBUG com.questhelper.QuestHelperPlugin - Loaded quest helper THE_QUEEN_OF_THIEVES
2026-05-24 12:38:01 CDT [AWT-EventQueue-0] DEBUG com.questhelper.QuestHelperPlugin - Loaded quest helper RAG_AND_BONE_MAN_I
2026-05-24 12:38:01 CDT [AWT-EventQueue-0] DEBUG com.questhelper.QuestHelperPlugin - Loaded quest helper RAG_AND_BONE_MAN_II
2026-05-24 12:38:01 CDT [AWT-EventQueue-0] DEBUG com.questhelper.QuestHelperPlugin - Loaded quest helper RATCATCHERS
2026-05-24 12:38:01 CDT [AWT-EventQueue-0] DEBUG com.questhelper.QuestHelperPlugin - Loaded quest helper RECIPE_FOR_DISASTER_START
2026-05-24 12:38:01 CDT [AWT-EventQueue-0] DEBUG com.questhelper.QuestHelperPlugin - Loaded quest helper RECIPE_FOR_DISASTER_DWARF
2026-05-24 12:38:01 CDT [AWT-EventQueue-0] DEBUG com.questhelper.QuestHelperPlugin - Loaded quest helper RECIPE_FOR_DISASTER_WARTFACE_AND_BENTNOZE
2026-05-24 12:38:01 CDT [AWT-EventQueue-0] DEBUG com.questhelper.QuestHelperPlugin - Loaded quest helper RECIPE_FOR_DISASTER_PIRATE_PETE
2026-05-24 12:38:01 CDT [AWT-EventQueue-0] DEBUG com.questhelper.QuestHelperPlugin - Loaded quest helper RECIPE_FOR_DISASTER_LUMBRIDGE_GUIDE
2026-05-24 12:38:01 CDT [AWT-EventQueue-0] DEBUG com.questhelper.QuestHelperPlugin - Loaded quest helper RECIPE_FOR_DISASTER_EVIL_DAVE
2026-05-24 12:38:01 CDT [AWT-EventQueue-0] DEBUG com.questhelper.QuestHelperPlugin - Loaded quest helper RECIPE_FOR_DISASTER_MONKEY_AMBASSADOR
2026-05-24 12:38:01 CDT [AWT-EventQueue-0] DEBUG com.questhelper.QuestHelperPlugin - Loaded quest helper RECIPE_FOR_DISASTER_SIR_AMIK_VARZE
2026-05-24 12:38:01 CDT [AWT-EventQueue-0] DEBUG com.questhelper.QuestHelperPlugin - Loaded quest helper RECIPE_FOR_DISASTER_SKRACH_UGLOGWEE
2026-05-24 12:38:01 CDT [AWT-EventQueue-0] DEBUG com.questhelper.QuestHelperPlugin - Loaded quest helper RECIPE_FOR_DISASTER_FINALE
2026-05-24 12:38:01 CDT [AWT-EventQueue-0] DEBUG com.questhelper.QuestHelperPlugin - Loaded quest helper RECRUITMENT_DRIVE
2026-05-24 12:38:01 CDT [AWT-EventQueue-0] DEBUG com.questhelper.QuestHelperPlugin - Loaded quest helper REGICIDE
2026-05-24 12:38:01 CDT [AWT-EventQueue-0] DEBUG com.questhelper.QuestHelperPlugin - Loaded quest helper ROVING_ELVES
2026-05-24 12:38:01 CDT [AWT-EventQueue-0] DEBUG com.questhelper.QuestHelperPlugin - Loaded quest helper ROYAL_TROUBLE
2026-05-24 12:38:01 CDT [AWT-EventQueue-0] DEBUG com.questhelper.QuestHelperPlugin - Loaded quest helper RUM_DEAL
2026-05-24 12:38:01 CDT [AWT-EventQueue-0] DEBUG com.questhelper.QuestHelperPlugin - Loaded quest helper SCORPION_CATCHER
2026-05-24 12:38:01 CDT [AWT-EventQueue-0] DEBUG com.questhelper.QuestHelperPlugin - Loaded quest helper SEA_SLUG
2026-05-24 12:38:01 CDT [AWT-EventQueue-0] DEBUG com.questhelper.QuestHelperPlugin - Loaded quest helper SHADES_OF_MORTTON
2026-05-24 12:38:01 CDT [AWT-EventQueue-0] DEBUG com.questhelper.QuestHelperPlugin - Loaded quest helper SHADOW_OF_THE_STORM
2026-05-24 12:38:01 CDT [AWT-EventQueue-0] DEBUG com.questhelper.QuestHelperPlugin - Loaded quest helper SHEEP_HERDER
2026-05-24 12:38:01 CDT [AWT-EventQueue-0] DEBUG com.questhelper.QuestHelperPlugin - Loaded quest helper SHILO_VILLAGE
2026-05-24 12:38:01 CDT [AWT-EventQueue-0] DEBUG com.questhelper.QuestHelperPlugin - Loaded quest helper SLEEPING_GIANTS
2026-05-24 12:38:01 CDT [AWT-EventQueue-0] DEBUG com.questhelper.QuestHelperPlugin - Loaded quest helper THE_SLUG_MENACE
2026-05-24 12:38:01 CDT [AWT-EventQueue-0] DEBUG com.questhelper.QuestHelperPlugin - Loaded quest helper A_SOULS_BANE
2026-05-24 12:38:01 CDT [AWT-EventQueue-0] DEBUG com.questhelper.QuestHelperPlugin - Loaded quest helper SPIRITS_OF_THE_ELID
2026-05-24 12:38:01 CDT [AWT-EventQueue-0] DEBUG com.questhelper.QuestHelperPlugin - Loaded quest helper SWAN_SONG
2026-05-24 12:38:01 CDT [AWT-EventQueue-0] DEBUG com.questhelper.QuestHelperPlugin - Loaded quest helper TAI_BWO_WANNAI_TRIO
2026-05-24 12:38:01 CDT [AWT-EventQueue-0] DEBUG com.questhelper.QuestHelperPlugin - Loaded quest helper A_TAIL_OF_TWO_CATS
2026-05-24 12:38:01 CDT [AWT-EventQueue-0] DEBUG com.questhelper.QuestHelperPlugin - Loaded quest helper TALE_OF_THE_RIGHTEOUS
2026-05-24 12:38:01 CDT [AWT-EventQueue-0] DEBUG com.questhelper.QuestHelperPlugin - Loaded quest helper A_TASTE_OF_HOPE
2026-05-24 12:38:01 CDT [AWT-EventQueue-0] DEBUG com.questhelper.QuestHelperPlugin - Loaded quest helper TEARS_OF_GUTHIX
2026-05-24 12:38:01 CDT [AWT-EventQueue-0] DEBUG com.questhelper.QuestHelperPlugin - Loaded quest helper TEMPLE_OF_IKOV
2026-05-24 12:38:01 CDT [AWT-EventQueue-0] DEBUG com.questhelper.QuestHelperPlugin - Loaded quest helper TEMPLE_OF_THE_EYE
2026-05-24 12:38:01 CDT [AWT-EventQueue-0] DEBUG com.questhelper.QuestHelperPlugin - Loaded quest helper THRONE_OF_MISCELLANIA
2026-05-24 12:38:01 CDT [AWT-EventQueue-0] DEBUG com.questhelper.QuestHelperPlugin - Loaded quest helper THE_TOURIST_TRAP
2026-05-24 12:38:01 CDT [AWT-EventQueue-0] DEBUG com.questhelper.QuestHelperPlugin - Loaded quest helper TOWER_OF_LIFE
2026-05-24 12:38:01 CDT [AWT-EventQueue-0] DEBUG com.questhelper.QuestHelperPlugin - Loaded quest helper TREE_GNOME_VILLAGE
2026-05-24 12:38:01 CDT [AWT-EventQueue-0] DEBUG com.questhelper.QuestHelperPlugin - Loaded quest helper TRIBAL_TOTEM
2026-05-24 12:38:01 CDT [AWT-EventQueue-0] DEBUG com.questhelper.QuestHelperPlugin - Loaded quest helper TROLL_ROMANCE
2026-05-24 12:38:01 CDT [AWT-EventQueue-0] DEBUG com.questhelper.QuestHelperPlugin - Loaded quest helper TROLL_STRONGHOLD
2026-05-24 12:38:01 CDT [AWT-EventQueue-0] DEBUG com.questhelper.QuestHelperPlugin - Loaded quest helper UNDERGROUND_PASS
2026-05-24 12:38:01 CDT [AWT-EventQueue-0] DEBUG com.questhelper.QuestHelperPlugin - Loaded quest helper CLIENT_OF_KOUREND
2026-05-24 12:38:01 CDT [AWT-EventQueue-0] DEBUG com.questhelper.QuestHelperPlugin - Loaded quest helper WANTED
2026-05-24 12:38:01 CDT [AWT-EventQueue-0] DEBUG com.questhelper.QuestHelperPlugin - Loaded quest helper WATCHTOWER
2026-05-24 12:38:01 CDT [AWT-EventQueue-0] DEBUG com.questhelper.QuestHelperPlugin - Loaded quest helper WATERFALL_QUEST
2026-05-24 12:38:01 CDT [AWT-EventQueue-0] DEBUG com.questhelper.QuestHelperPlugin - Loaded quest helper WHAT_LIES_BELOW
2026-05-24 12:38:01 CDT [AWT-EventQueue-0] DEBUG com.questhelper.QuestHelperPlugin - Loaded quest helper WITCHS_HOUSE
2026-05-24 12:38:01 CDT [AWT-EventQueue-0] DEBUG com.questhelper.QuestHelperPlugin - Loaded quest helper ZOGRE_FLESH_EATERS
2026-05-24 12:38:01 CDT [AWT-EventQueue-0] DEBUG com.questhelper.QuestHelperPlugin - Loaded quest helper THE_ASCENT_OF_ARCEUUS
2026-05-24 12:38:01 CDT [AWT-EventQueue-0] DEBUG com.questhelper.QuestHelperPlugin - Loaded quest helper THE_FORSAKEN_TOWER
2026-05-24 12:38:01 CDT [AWT-EventQueue-0] DEBUG com.questhelper.QuestHelperPlugin - Loaded quest helper SONG_OF_THE_ELVES
2026-05-24 12:38:01 CDT [AWT-EventQueue-0] DEBUG com.questhelper.QuestHelperPlugin - Loaded quest helper THE_FREMENNIK_EXILES
2026-05-24 12:38:01 CDT [AWT-EventQueue-0] DEBUG com.questhelper.QuestHelperPlugin - Loaded quest helper SINS_OF_THE_FATHER
2026-05-24 12:38:01 CDT [AWT-EventQueue-0] DEBUG com.questhelper.QuestHelperPlugin - Loaded quest helper GETTING_AHEAD
2026-05-24 12:38:01 CDT [AWT-EventQueue-0] DEBUG com.questhelper.QuestHelperPlugin - Loaded quest helper A_PORCINE_OF_INTEREST
2026-05-24 12:38:01 CDT [AWT-EventQueue-0] DEBUG com.questhelper.QuestHelperPlugin - Loaded quest helper A_KINGDOM_DIVIDED
2026-05-24 12:38:01 CDT [AWT-EventQueue-0] DEBUG com.questhelper.QuestHelperPlugin - Loaded quest helper A_NIGHT_AT_THE_THEATRE
2026-05-24 12:38:01 CDT [AWT-EventQueue-0] DEBUG com.questhelper.QuestHelperPlugin - Loaded quest helper THE_GARDEN_OF_DEATH
2026-05-24 12:38:01 CDT [AWT-EventQueue-0] DEBUG com.questhelper.QuestHelperPlugin - Loaded quest helper SECRETS_OF_THE_NORTH
2026-05-24 12:38:01 CDT [AWT-EventQueue-0] DEBUG com.questhelper.QuestHelperPlugin - Loaded quest helper CHILDREN_OF_THE_SUN
2026-05-24 12:38:01 CDT [AWT-EventQueue-0] DEBUG com.questhelper.QuestHelperPlugin - Loaded quest helper DEFENDER_OF_VARROCK
2026-05-24 12:38:01 CDT [AWT-EventQueue-0] DEBUG com.questhelper.QuestHelperPlugin - Loaded quest helper AT_FIRST_LIGHT
2026-05-24 12:38:01 CDT [AWT-EventQueue-0] DEBUG com.questhelper.QuestHelperPlugin - Loaded quest helper PERILOUS_MOON
2026-05-24 12:38:01 CDT [AWT-EventQueue-0] DEBUG com.questhelper.QuestHelperPlugin - Loaded quest helper THE_RIBBITING_TALE_OF_A_LILY_PAD_LABOUR_DISPUTE
2026-05-24 12:38:01 CDT [AWT-EventQueue-0] DEBUG com.questhelper.QuestHelperPlugin - Loaded quest helper TWILIGHTS_PROMISE
2026-05-24 12:38:01 CDT [AWT-EventQueue-0] DEBUG com.questhelper.QuestHelperPlugin - Loaded quest helper WHILE_GUTHIX_SLEEPS
2026-05-24 12:38:01 CDT [AWT-EventQueue-0] DEBUG com.questhelper.QuestHelperPlugin - Loaded quest helper ETHICALLY_ACQUIRED_ANTIQUITIES
2026-05-24 12:38:01 CDT [AWT-EventQueue-0] DEBUG com.questhelper.QuestHelperPlugin - Loaded quest helper DEATH_ON_THE_ISLE
2026-05-24 12:38:01 CDT [AWT-EventQueue-0] DEBUG com.questhelper.QuestHelperPlugin - Loaded quest helper MEAT_AND_GREET
2026-05-24 12:38:01 CDT [AWT-EventQueue-0] DEBUG com.questhelper.QuestHelperPlugin - Loaded quest helper THE_HEART_OF_DARKNESS
2026-05-24 12:38:01 CDT [AWT-EventQueue-0] DEBUG com.questhelper.QuestHelperPlugin - Loaded quest helper THE_CURSE_OF_ARRAV
2026-05-24 12:38:01 CDT [AWT-EventQueue-0] DEBUG com.questhelper.QuestHelperPlugin - Loaded quest helper THE_FINAL_DAWN
2026-05-24 12:38:01 CDT [AWT-EventQueue-0] DEBUG com.questhelper.QuestHelperPlugin - Loaded quest helper SHADOWS_OF_CUSTODIA
2026-05-24 12:38:01 CDT [AWT-EventQueue-0] DEBUG com.questhelper.QuestHelperPlugin - Loaded quest helper SCRAMBLED
2026-05-24 12:38:01 CDT [AWT-EventQueue-0] DEBUG com.questhelper.QuestHelperPlugin - Loaded quest helper PANDEMONIUM
2026-05-24 12:38:01 CDT [AWT-EventQueue-0] DEBUG com.questhelper.QuestHelperPlugin - Loaded quest helper PRYING_TIMES
2026-05-24 12:38:01 CDT [AWT-EventQueue-0] DEBUG com.questhelper.QuestHelperPlugin - Loaded quest helper CURRENT_AFFAIRS
2026-05-24 12:38:01 CDT [AWT-EventQueue-0] DEBUG com.questhelper.QuestHelperPlugin - Loaded quest helper TROUBLED_TORTUGANS
2026-05-24 12:38:01 CDT [AWT-EventQueue-0] DEBUG com.questhelper.QuestHelperPlugin - Loaded quest helper ENTER_THE_ABYSS
2026-05-24 12:38:01 CDT [AWT-EventQueue-0] DEBUG com.questhelper.QuestHelperPlugin - Loaded quest helper BEAR_YOUR_SOUL
2026-05-24 12:38:01 CDT [AWT-EventQueue-0] DEBUG com.questhelper.QuestHelperPlugin - Loaded quest helper ALFRED_GRIMHANDS_BARCRAWL
2026-05-24 12:38:01 CDT [AWT-EventQueue-0] DEBUG com.questhelper.QuestHelperPlugin - Loaded quest helper CURSE_OF_THE_EMPTY_LORD
2026-05-24 12:38:01 CDT [AWT-EventQueue-0] DEBUG com.questhelper.QuestHelperPlugin - Loaded quest helper ENCHANTED_KEY
2026-05-24 12:38:01 CDT [AWT-EventQueue-0] DEBUG com.questhelper.QuestHelperPlugin - Loaded quest helper THE_GENERALS_SHADOW
2026-05-24 12:38:01 CDT [AWT-EventQueue-0] DEBUG com.questhelper.QuestHelperPlugin - Loaded quest helper SKIPPY_AND_THE_MOGRES
2026-05-24 12:38:01 CDT [AWT-EventQueue-0] DEBUG com.questhelper.QuestHelperPlugin - Loaded quest helper THE_MAGE_ARENA
2026-05-24 12:38:01 CDT [AWT-EventQueue-0] DEBUG com.questhelper.QuestHelperPlugin - Loaded quest helper LAIR_OF_TARN_RAZORLOR
2026-05-24 12:38:01 CDT [AWT-EventQueue-0] DEBUG com.questhelper.QuestHelperPlugin - Loaded quest helper FAMILY_PEST
2026-05-24 12:38:01 CDT [AWT-EventQueue-0] DEBUG com.questhelper.QuestHelperPlugin - Loaded quest helper THE_MAGE_ARENA_II
2026-05-24 12:38:01 CDT [AWT-EventQueue-0] DEBUG com.questhelper.QuestHelperPlugin - Loaded quest helper IN_SEARCH_OF_KNOWLEDGE
2026-05-24 12:38:01 CDT [AWT-EventQueue-0] DEBUG com.questhelper.QuestHelperPlugin - Loaded quest helper DADDYS_HOME
2026-05-24 12:38:01 CDT [AWT-EventQueue-0] DEBUG com.questhelper.QuestHelperPlugin - Loaded quest helper HOPESPEARS_WILL
2026-05-24 12:38:01 CDT [AWT-EventQueue-0] DEBUG com.questhelper.QuestHelperPlugin - Loaded quest helper HIS_FAITHFUL_SERVANTS
2026-05-24 12:38:01 CDT [AWT-EventQueue-0] DEBUG com.questhelper.QuestHelperPlugin - Loaded quest helper BARBARIAN_TRAINING
2026-05-24 12:38:01 CDT [AWT-EventQueue-0] DEBUG com.questhelper.QuestHelperPlugin - Loaded quest helper VALE_TOTEMS
2026-05-24 12:38:01 CDT [AWT-EventQueue-0] DEBUG com.questhelper.QuestHelperPlugin - Loaded quest helper KNIGHT_WAVES_TRAINING_GROUNDS
2026-05-24 12:38:01 CDT [AWT-EventQueue-0] DEBUG com.questhelper.QuestHelperPlugin - Loaded quest helper BALLOON_TRANSPORT_CRAFTING_GUILD
2026-05-24 12:38:01 CDT [AWT-EventQueue-0] DEBUG com.questhelper.QuestHelperPlugin - Loaded quest helper BALLOON_TRANSPORT_VARROCK
2026-05-24 12:38:01 CDT [AWT-EventQueue-0] DEBUG com.questhelper.QuestHelperPlugin - Loaded quest helper BALLOON_TRANSPORT_CASTLE_WARS
2026-05-24 12:38:01 CDT [AWT-EventQueue-0] DEBUG com.questhelper.QuestHelperPlugin - Loaded quest helper BALLOON_TRANSPORT_GRAND_TREE
2026-05-24 12:38:01 CDT [AWT-EventQueue-0] DEBUG com.questhelper.QuestHelperPlugin - Loaded quest helper ARDOUGNE_EASY
2026-05-24 12:38:01 CDT [AWT-EventQueue-0] DEBUG com.questhelper.QuestHelperPlugin - Loaded quest helper ARDOUGNE_MEDIUM
2026-05-24 12:38:01 CDT [AWT-EventQueue-0] DEBUG com.questhelper.QuestHelperPlugin - Loaded quest helper ARDOUGNE_HARD
2026-05-24 12:38:01 CDT [AWT-EventQueue-0] DEBUG com.questhelper.QuestHelperPlugin - Loaded quest helper ARDOUGNE_ELITE
2026-05-24 12:38:01 CDT [AWT-EventQueue-0] DEBUG com.questhelper.QuestHelperPlugin - Loaded quest helper DESERT_EASY
2026-05-24 12:38:01 CDT [AWT-EventQueue-0] DEBUG com.questhelper.QuestHelperPlugin - Loaded quest helper DESERT_MEDIUM
2026-05-24 12:38:01 CDT [AWT-EventQueue-0] DEBUG com.questhelper.QuestHelperPlugin - Loaded quest helper DESERT_HARD
2026-05-24 12:38:01 CDT [AWT-EventQueue-0] DEBUG com.questhelper.QuestHelperPlugin - Loaded quest helper DESERT_ELITE
2026-05-24 12:38:01 CDT [AWT-EventQueue-0] DEBUG com.questhelper.QuestHelperPlugin - Loaded quest helper FALADOR_EASY
2026-05-24 12:38:01 CDT [AWT-EventQueue-0] DEBUG com.questhelper.QuestHelperPlugin - Loaded quest helper FALADOR_MEDIUM
2026-05-24 12:38:01 CDT [AWT-EventQueue-0] DEBUG com.questhelper.QuestHelperPlugin - Loaded quest helper FALADOR_HARD
2026-05-24 12:38:01 CDT [AWT-EventQueue-0] DEBUG com.questhelper.QuestHelperPlugin - Loaded quest helper FALADOR_ELITE
2026-05-24 12:38:01 CDT [AWT-EventQueue-0] DEBUG com.questhelper.QuestHelperPlugin - Loaded quest helper FREMENNIK_EASY
2026-05-24 12:38:01 CDT [AWT-EventQueue-0] DEBUG com.questhelper.QuestHelperPlugin - Loaded quest helper FREMENNIK_MEDIUM
2026-05-24 12:38:01 CDT [AWT-EventQueue-0] DEBUG com.questhelper.QuestHelperPlugin - Loaded quest helper FREMENNIK_HARD
2026-05-24 12:38:01 CDT [AWT-EventQueue-0] DEBUG com.questhelper.QuestHelperPlugin - Loaded quest helper FREMENNIK_ELITE
2026-05-24 12:38:01 CDT [AWT-EventQueue-0] DEBUG com.questhelper.QuestHelperPlugin - Loaded quest helper KANDARIN_EASY
2026-05-24 12:38:01 CDT [AWT-EventQueue-0] DEBUG com.questhelper.QuestHelperPlugin - Loaded quest helper KANDARIN_MEDIUM
2026-05-24 12:38:01 CDT [AWT-EventQueue-0] DEBUG com.questhelper.QuestHelperPlugin - Loaded quest helper KANDARIN_HARD
2026-05-24 12:38:01 CDT [AWT-EventQueue-0] DEBUG com.questhelper.QuestHelperPlugin - Loaded quest helper KANDARIN_ELITE
2026-05-24 12:38:01 CDT [AWT-EventQueue-0] DEBUG com.questhelper.QuestHelperPlugin - Loaded quest helper KARAMJA_EASY
2026-05-24 12:38:01 CDT [AWT-EventQueue-0] DEBUG com.questhelper.QuestHelperPlugin - Loaded quest helper KARAMJA_MEDIUM
2026-05-24 12:38:01 CDT [AWT-EventQueue-0] DEBUG com.questhelper.QuestHelperPlugin - Loaded quest helper KARAMJA_HARD
2026-05-24 12:38:01 CDT [AWT-EventQueue-0] DEBUG com.questhelper.QuestHelperPlugin - Loaded quest helper KARAMJA_ELITE
2026-05-24 12:38:01 CDT [AWT-EventQueue-0] DEBUG com.questhelper.QuestHelperPlugin - Loaded quest helper KOUREND_EASY
2026-05-24 12:38:01 CDT [AWT-EventQueue-0] DEBUG com.questhelper.QuestHelperPlugin - Loaded quest helper KOUREND_MEDIUM
2026-05-24 12:38:01 CDT [AWT-EventQueue-0] DEBUG com.questhelper.QuestHelperPlugin - Loaded quest helper KOUREND_HARD
2026-05-24 12:38:01 CDT [AWT-EventQueue-0] DEBUG com.questhelper.QuestHelperPlugin - Loaded quest helper KOUREND_ELITE
2026-05-24 12:38:01 CDT [AWT-EventQueue-0] DEBUG com.questhelper.QuestHelperPlugin - Loaded quest helper LUMBRIDGE_EASY
2026-05-24 12:38:01 CDT [AWT-EventQueue-0] DEBUG com.questhelper.QuestHelperPlugin - Loaded quest helper LUMBRIDGE_MEDIUM
2026-05-24 12:38:01 CDT [AWT-EventQueue-0] DEBUG com.questhelper.QuestHelperPlugin - Loaded quest helper LUMBRIDGE_HARD
2026-05-24 12:38:01 CDT [AWT-EventQueue-0] DEBUG com.questhelper.QuestHelperPlugin - Loaded quest helper LUMBRIDGE_ELITE
2026-05-24 12:38:01 CDT [AWT-EventQueue-0] DEBUG com.questhelper.QuestHelperPlugin - Loaded quest helper MORYTANIA_EASY
2026-05-24 12:38:01 CDT [AWT-EventQueue-0] DEBUG com.questhelper.QuestHelperPlugin - Loaded quest helper MORYTANIA_MEDIUM
2026-05-24 12:38:01 CDT [AWT-EventQueue-0] DEBUG com.questhelper.QuestHelperPlugin - Loaded quest helper MORYTANIA_HARD
2026-05-24 12:38:01 CDT [AWT-EventQueue-0] DEBUG com.questhelper.QuestHelperPlugin - Loaded quest helper MORYTANIA_ELITE
2026-05-24 12:38:01 CDT [AWT-EventQueue-0] DEBUG com.questhelper.QuestHelperPlugin - Loaded quest helper VARROCK_EASY
2026-05-24 12:38:01 CDT [AWT-EventQueue-0] DEBUG com.questhelper.QuestHelperPlugin - Loaded quest helper VARROCK_MEDIUM
2026-05-24 12:38:01 CDT [AWT-EventQueue-0] DEBUG com.questhelper.QuestHelperPlugin - Loaded quest helper VARROCK_HARD
2026-05-24 12:38:01 CDT [AWT-EventQueue-0] DEBUG com.questhelper.QuestHelperPlugin - Loaded quest helper VARROCK_ELITE
2026-05-24 12:38:01 CDT [AWT-EventQueue-0] DEBUG com.questhelper.QuestHelperPlugin - Loaded quest helper WESTERN_EASY
2026-05-24 12:38:01 CDT [AWT-EventQueue-0] DEBUG com.questhelper.QuestHelperPlugin - Loaded quest helper WESTERN_MEDIUM
2026-05-24 12:38:01 CDT [AWT-EventQueue-0] DEBUG com.questhelper.QuestHelperPlugin - Loaded quest helper WESTERN_HARD
2026-05-24 12:38:01 CDT [AWT-EventQueue-0] DEBUG com.questhelper.QuestHelperPlugin - Loaded quest helper WESTERN_ELITE
2026-05-24 12:38:01 CDT [AWT-EventQueue-0] DEBUG com.questhelper.QuestHelperPlugin - Loaded quest helper WILDERNESS_EASY
2026-05-24 12:38:01 CDT [AWT-EventQueue-0] DEBUG com.questhelper.QuestHelperPlugin - Loaded quest helper WILDERNESS_MEDIUM
2026-05-24 12:38:01 CDT [AWT-EventQueue-0] DEBUG com.questhelper.QuestHelperPlugin - Loaded quest helper WILDERNESS_HARD
2026-05-24 12:38:01 CDT [AWT-EventQueue-0] DEBUG com.questhelper.QuestHelperPlugin - Loaded quest helper WILDERNESS_ELITE
2026-05-24 12:38:01 CDT [AWT-EventQueue-0] DEBUG com.questhelper.QuestHelperPlugin - Loaded quest helper CHECK_ITEMS
2026-05-24 12:38:01 CDT [AWT-EventQueue-0] DEBUG com.questhelper.QuestHelperPlugin - Loaded quest helper MA2_LOCATOR
2026-05-24 12:38:01 CDT [AWT-EventQueue-0] DEBUG com.questhelper.QuestHelperPlugin - Loaded quest helper DAG_ROUTE
2026-05-24 12:38:01 CDT [AWT-EventQueue-0] DEBUG com.questhelper.QuestHelperPlugin - Loaded quest helper HERB_RUN
2026-05-24 12:38:01 CDT [AWT-EventQueue-0] DEBUG com.questhelper.QuestHelperPlugin - Loaded quest helper TREE_RUN
2026-05-24 12:38:01 CDT [AWT-EventQueue-0] DEBUG com.questhelper.QuestHelperPlugin - Loaded quest helper BARROWS_HELPER
2026-05-24 12:38:01 CDT [AWT-EventQueue-0] DEBUG com.questhelper.QuestHelperPlugin - Loaded quest helper STRONGHOLD_OF_SECURITY
2026-05-24 12:38:01 CDT [AWT-EventQueue-0] DEBUG com.questhelper.QuestHelperPlugin - Loaded quest helper SEA_CHARTING
2026-05-24 12:38:01 CDT [AWT-EventQueue-0] DEBUG com.questhelper.QuestHelperPlugin - Loaded quest helper AGILITY
2026-05-24 12:38:01 CDT [AWT-EventQueue-0] DEBUG com.questhelper.QuestHelperPlugin - Loaded quest helper WOODCUTTING_MEMBER
2026-05-24 12:38:01 CDT [AWT-EventQueue-0] DEBUG com.questhelper.QuestHelperPlugin - Loaded quest helper WOODCUTTING
2026-05-24 12:38:01 CDT [AWT-EventQueue-0] DEBUG com.questhelper.QuestHelperPlugin - Loaded quest helper MINING
2026-05-24 12:38:01 CDT [AWT-EventQueue-0] DEBUG com.questhelper.QuestHelperPlugin - Loaded quest helper FAUX_LEAGUES_HELPER
2026-05-24 12:38:01 CDT [AWT-EventQueue-0] DEBUG com.questhelper.QuestHelperPlugin - Loaded quest helper BIKE_SHEDDER
2026-05-24 12:38:01 CDT [AWT-EventQueue-0] DEBUG n.r.client.plugins.PluginManager - Plugin QuestHelperPlugin is now running
2026-05-24 12:38:01 CDT [AWT-EventQueue-0] DEBUG n.runelite.client.eventbus.EventBus - Registering class net.runelite.api.events.ItemContainerChanged - EventBus.Subscriber(object=com.questhelper.QuestHelperPlugin@6d5f4900, method=public void com.questhelper.QuestHelperPlugin.onItemContainerChanged(net.runelite.api.events.ItemContainerChanged), priority=0.0, lambda=com.questhelper.QuestHelperPlugin$$Lambda$1818/0x0000000800acdc40@298d797a)
2026-05-24 12:38:01 CDT [AWT-EventQueue-0] DEBUG n.runelite.client.eventbus.EventBus - Registering class net.runelite.client.events.ConfigChanged - EventBus.Subscriber(object=com.questhelper.QuestHelperPlugin@6d5f4900, method=public void com.questhelper.QuestHelperPlugin.onConfigChanged(net.runelite.client.events.ConfigChanged), priority=0.0, lambda=com.questhelper.QuestHelperPlugin$$Lambda$1819/0x0000000800acd040@77d3e4a7)
2026-05-24 12:38:01 CDT [AWT-EventQueue-0] DEBUG n.runelite.client.eventbus.EventBus - Registering class net.runelite.api.events.GameTick - EventBus.Subscriber(object=com.questhelper.QuestHelperPlugin@6d5f4900, method=public void com.questhelper.QuestHelperPlugin.onGameTick(net.runelite.api.events.GameTick), priority=-1.0, lambda=com.questhelper.QuestHelperPlugin$$Lambda$1820/0x0000000800acd440@45f01248)
2026-05-24 12:38:01 CDT [AWT-EventQueue-0] DEBUG n.runelite.client.eventbus.EventBus - Registering class net.runelite.api.events.GameStateChanged - EventBus.Subscriber(object=com.questhelper.QuestHelperPlugin@6d5f4900, method=public void com.questhelper.QuestHelperPlugin.onGameStateChanged(net.runelite.api.events.GameStateChanged), priority=0.0, lambda=com.questhelper.QuestHelperPlugin$$Lambda$1821/0x0000000800acc840@58a38055)
2026-05-24 12:38:01 CDT [AWT-EventQueue-0] DEBUG n.runelite.client.eventbus.EventBus - Registering class net.runelite.api.events.VarbitChanged - EventBus.Subscriber(object=com.questhelper.QuestHelperPlugin@6d5f4900, method=public void com.questhelper.QuestHelperPlugin.onVarbitChanged(net.runelite.api.events.VarbitChanged), priority=0.0, lambda=com.questhelper.QuestHelperPlugin$$Lambda$1822/0x0000000800accc40@3d3bee78)
2026-05-24 12:38:01 CDT [AWT-EventQueue-0] DEBUG n.runelite.client.eventbus.EventBus - Registering class net.runelite.client.events.RuneScapeProfileChanged - EventBus.Subscriber(object=com.questhelper.QuestHelperPlugin@6d5f4900, method=private void com.questhelper.QuestHelperPlugin.onRuneScapeProfileChanged(net.runelite.client.events.RuneScapeProfileChanged), priority=0.0, lambda=com.questhelper.QuestHelperPlugin$$Lambda$1823/0x0000000800acc040@24df44e8)
2026-05-24 12:38:01 CDT [AWT-EventQueue-0] DEBUG n.runelite.client.eventbus.EventBus - Registering class net.runelite.client.events.ClientShutdown - EventBus.Subscriber(object=com.questhelper.QuestHelperPlugin@6d5f4900, method=private void com.questhelper.QuestHelperPlugin.onClientShutdown(net.runelite.client.events.ClientShutdown), priority=100.0, lambda=com.questhelper.QuestHelperPlugin$$Lambda$1824/0x0000000800acc440@587c7f47)
2026-05-24 12:38:01 CDT [AWT-EventQueue-0] DEBUG n.runelite.client.eventbus.EventBus - Registering class net.runelite.api.events.MenuEntryAdded - EventBus.Subscriber(object=com.questhelper.QuestHelperPlugin@6d5f4900, method=public void com.questhelper.QuestHelperPlugin.onMenuEntryAdded(net.runelite.api.events.MenuEntryAdded), priority=0.0, lambda=com.questhelper.QuestHelperPlugin$$Lambda$1825/0x0000000800acb840@305a72a8)
2026-05-24 12:38:01 CDT [AWT-EventQueue-0] DEBUG n.runelite.client.eventbus.EventBus - Registering class net.runelite.api.events.CommandExecuted - EventBus.Subscriber(object=com.questhelper.QuestHelperPlugin@6d5f4900, method=public void com.questhelper.QuestHelperPlugin.onCommandExecuted(net.runelite.api.events.CommandExecuted), priority=0.0, lambda=com.questhelper.QuestHelperPlugin$$Lambda$1826/0x0000000800acbc40@149c070)
2026-05-24 12:38:01 CDT [AWT-EventQueue-0] DEBUG n.runelite.client.eventbus.EventBus - Registering class net.runelite.api.events.ChatMessage - EventBus.Subscriber(object=com.questhelper.QuestHelperPlugin@6d5f4900, method=public void com.questhelper.QuestHelperPlugin.onChatMessage(net.runelite.api.events.ChatMessage), priority=0.0, lambda=com.questhelper.QuestHelperPlugin$$Lambda$1827/0x0000000800acb040@680f9767)
2026-05-24 12:38:01 CDT [AWT-EventQueue-0] INFO  com.osrstelemetry.TelemetryWriter - Telemetry session started: C:\Users\stone\.osrs-telemetry\sessions\2026-05-24_12-38-01
2026-05-24 12:38:01 CDT [AWT-EventQueue-0] INFO  c.o.PluginSnapshotEndpoint - Plugin snapshot endpoint started on 127.0.0.1:8893
2026-05-24 12:38:01 CDT [AWT-EventQueue-0] INFO  com.osrstelemetry.TelemetryPlugin - Telemetry Collector started
2026-05-24 12:38:01 CDT [AWT-EventQueue-0] DEBUG n.r.client.plugins.PluginManager - Plugin TelemetryPlugin is now running
2026-05-24 12:38:01 CDT [AWT-EventQueue-0] DEBUG n.runelite.client.eventbus.EventBus - Registering class net.runelite.api.events.DecorativeObjectDespawned - EventBus.Subscriber(object=com.osrstelemetry.TelemetryPlugin@113dcaf8, method=public void com.osrstelemetry.TelemetryPlugin.onDecorativeObjectDespawned(net.runelite.api.events.DecorativeObjectDespawned), priority=0.0, lambda=com.osrstelemetry.TelemetryPlugin$$Lambda$1845/0x0000000800adc840@29417866)
2026-05-24 12:38:01 CDT [AWT-EventQueue-0] DEBUG n.runelite.client.eventbus.EventBus - Registering class net.runelite.api.events.VarClientIntChanged - EventBus.Subscriber(object=com.osrstelemetry.TelemetryPlugin@113dcaf8, method=public void com.osrstelemetry.TelemetryPlugin.onVarClientIntChanged(net.runelite.api.events.VarClientIntChanged), priority=0.0, lambda=com.osrstelemetry.TelemetryPlugin$$Lambda$1846/0x0000000800adcc40@765448dc)
2026-05-24 12:38:01 CDT [AWT-EventQueue-0] DEBUG n.runelite.client.eventbus.EventBus - Registering class net.runelite.api.events.WallObjectSpawned - EventBus.Subscriber(object=com.osrstelemetry.TelemetryPlugin@113dcaf8, method=public void com.osrstelemetry.TelemetryPlugin.onWallObjectSpawned(net.runelite.api.events.WallObjectSpawned), priority=0.0, lambda=com.osrstelemetry.TelemetryPlugin$$Lambda$1847/0x0000000800adc040@5136383f)
2026-05-24 12:38:01 CDT [AWT-EventQueue-0] DEBUG n.runelite.client.eventbus.EventBus - Registering class net.runelite.api.events.GameObjectSpawned - EventBus.Subscriber(object=com.osrstelemetry.TelemetryPlugin@113dcaf8, method=public void com.osrstelemetry.TelemetryPlugin.onGameObjectSpawned(net.runelite.api.events.GameObjectSpawned), priority=0.0, lambda=com.osrstelemetry.TelemetryPlugin$$Lambda$1848/0x0000000800adc440@4a3ab6ad)
2026-05-24 12:38:01 CDT [AWT-EventQueue-0] DEBUG n.runelite.client.eventbus.EventBus - Registering class net.runelite.api.events.GraphicsObjectCreated - EventBus.Subscriber(object=com.osrstelemetry.TelemetryPlugin@113dcaf8, method=public void com.osrstelemetry.TelemetryPlugin.onGraphicsObjectCreated(net.runelite.api.events.GraphicsObjectCreated), priority=0.0, lambda=com.osrstelemetry.TelemetryPlugin$$Lambda$1849/0x0000000800adb840@6e1c88d3)
2026-05-24 12:38:01 CDT [AWT-EventQueue-0] DEBUG n.runelite.client.eventbus.EventBus - Registering class net.runelite.api.events.OverheadTextChanged - EventBus.Subscriber(object=com.osrstelemetry.TelemetryPlugin@113dcaf8, method=public void com.osrstelemetry.TelemetryPlugin.onOverheadTextChanged(net.runelite.api.events.OverheadTextChanged), priority=0.0, lambda=com.osrstelemetry.TelemetryPlugin$$Lambda$1850/0x0000000800adbc40@f76fdc6)
2026-05-24 12:38:01 CDT [AWT-EventQueue-0] DEBUG n.runelite.client.eventbus.EventBus - Registering class net.runelite.api.events.MenuOptionClicked - EventBus.Subscriber(object=com.osrstelemetry.TelemetryPlugin@113dcaf8, method=public void com.osrstelemetry.TelemetryPlugin.onMenuOptionClicked(net.runelite.api.events.MenuOptionClicked), priority=0.0, lambda=com.osrstelemetry.TelemetryPlugin$$Lambda$1851/0x0000000800adb040@5609175b)
2026-05-24 12:38:01 CDT [AWT-EventQueue-0] DEBUG n.runelite.client.eventbus.EventBus - Registering class net.runelite.api.events.DecorativeObjectSpawned - EventBus.Subscriber(object=com.osrstelemetry.TelemetryPlugin@113dcaf8, method=public void com.osrstelemetry.TelemetryPlugin.onDecorativeObjectSpawned(net.runelite.api.events.DecorativeObjectSpawned), priority=0.0, lambda=com.osrstelemetry.TelemetryPlugin$$Lambda$1852/0x0000000800adb440@4b9f33a9)
2026-05-24 12:38:01 CDT [AWT-EventQueue-0] DEBUG n.runelite.client.eventbus.EventBus - Registering class net.runelite.api.events.GroundObjectSpawned - EventBus.Subscriber(object=com.osrstelemetry.TelemetryPlugin@113dcaf8, method=public void com.osrstelemetry.TelemetryPlugin.onGroundObjectSpawned(net.runelite.api.events.GroundObjectSpawned), priority=0.0, lambda=com.osrstelemetry.TelemetryPlugin$$Lambda$1853/0x0000000800ada840@43cdfabf)
2026-05-24 12:38:01 CDT [AWT-EventQueue-0] DEBUG n.runelite.client.eventbus.EventBus - Registering class net.runelite.api.events.GroundObjectDespawned - EventBus.Subscriber(object=com.osrstelemetry.TelemetryPlugin@113dcaf8, method=public void com.osrstelemetry.TelemetryPlugin.onGroundObjectDespawned(net.runelite.api.events.GroundObjectDespawned), priority=0.0, lambda=com.osrstelemetry.TelemetryPlugin$$Lambda$1854/0x0000000800adac40@798cab76)
2026-05-24 12:38:01 CDT [AWT-EventQueue-0] DEBUG n.runelite.client.eventbus.EventBus - Registering class net.runelite.api.events.InteractingChanged - EventBus.Subscriber(object=com.osrstelemetry.TelemetryPlugin@113dcaf8, method=public void com.osrstelemetry.TelemetryPlugin.onInteractingChanged(net.runelite.api.events.InteractingChanged), priority=0.0, lambda=com.osrstelemetry.TelemetryPlugin$$Lambda$1855/0x0000000800ada040@c6d83c3)
2026-05-24 12:38:01 CDT [AWT-EventQueue-0] DEBUG n.runelite.client.eventbus.EventBus - Registering class net.runelite.api.events.GameObjectDespawned - EventBus.Subscriber(object=com.osrstelemetry.TelemetryPlugin@113dcaf8, method=public void com.osrstelemetry.TelemetryPlugin.onGameObjectDespawned(net.runelite.api.events.GameObjectDespawned), priority=0.0, lambda=com.osrstelemetry.TelemetryPlugin$$Lambda$1856/0x0000000800ada440@3d697b87)
2026-05-24 12:38:01 CDT [AWT-EventQueue-0] DEBUG n.runelite.client.eventbus.EventBus - Registering class net.runelite.api.events.VarClientStrChanged - EventBus.Subscriber(object=com.osrstelemetry.TelemetryPlugin@113dcaf8, method=public void com.osrstelemetry.TelemetryPlugin.onVarClientStrChanged(net.runelite.api.events.VarClientStrChanged), priority=0.0, lambda=com.osrstelemetry.TelemetryPlugin$$Lambda$1857/0x0000000800ad9840@31a48984)
2026-05-24 12:38:01 CDT [AWT-EventQueue-0] DEBUG n.runelite.client.eventbus.EventBus - Registering class net.runelite.api.events.WallObjectDespawned - EventBus.Subscriber(object=com.osrstelemetry.TelemetryPlugin@113dcaf8, method=public void com.osrstelemetry.TelemetryPlugin.onWallObjectDespawned(net.runelite.api.events.WallObjectDespawned), priority=0.0, lambda=com.osrstelemetry.TelemetryPlugin$$Lambda$1858/0x0000000800ad9c40@73ef864c)
2026-05-24 12:38:01 CDT [AWT-EventQueue-0] DEBUG n.runelite.client.eventbus.EventBus - Registering class net.runelite.api.events.ItemContainerChanged - EventBus.Subscriber(object=com.osrstelemetry.TelemetryPlugin@113dcaf8, method=public void com.osrstelemetry.TelemetryPlugin.onItemContainerChanged(net.runelite.api.events.ItemContainerChanged), priority=0.0, lambda=com.osrstelemetry.TelemetryPlugin$$Lambda$1859/0x0000000800af0040@c9089e0)
2026-05-24 12:38:01 CDT [AWT-EventQueue-0] DEBUG n.runelite.client.eventbus.EventBus - Registering class net.runelite.client.events.ConfigChanged - EventBus.Subscriber(object=com.osrstelemetry.TelemetryPlugin@113dcaf8, method=public void com.osrstelemetry.TelemetryPlugin.onConfigChanged(net.runelite.client.events.ConfigChanged), priority=0.0, lambda=com.osrstelemetry.TelemetryPlugin$$Lambda$1860/0x0000000800af0440@65890b26)
2026-05-24 12:38:01 CDT [AWT-EventQueue-0] DEBUG n.runelite.client.eventbus.EventBus - Registering class net.runelite.api.events.GameTick - EventBus.Subscriber(object=com.osrstelemetry.TelemetryPlugin@113dcaf8, method=public void com.osrstelemetry.TelemetryPlugin.onGameTick(net.runelite.api.events.GameTick), priority=0.0, lambda=com.osrstelemetry.TelemetryPlugin$$Lambda$1861/0x0000000800af0840@1a1b2a1c)
2026-05-24 12:38:01 CDT [AWT-EventQueue-0] DEBUG n.runelite.client.eventbus.EventBus - Registering class net.runelite.api.events.AnimationChanged - EventBus.Subscriber(object=com.osrstelemetry.TelemetryPlugin@113dcaf8, method=public void com.osrstelemetry.TelemetryPlugin.onAnimationChanged(net.runelite.api.events.AnimationChanged), priority=0.0, lambda=com.osrstelemetry.TelemetryPlugin$$Lambda$1862/0x0000000800af0c40@4e06723)
2026-05-24 12:38:01 CDT [AWT-EventQueue-0] DEBUG n.runelite.client.eventbus.EventBus - Registering class net.runelite.api.events.PostMenuSort - EventBus.Subscriber(object=com.osrstelemetry.TelemetryPlugin@113dcaf8, method=public void com.osrstelemetry.TelemetryPlugin.onPostMenuSort(net.runelite.api.events.PostMenuSort), priority=0.0, lambda=com.osrstelemetry.TelemetryPlugin$$Lambda$1863/0x0000000800af1040@3624cb6e)
2026-05-24 12:38:01 CDT [AWT-EventQueue-0] DEBUG n.runelite.client.eventbus.EventBus - Registering class net.runelite.api.events.MenuOpened - EventBus.Subscriber(object=com.osrstelemetry.TelemetryPlugin@113dcaf8, method=public void com.osrstelemetry.TelemetryPlugin.onMenuOpened(net.runelite.api.events.MenuOpened), priority=0.0, lambda=com.osrstelemetry.TelemetryPlugin$$Lambda$1864/0x0000000800af1440@746a417c)
2026-05-24 12:38:01 CDT [AWT-EventQueue-0] DEBUG n.runelite.client.eventbus.EventBus - Registering class net.runelite.api.events.GameStateChanged - EventBus.Subscriber(object=com.osrstelemetry.TelemetryPlugin@113dcaf8, method=public void com.osrstelemetry.TelemetryPlugin.onGameStateChanged(net.runelite.api.events.GameStateChanged), priority=0.0, lambda=com.osrstelemetry.TelemetryPlugin$$Lambda$1865/0x0000000800af1840@739ea7eb)
2026-05-24 12:38:01 CDT [AWT-EventQueue-0] DEBUG n.runelite.client.eventbus.EventBus - Registering class net.runelite.api.events.NpcChanged - EventBus.Subscriber(object=com.osrstelemetry.TelemetryPlugin@113dcaf8, method=public void com.osrstelemetry.TelemetryPlugin.onNpcChanged(net.runelite.api.events.NpcChanged), priority=0.0, lambda=com.osrstelemetry.TelemetryPlugin$$Lambda$1866/0x0000000800af1c40@1f3da3c)
2026-05-24 12:38:01 CDT [AWT-EventQueue-0] DEBUG n.runelite.client.eventbus.EventBus - Registering class net.runelite.api.events.HitsplatApplied - EventBus.Subscriber(object=com.osrstelemetry.TelemetryPlugin@113dcaf8, method=public void com.osrstelemetry.TelemetryPlugin.onHitsplatApplied(net.runelite.api.events.HitsplatApplied), priority=0.0, lambda=com.osrstelemetry.TelemetryPlugin$$Lambda$1867/0x0000000800af2040@6fb77d8b)
2026-05-24 12:38:01 CDT [AWT-EventQueue-0] DEBUG n.runelite.client.eventbus.EventBus - Registering class net.runelite.api.events.StatChanged - EventBus.Subscriber(object=com.osrstelemetry.TelemetryPlugin@113dcaf8, method=public void com.osrstelemetry.TelemetryPlugin.onStatChanged(net.runelite.api.events.StatChanged), priority=0.0, lambda=com.osrstelemetry.TelemetryPlugin$$Lambda$1868/0x0000000800af2440@77c99744)
2026-05-24 12:38:01 CDT [AWT-EventQueue-0] DEBUG n.runelite.client.eventbus.EventBus - Registering class net.runelite.api.events.VarbitChanged - EventBus.Subscriber(object=com.osrstelemetry.TelemetryPlugin@113dcaf8, method=public void com.osrstelemetry.TelemetryPlugin.onVarbitChanged(net.runelite.api.events.VarbitChanged), priority=0.0, lambda=com.osrstelemetry.TelemetryPlugin$$Lambda$1869/0x0000000800af2840@4bcb5780)
2026-05-24 12:38:01 CDT [AWT-EventQueue-0] DEBUG n.runelite.client.eventbus.EventBus - Registering class net.runelite.api.events.NpcDespawned - EventBus.Subscriber(object=com.osrstelemetry.TelemetryPlugin@113dcaf8, method=public void com.osrstelemetry.TelemetryPlugin.onNpcDespawned(net.runelite.api.events.NpcDespawned), priority=0.0, lambda=com.osrstelemetry.TelemetryPlugin$$Lambda$1870/0x0000000800af2c40@3c298ed8)
2026-05-24 12:38:01 CDT [AWT-EventQueue-0] DEBUG n.runelite.client.eventbus.EventBus - Registering class net.runelite.api.events.ActorDeath - EventBus.Subscriber(object=com.osrstelemetry.TelemetryPlugin@113dcaf8, method=public void com.osrstelemetry.TelemetryPlugin.onActorDeath(net.runelite.api.events.ActorDeath), priority=0.0, lambda=com.osrstelemetry.TelemetryPlugin$$Lambda$1871/0x0000000800af3040@13e3a116)
2026-05-24 12:38:01 CDT [AWT-EventQueue-0] DEBUG n.runelite.client.eventbus.EventBus - Registering class net.runelite.api.events.ProjectileMoved - EventBus.Subscriber(object=com.osrstelemetry.TelemetryPlugin@113dcaf8, method=public void com.osrstelemetry.TelemetryPlugin.onProjectileMoved(net.runelite.api.events.ProjectileMoved), priority=0.0, lambda=com.osrstelemetry.TelemetryPlugin$$Lambda$1872/0x0000000800af3440@6e767402)
2026-05-24 12:38:01 CDT [AWT-EventQueue-0] DEBUG n.runelite.client.eventbus.EventBus - Registering class net.runelite.api.events.NpcSpawned - EventBus.Subscriber(object=com.osrstelemetry.TelemetryPlugin@113dcaf8, method=public void com.osrstelemetry.TelemetryPlugin.onNpcSpawned(net.runelite.api.events.NpcSpawned), priority=0.0, lambda=com.osrstelemetry.TelemetryPlugin$$Lambda$1873/0x0000000800af3840@4e340bc9)
2026-05-24 12:38:01 CDT [AWT-EventQueue-0] DEBUG n.runelite.client.eventbus.EventBus - Registering class net.runelite.api.events.ClientTick - EventBus.Subscriber(object=com.osrstelemetry.TelemetryPlugin@113dcaf8, method=public void com.osrstelemetry.TelemetryPlugin.onClientTick(net.runelite.api.events.ClientTick), priority=0.0, lambda=com.osrstelemetry.TelemetryPlugin$$Lambda$1874/0x0000000800af3c40@468156d9)
2026-05-24 12:38:01 CDT [AWT-EventQueue-0] DEBUG n.runelite.client.eventbus.EventBus - Registering class net.runelite.api.events.PlayerDespawned - EventBus.Subscriber(object=com.osrstelemetry.TelemetryPlugin@113dcaf8, method=public void com.osrstelemetry.TelemetryPlugin.onPlayerDespawned(net.runelite.api.events.PlayerDespawned), priority=0.0, lambda=com.osrstelemetry.TelemetryPlugin$$Lambda$1875/0x0000000800af4040@67d520a4)
2026-05-24 12:38:01 CDT [AWT-EventQueue-0] DEBUG n.runelite.client.eventbus.EventBus - Registering class net.runelite.api.events.PlayerChanged - EventBus.Subscriber(object=com.osrstelemetry.TelemetryPlugin@113dcaf8, method=public void com.osrstelemetry.TelemetryPlugin.onPlayerChanged(net.runelite.api.events.PlayerChanged), priority=0.0, lambda=com.osrstelemetry.TelemetryPlugin$$Lambda$1876/0x0000000800af4440@67d6a325)
2026-05-24 12:38:01 CDT [AWT-EventQueue-0] DEBUG n.runelite.client.eventbus.EventBus - Registering class net.runelite.api.events.ItemDespawned - EventBus.Subscriber(object=com.osrstelemetry.TelemetryPlugin@113dcaf8, method=public void com.osrstelemetry.TelemetryPlugin.onItemDespawned(net.runelite.api.events.ItemDespawned), priority=0.0, lambda=com.osrstelemetry.TelemetryPlugin$$Lambda$1877/0x0000000800af4840@28d85a1f)
2026-05-24 12:38:01 CDT [AWT-EventQueue-0] DEBUG n.runelite.client.eventbus.EventBus - Registering class net.runelite.api.events.WidgetClosed - EventBus.Subscriber(object=com.osrstelemetry.TelemetryPlugin@113dcaf8, method=public void com.osrstelemetry.TelemetryPlugin.onWidgetClosed(net.runelite.api.events.WidgetClosed), priority=0.0, lambda=com.osrstelemetry.TelemetryPlugin$$Lambda$1878/0x0000000800af4c40@395374e3)
2026-05-24 12:38:01 CDT [AWT-EventQueue-0] DEBUG n.runelite.client.eventbus.EventBus - Registering class net.runelite.api.events.WidgetLoaded - EventBus.Subscriber(object=com.osrstelemetry.TelemetryPlugin@113dcaf8, method=public void com.osrstelemetry.TelemetryPlugin.onWidgetLoaded(net.runelite.api.events.WidgetLoaded), priority=0.0, lambda=com.osrstelemetry.TelemetryPlugin$$Lambda$1879/0x0000000800af5040@196bff7)
2026-05-24 12:38:01 CDT [AWT-EventQueue-0] DEBUG n.runelite.client.eventbus.EventBus - Registering class net.runelite.api.events.PlayerSpawned - EventBus.Subscriber(object=com.osrstelemetry.TelemetryPlugin@113dcaf8, method=public void com.osrstelemetry.TelemetryPlugin.onPlayerSpawned(net.runelite.api.events.PlayerSpawned), priority=0.0, lambda=com.osrstelemetry.TelemetryPlugin$$Lambda$1880/0x0000000800af5440@397d1e86)
2026-05-24 12:38:01 CDT [AWT-EventQueue-0] DEBUG n.runelite.client.eventbus.EventBus - Registering class net.runelite.api.events.ItemSpawned - EventBus.Subscriber(object=com.osrstelemetry.TelemetryPlugin@113dcaf8, method=public void com.osrstelemetry.TelemetryPlugin.onItemSpawned(net.runelite.api.events.ItemSpawned), priority=0.0, lambda=com.osrstelemetry.TelemetryPlugin$$Lambda$1881/0x0000000800af5840@46de6495)
2026-05-24 12:38:01 CDT [AWT-EventQueue-0] DEBUG n.runelite.client.eventbus.EventBus - Registering class net.runelite.api.events.ItemQuantityChanged - EventBus.Subscriber(object=com.osrstelemetry.TelemetryPlugin@113dcaf8, method=public void com.osrstelemetry.TelemetryPlugin.onItemQuantityChanged(net.runelite.api.events.ItemQuantityChanged), priority=0.0, lambda=com.osrstelemetry.TelemetryPlugin$$Lambda$1882/0x0000000800af5c40@50412edc)
2026-05-24 12:38:01 CDT [main] DEBUG net.runelite.client.ui.ClientUI - Graphics device D3DGraphicsDevice[screen=0]: bounds java.awt.Rectangle[x=3840,y=0,width=3840,height=2160] transform: AffineTransform[[1.0, 0.0, 0.0], [0.0, 1.0, 0.0]]
2026-05-24 12:38:01 CDT [main] DEBUG net.runelite.client.ui.ClientUI - Graphics device D3DGraphicsDevice[screen=1]: bounds java.awt.Rectangle[x=0,y=0,width=3840,height=2160] transform: AffineTransform[[1.0, 0.0, 0.0], [0.0, 1.0, 0.0]]
2026-05-24 12:38:01 CDT [main] INFO  net.runelite.client.RuneLite - Client initialization took 6251ms. Uptime: 7255ms
2026-05-24 12:38:01 CDT [OkHttp https://api.runelite.net/...] DEBUG net.runelite.client.TelemetryClient - Submitted telemetry
2026-05-24 12:38:01 CDT [AWT-EventQueue-0] DEBUG net.runelite.client.ui.ClientUI - Showing frame net.runelite.client.ui.ContainableFrame[frame1,1959,80,1889x1387,invalid,layout=java.awt.BorderLayout,title=RuneLite,resizable,normal,defaultCloseOperation=DO_NOTHING_ON_CLOSE,rootPane=javax.swing.JRootPane[,8,0,1873x1379,layout=com.formdev.flatlaf.ui.FlatRootPaneUI$FlatRootLayout,alignmentX=0.0,alignmentY=0.0,border=,flags=16777673,maximumSize=,minimumSize=,preferredSize=],rootPaneCheckingEnabled=true]
2026-05-24 12:38:02 CDT [Client] INFO  n.r.client.plugins.gpu.GpuPlugin - Using device: NVIDIA GeForce RTX 5090/PCIe/SSE2
2026-05-24 12:38:02 CDT [Client] INFO  n.r.client.plugins.gpu.GpuPlugin - Using driver: 4.6.0 NVIDIA 596.49
2026-05-24 12:38:02 CDT [Client] DEBUG n.r.c.plugins.gpu.TextureManager - Uploaded textures 208
2026-05-24 12:38:12 CDT [Client] DEBUG injected-client - Game state changed: LOGGING_IN (state: 20, 2 step: false)
2026-05-24 12:38:12 CDT [Client] DEBUG n.r.c.p.herbiboars.HerbiboarPlugin - Reset trail data
2026-05-24 12:38:16 CDT [Client] DEBUG n.r.client.config.ConfigManager - RS profile changed to rsprofile.E4M4xC0b
2026-05-24 12:38:16 CDT [pool-2-thread-1] DEBUG n.r.c.p.l.LootTrackerPlugin - Switched to profile rsprofile.E4M4xC0b
2026-05-24 12:38:16 CDT [pool-2-thread-1] DEBUG n.r.c.p.l.LootTrackerPlugin - Loaded 4 records
2026-05-24 12:38:16 CDT [Client] DEBUG n.runelite.client.menus.MenuManager - Client has updated player menu index 4 where option Lookup was, moving to index 4
2026-05-24 12:38:17 CDT [Client] DEBUG injected-client - Game state changed: LOADING (state: 25, 2 step: false)
2026-05-24 12:38:17 CDT [Map Loader] DEBUG n.r.c.p.r.RoofRemovalPlugin - Roof building duration: 4.233 ms
2026-05-24 12:38:17 CDT [Map Loader] DEBUG n.r.client.plugins.gpu.GpuPlugin - Scene size time 9.218 ms reused 0 new 529 len opaque 1534211 size opaque 89895kb len alpha 10722 size alpha 628kb
2026-05-24 12:38:17 CDT [Map Loader] DEBUG n.r.client.plugins.gpu.GpuPlugin - Scene upload time 96.20 ms
2026-05-24 12:38:17 CDT [Client] DEBUG n.r.c.p.g.GroundMarkerPlugin - Loading points for region 12849
2026-05-24 12:38:17 CDT [Client] DEBUG n.r.c.p.g.GroundMarkerPlugin - Loading points for region 12850
2026-05-24 12:38:17 CDT [Client] DEBUG n.r.c.p.g.GroundMarkerPlugin - Loading points for region 12851
2026-05-24 12:38:17 CDT [Client] DEBUG n.r.c.p.g.GroundMarkerPlugin - Loading points for region 13105
2026-05-24 12:38:17 CDT [Client] DEBUG n.r.c.p.g.GroundMarkerPlugin - Loading points for region 13106
2026-05-24 12:38:17 CDT [Client] DEBUG n.r.c.p.g.GroundMarkerPlugin - Loading points for region 13107
2026-05-24 12:38:17 CDT [Client] DEBUG injected-client - Game state changed: LOGGED_IN (state: 30, 2 step: false)
2026-05-24 12:38:17 CDT [Client] DEBUG n.r.c.plugins.discord.DiscordState - Events: [DiscordState.EventWithTime(type=IN_GAME, start=2026-05-24T17:38:17.805038500Z, updated=2026-05-24T17:38:17.805038500Z)]
2026-05-24 12:38:17 CDT [Client] DEBUG n.r.client.discord.DiscordService - Sending presence update DiscordPresence(state=In Game, details=, startTimestamp=2026-05-24T17:38:17.805038500Z, endTimestamp=null, largeImageKey=null, largeImageText=RuneLite v1.12.26.3, smallImageKey=null, smallImageText=null, partyId=null, partySize=0, partyMax=0, matchSecret=null, joinSecret=null, spectateSecret=null, instance=false)
2026-05-24 12:38:18 CDT [Client] DEBUG n.r.c.p.xptracker.XpTrackerPlugin - World change: -1 -> 5160310631415972627, <unknown> -> NORMAL
2026-05-24 12:38:18 CDT [Client] DEBUG injected-client - Chat message type WELCOME: Welcome to Old School RuneScape.
2026-05-24 12:38:18 CDT [Client] DEBUG injected-client - Chat message type DIDYOUKNOW: Did you know? There's a man called Phials in Rimmington that will unnote items for a small fee. Perfect for Ultimate Ironmen.</col>
2026-05-24 12:38:18 CDT [Client] DEBUG n.r.client.plugins.gpu.GpuPlugin - Zone invalidated: wx=0 x=7 z=10
2026-05-24 12:38:18 CDT [Client] DEBUG n.r.client.plugins.raids.RaidsPlugin - Raid party has been dissolved
2026-05-24 12:38:18 CDT [Client] DEBUG c.q.bank.banktab.PotionStorage - Rebuilding potions
2026-05-24 12:38:18 CDT [Client] DEBUG n.r.client.plugins.gpu.GpuPlugin - Rebuilt zone wv=0 x=7 z=10
2026-05-24 12:38:18 CDT [Client] DEBUG net.runelite.client.game.LootManager - Item spawn 1203 (1) location LocalPoint(x=5184, y=8896, worldView=0)
2026-05-24 12:38:18 CDT [Client] DEBUG n.r.client.plugins.gpu.GpuPlugin - Zone invalidated: wx=0 x=8 z=9
2026-05-24 12:38:18 CDT [Client] DEBUG n.r.client.plugins.gpu.GpuPlugin - Rebuilt zone wv=0 x=8 z=9
2026-05-24 12:38:18 CDT [Client] DEBUG injected-client - Replacing archive 12/1049
2026-05-24 12:38:18 CDT [Client] DEBUG injected-client - Replacing archive 12/920
2026-05-24 12:38:18 CDT [Client] DEBUG injected-client - Replacing archive 12/223
2026-05-24 12:38:18 CDT [Client] DEBUG injected-client - Replacing archive 12/84
2026-05-24 12:38:18 CDT [Client] DEBUG injected-client - Replacing archive 12/4742
2026-05-24 12:38:18 CDT [Client] DEBUG injected-client - Replacing archive 12/89
2026-05-24 12:38:18 CDT [Client] DEBUG injected-client - Replacing archive 12/395
2026-05-24 12:38:18 CDT [Client] DEBUG injected-client - Replacing archive 12/396
2026-05-24 12:38:18 CDT [Client] DEBUG injected-client - Replacing archive 12/3238
2026-05-24 12:38:18 CDT [Client] DEBUG injected-client - Replacing archive 12/2611
2026-05-24 12:38:18 CDT [Client] DEBUG injected-client - Replacing archive 12/125
2026-05-24 12:38:18 CDT [Client] DEBUG injected-client - Replacing archive 12/9291
2026-05-24 12:38:18 CDT [Client] DEBUG injected-client - Replacing archive 12/327
2026-05-24 12:38:18 CDT [Client] DEBUG n.runelite.client.menus.MenuManager - Client has updated player menu index 4 where option Lookup was, moving to index 4
2026-05-24 12:38:18 CDT [Client] DEBUG injected-client - Replacing archive 12/84
2026-05-24 12:38:18 CDT [Client] DEBUG injected-client - Replacing archive 12/89
2026-05-24 12:38:18 CDT [Client] DEBUG injected-client - Replacing archive 12/223
2026-05-24 12:38:18 CDT [Client] DEBUG injected-client - Replacing archive 12/395
2026-05-24 12:38:18 CDT [Client] DEBUG injected-client - Replacing archive 12/2611
2026-05-24 12:38:18 CDT [Client] DEBUG injected-client - Replacing archive 12/125
2026-05-24 12:38:18 CDT [Client] DEBUG injected-client - Replacing archive 12/9291
2026-05-24 12:38:18 CDT [Client] DEBUG injected-client - Replacing archive 12/1049
2026-05-24 12:38:18 CDT [Client] DEBUG injected-client - Replacing archive 12/920
2026-05-24 12:38:18 CDT [Client] DEBUG n.r.c.plugins.agility.AgilityPlugin - Gained 0 xp at WorldPoint(x=3260, y=3226, plane=0)
2026-05-24 12:38:18 CDT [Client] DEBUG n.r.c.p.g.GrandExchangePlugin - GE offer updated: state: EMPTY, slot: 0, item: 0, qty: 0, lastLoginTick: 0
2026-05-24 12:38:18 CDT [Client] DEBUG n.r.c.p.g.GrandExchangePlugin - GE offer updated: state: EMPTY, slot: 1, item: 0, qty: 0, lastLoginTick: 0
2026-05-24 12:38:18 CDT [Client] DEBUG n.r.c.p.g.GrandExchangePlugin - GE offer updated: state: EMPTY, slot: 2, item: 0, qty: 0, lastLoginTick: 0
2026-05-24 12:38:18 CDT [Client] DEBUG n.r.c.p.g.GrandExchangePlugin - GE offer updated: state: EMPTY, slot: 3, item: 0, qty: 0, lastLoginTick: 0
2026-05-24 12:38:18 CDT [Client] DEBUG n.r.c.p.g.GrandExchangePlugin - GE offer updated: state: EMPTY, slot: 4, item: 0, qty: 0, lastLoginTick: 0
2026-05-24 12:38:18 CDT [Client] DEBUG n.r.c.p.g.GrandExchangePlugin - GE offer updated: state: EMPTY, slot: 5, item: 0, qty: 0, lastLoginTick: 0
2026-05-24 12:38:18 CDT [Client] DEBUG n.r.c.p.g.GrandExchangePlugin - GE offer updated: state: EMPTY, slot: 6, item: 0, qty: 0, lastLoginTick: 0
2026-05-24 12:38:18 CDT [Client] DEBUG n.r.c.p.g.GrandExchangePlugin - GE offer updated: state: EMPTY, slot: 7, item: 0, qty: 0, lastLoginTick: 0
2026-05-24 12:38:18 CDT [Client] DEBUG injected-client - Replacing archive 12/84
2026-05-24 12:38:18 CDT [Client] DEBUG injected-client - Replacing archive 12/4742
2026-05-24 12:38:18 CDT [Client] DEBUG injected-client - Replacing archive 12/89
2026-05-24 12:38:18 CDT [Client] DEBUG injected-client - Replacing archive 12/125
2026-05-24 12:38:18 CDT [Client] DEBUG n.r.c.p.xptracker.XpTrackerPlugin - Loading xp state from save
2026-05-24 12:38:20 CDT [Client] DEBUG injected-client - Replacing archive 12/2611
2026-05-24 12:38:22 CDT [Client] DEBUG injected-client - Replacing archive 12/1049
2026-05-24 12:38:22 CDT [Client] DEBUG injected-client - Replacing archive 12/920
2026-05-24 12:38:22 CDT [Client] DEBUG injected-client - Replacing archive 12/84
2026-05-24 12:38:22 CDT [Client] DEBUG injected-client - Replacing archive 12/4742
2026-05-24 12:38:22 CDT [Client] DEBUG injected-client - Replacing archive 12/89
2026-05-24 12:38:22 CDT [Client] DEBUG injected-client - Replacing archive 12/223
2026-05-24 12:38:23 CDT [Client] DEBUG n.runelite.client.menus.MenuManager - Client has updated player menu index 4 where option Lookup was, moving to index 4
2026-05-24 12:38:23 CDT [Client] DEBUG injected-client - Replacing archive 12/84
2026-05-24 12:38:23 CDT [Client] DEBUG injected-client - Replacing archive 12/89
2026-05-24 12:38:23 CDT [Client] DEBUG injected-client - Replacing archive 12/223
2026-05-24 12:38:23 CDT [Client] DEBUG injected-client - Replacing archive 12/4742
2026-05-24 12:38:23 CDT [Client] DEBUG n.r.client.plugins.gpu.GpuPlugin - AA samples: 16, max samples: 32, forced samples: 0
2026-05-24 12:38:23 CDT [Client] DEBUG n.r.client.plugins.gpu.VAOList - Allocated VAO 603 request 5184
2026-05-24 12:38:23 CDT [Client] DEBUG n.r.client.plugins.gpu.VAOList - Allocated VAO 604 request 5184
2026-05-24 12:38:23 CDT [Client] DEBUG n.r.client.plugins.gpu.VAOList - Allocated VAO 605 request 41760
2026-05-24 12:38:24 CDT [Client] DEBUG n.r.c.p.t.farming.FarmingTracker - New region loaded. [Lumbridge] at 10 ticks
2026-05-24 12:38:24 CDT [Client] DEBUG n.r.client.config.ConfigManager - Setting configuration value for timetracking.rsprofile.E4M4xC0b.12594.4771 to 0:1779644304
2026-05-24 12:38:25 CDT [Client] DEBUG injected-client - Chat message type PUBLICCHAT:  
2026-05-24 12:38:35 CDT [Client] DEBUG n.r.client.plugins.gpu.GpuPlugin - Zone invalidated: wx=0 x=8 z=12
2026-05-24 12:38:35 CDT [Client] DEBUG n.r.client.plugins.gpu.GpuPlugin - Rebuilt zone wv=0 x=8 z=12
2026-05-24 12:38:43 CDT [Client] DEBUG n.r.client.plugins.gpu.GpuPlugin - Zone invalidated: wx=0 x=8 z=12
2026-05-24 12:38:43 CDT [Client] DEBUG n.r.client.plugins.gpu.GpuPlugin - Rebuilt zone wv=0 x=8 z=12
2026-05-24 12:38:57 CDT [pool-5-thread-1] DEBUG n.r.c.p.w.WorldHopperPlugin - Done pinging worlds in PT55.87978S
2026-05-24 12:39:01 CDT [pool-2-thread-1] DEBUG n.r.client.config.ConfigManager - Setting configuration value for xpTracker.rsprofile.E4M4xC0b.state to {"skills":{"FISHING":{"s":0,"br":0,"ar":10,"t":185772842},"WOODCUTTING":{"s":325,"br":0,"ar":8325,"t":185733679},"FIREMAKING":{"s":0,"br":0,"ar":120,"t":185723918},"COOKING":{"s":0,"br":0,"ar":70,"t":185719039},"MINING":{"s":0,"br":0,"ar":35,"t":185608911},"SMITHING":{"s":0,"br":0,"ar":18,"t":185594270},"ATTACK":{"s":88,"br":0,"ar":420,"t":185530708},"RANGED":{"s":0,"br":0,"ar":12,"t":185500047},"MAGIC":{"s":0,"br":0,"ar":9,"t":185360597},"HITPOINTS":{"s":1182,"br":0,"ar":133,"t":147162350},"PRAYER":{"s":0,"br":0,"ar":4,"t":138275774}},"compactViewSkills":[],"overall":{"s":1154,"br":0,"ar":9597,"t":185774065}}
2026-05-24 12:39:11 CDT [Client] DEBUG n.r.client.plugins.gpu.GpuPlugin - Zone invalidated: wx=0 x=8 z=13
2026-05-24 12:39:11 CDT [Client] DEBUG n.r.client.plugins.gpu.GpuPlugin - Rebuilt zone wv=0 x=8 z=13
2026-05-24 12:39:19 CDT [Client] DEBUG net.runelite.client.game.LootManager - Item spawn 1519 (1) location LocalPoint(x=3392, y=8000, worldView=0)
2026-05-24 12:39:20 CDT [Client] DEBUG net.runelite.client.game.LootManager - Item spawn 1519 (1) location LocalPoint(x=3392, y=8000, worldView=0)
2026-05-24 12:39:20 CDT [Client] DEBUG n.r.client.plugins.gpu.GpuPlugin - Zone invalidated: wx=0 x=8 z=13
2026-05-24 12:39:20 CDT [Client] DEBUG n.r.client.plugins.gpu.GpuPlugin - Rebuilt zone wv=0 x=8 z=13
2026-05-24 12:39:20 CDT [Client] DEBUG net.runelite.client.game.LootManager - Item spawn 1519 (1) location LocalPoint(x=3392, y=8000, worldView=0)
2026-05-24 12:39:21 CDT [Client] DEBUG net.runelite.client.game.LootManager - Item spawn 1519 (1) location LocalPoint(x=3392, y=8000, worldView=0)
2026-05-24 12:39:21 CDT [Client] DEBUG net.runelite.client.game.LootManager - Item spawn 1519 (1) location LocalPoint(x=3392, y=8000, worldView=0)
2026-05-24 12:39:22 CDT [Client] DEBUG net.runelite.client.game.LootManager - Item spawn 1519 (1) location LocalPoint(x=3392, y=8000, worldView=0)
2026-05-24 12:39:23 CDT [Client] DEBUG net.runelite.client.game.LootManager - Item spawn 1519 (1) location LocalPoint(x=3392, y=8000, worldView=0)
2026-05-24 12:39:23 CDT [Client] DEBUG net.runelite.client.game.LootManager - Item spawn 1519 (1) location LocalPoint(x=3392, y=8000, worldView=0)
2026-05-24 12:39:24 CDT [Client] DEBUG net.runelite.client.game.LootManager - Item spawn 1519 (1) location LocalPoint(x=3392, y=8000, worldView=0)
2026-05-24 12:39:24 CDT [Client] DEBUG net.runelite.client.game.LootManager - Item spawn 1519 (1) location LocalPoint(x=3392, y=8000, worldView=0)
2026-05-24 12:39:25 CDT [Client] DEBUG net.runelite.client.game.LootManager - Item spawn 1519 (1) location LocalPoint(x=3392, y=8000, worldView=0)
2026-05-24 12:39:26 CDT [Client] DEBUG net.runelite.client.game.LootManager - Item spawn 1519 (1) location LocalPoint(x=3392, y=8000, worldView=0)
2026-05-24 12:39:26 CDT [Client] DEBUG net.runelite.client.game.LootManager - Item spawn 1519 (1) location LocalPoint(x=3392, y=8000, worldView=0)
2026-05-24 12:39:27 CDT [Client] DEBUG net.runelite.client.game.LootManager - Item spawn 1519 (1) location LocalPoint(x=3392, y=8000, worldView=0)
2026-05-24 12:39:27 CDT [Client] DEBUG net.runelite.client.game.LootManager - Item spawn 1519 (1) location LocalPoint(x=3392, y=8000, worldView=0)
2026-05-24 12:39:28 CDT [Client] DEBUG net.runelite.client.game.LootManager - Item spawn 1519 (1) location LocalPoint(x=3392, y=8000, worldView=0)
2026-05-24 12:39:29 CDT [Client] DEBUG injected-client - Chat message type SPAM: You swing your axe at the tree.
2026-05-24 12:39:29 CDT [Client] DEBUG net.runelite.client.game.LootManager - Item spawn 1519 (1) location LocalPoint(x=3392, y=8000, worldView=0)
2026-05-24 12:39:29 CDT [Client] DEBUG net.runelite.client.game.LootManager - Item spawn 1519 (1) location LocalPoint(x=3392, y=8000, worldView=0)
2026-05-24 12:39:30 CDT [Client] DEBUG net.runelite.client.game.LootManager - Item spawn 1519 (1) location LocalPoint(x=3392, y=8000, worldView=0)
2026-05-24 12:39:30 CDT [Client] DEBUG net.runelite.client.game.LootManager - Item spawn 1519 (1) location LocalPoint(x=3392, y=8000, worldView=0)
2026-05-24 12:39:31 CDT [Client] DEBUG net.runelite.client.game.LootManager - Item spawn 1519 (1) location LocalPoint(x=3392, y=8000, worldView=0)
2026-05-24 12:39:32 CDT [Client] DEBUG net.runelite.client.game.LootManager - Item spawn 1519 (1) location LocalPoint(x=3392, y=8000, worldView=0)
2026-05-24 12:39:32 CDT [Client] DEBUG net.runelite.client.game.LootManager - Item spawn 1519 (1) location LocalPoint(x=3392, y=8000, worldView=0)
2026-05-24 12:39:33 CDT [Client] DEBUG net.runelite.client.game.LootManager - Item spawn 1519 (1) location LocalPoint(x=3392, y=8000, worldView=0)
2026-05-24 12:39:33 CDT [Client] DEBUG n.r.client.plugins.gpu.GpuPlugin - Zone invalidated: wx=0 x=8 z=12
2026-05-24 12:39:33 CDT [Client] DEBUG n.r.client.plugins.gpu.GpuPlugin - Rebuilt zone wv=0 x=8 z=12
2026-05-24 12:39:34 CDT [Client] DEBUG net.runelite.client.game.LootManager - Item spawn 1519 (1) location LocalPoint(x=3392, y=8000, worldView=0)
2026-05-24 12:39:35 CDT [Client] DEBUG net.runelite.client.game.LootManager - Item spawn 1519 (1) location LocalPoint(x=3392, y=8000, worldView=0)
2026-05-24 12:39:35 CDT [Client] DEBUG net.runelite.client.game.LootManager - Item spawn 1519 (1) location LocalPoint(x=3392, y=8000, worldView=0)
2026-05-24 12:39:41 CDT [Client] DEBUG n.r.client.plugins.gpu.GpuPlugin - Zone invalidated: wx=0 x=8 z=12
2026-05-24 12:39:41 CDT [Client] DEBUG n.r.client.plugins.gpu.GpuPlugin - Rebuilt zone wv=0 x=8 z=12
2026-05-24 12:39:47 CDT [Client] DEBUG injected-client - Chat message type SPAM: You get some oak logs.
2026-05-24 12:39:47 CDT [Client] DEBUG n.r.c.plugins.discord.DiscordState - Events: [DiscordState.EventWithTime(type=TRAINING_WOODCUTTING, start=2026-05-24T17:39:47.006508200Z, updated=2026-05-24T17:39:47.006508200Z), DiscordState.EventWithTime(type=IN_GAME, start=2026-05-24T17:38:17.805038500Z, updated=2026-05-24T17:38:17.805038500Z)]
2026-05-24 12:39:47 CDT [Client] DEBUG n.r.client.discord.DiscordService - Sending presence update DiscordPresence(state=In Game, details=Training: Woodcutting, startTimestamp=2026-05-24T17:38:17.805038500Z, endTimestamp=null, largeImageKey=null, largeImageText=RuneLite v1.12.26.3, smallImageKey=icon_woodcutting, smallImageText=null, partyId=null, partySize=0, partyMax=0, matchSecret=null, joinSecret=null, spectateSecret=null, instance=false)
2026-05-24 12:39:48 CDT [Client] DEBUG injected-client - Chat message type SPAM: You swing your axe at the tree.
2026-05-24 12:39:49 CDT [Client] DEBUG injected-client - Chat message type SPAM: You get some oak logs.
2026-05-24 12:39:49 CDT [Client] DEBUG n.r.c.plugins.discord.DiscordState - Events: [DiscordState.EventWithTime(type=TRAINING_WOODCUTTING, start=2026-05-24T17:39:47.006508200Z, updated=2026-05-24T17:39:49.406683400Z), DiscordState.EventWithTime(type=IN_GAME, start=2026-05-24T17:38:17.805038500Z, updated=2026-05-24T17:38:17.805038500Z)]
2026-05-24 12:39:50 CDT [Client] DEBUG injected-client - Chat message type SPAM: You swing your axe at the tree.
2026-05-24 12:39:50 CDT [Client] DEBUG n.r.client.plugins.gpu.GpuPlugin - Zone invalidated: wx=0 x=8 z=9
2026-05-24 12:39:50 CDT [Client] DEBUG n.r.client.plugins.gpu.GpuPlugin - Rebuilt zone wv=0 x=8 z=9
2026-05-24 12:39:56 CDT [Client] DEBUG injected-client - Chat message type SPAM: You get some oak logs.
2026-05-24 12:39:56 CDT [Client] DEBUG n.r.c.plugins.discord.DiscordState - Events: [DiscordState.EventWithTime(type=TRAINING_WOODCUTTING, start=2026-05-24T17:39:47.006508200Z, updated=2026-05-24T17:39:56.604554Z), DiscordState.EventWithTime(type=IN_GAME, start=2026-05-24T17:38:17.805038500Z, updated=2026-05-24T17:38:17.805038500Z)]
2026-05-24 12:39:57 CDT [Client] DEBUG injected-client - Chat message type GAMEMESSAGE: Congratulations, you've just advanced your Woodcutting level. You are now level 26.
2026-05-24 12:39:57 CDT [Client] DEBUG injected-client - Replacing archive 12/1049
2026-05-24 12:39:57 CDT [Client] DEBUG injected-client - Replacing archive 12/920
2026-05-24 12:39:57 CDT [Client] DEBUG injected-client - Replacing archive 12/223
2026-05-24 12:39:58 CDT [pool-2-thread-1] DEBUG net.runelite.client.Notifier - A screenshot was saved to C:\Users\stone\.runelite\screenshots\KCLBolus\Levels\Woodcutting(26) 2026-05-24_12-39-57.png
2026-05-24 12:40:01 CDT [pool-2-thread-1] DEBUG n.r.client.config.ConfigManager - Setting configuration value for xpTracker.rsprofile.E4M4xC0b.state to {"skills":{"FISHING":{"s":0,"br":0,"ar":10,"t":185831665},"WOODCUTTING":{"s":325,"br":0,"ar":8437,"t":185792502},"FIREMAKING":{"s":0,"br":0,"ar":120,"t":185782741},"COOKING":{"s":0,"br":0,"ar":70,"t":185777862},"MINING":{"s":0,"br":0,"ar":35,"t":185667734},"SMITHING":{"s":0,"br":0,"ar":18,"t":185653093},"ATTACK":{"s":88,"br":0,"ar":420,"t":185589531},"RANGED":{"s":0,"br":0,"ar":12,"t":185558870},"MAGIC":{"s":0,"br":0,"ar":9,"t":185419420},"HITPOINTS":{"s":1182,"br":0,"ar":133,"t":147221173},"PRAYER":{"s":0,"br":0,"ar":4,"t":138334597}},"compactViewSkills":[],"overall":{"s":1154,"br":0,"ar":9709,"t":185832888}}
2026-05-24 12:40:02 CDT [pool-2-thread-1] DEBUG n.r.client.config.ConfigManager - Saving profile $rsprofile (patch size: 2)
2026-05-24 12:40:04 CDT [Client] DEBUG n.r.client.plugins.gpu.GpuPlugin - Zone invalidated: wx=0 x=8 z=13
2026-05-24 12:40:04 CDT [Client] DEBUG n.r.client.plugins.gpu.GpuPlugin - Rebuilt zone wv=0 x=8 z=13
2026-05-24 12:40:12 CDT [Client] DEBUG n.r.client.plugins.gpu.GpuPlugin - Zone invalidated: wx=0 x=8 z=13
2026-05-24 12:40:12 CDT [Client] DEBUG n.r.client.plugins.gpu.GpuPlugin - Rebuilt zone wv=0 x=8 z=13
2026-05-24 12:40:40 CDT [Client] DEBUG n.r.client.plugins.gpu.GpuPlugin - Zone invalidated: wx=0 x=8 z=12
2026-05-24 12:40:40 CDT [Client] DEBUG n.r.client.plugins.gpu.GpuPlugin - Rebuilt zone wv=0 x=8 z=12
2026-05-24 12:40:48 CDT [Client] DEBUG n.r.client.plugins.gpu.GpuPlugin - Zone invalidated: wx=0 x=8 z=12
2026-05-24 12:40:48 CDT [Client] DEBUG n.r.client.plugins.gpu.GpuPlugin - Rebuilt zone wv=0 x=8 z=12
2026-05-24 12:41:01 CDT [pool-2-thread-1] DEBUG n.r.client.config.ConfigManager - Setting configuration value for xpTracker.rsprofile.E4M4xC0b.state to {"skills":{"FISHING":{"s":0,"br":0,"ar":10,"t":185892923},"WOODCUTTING":{"s":325,"br":0,"ar":8437,"t":185853760},"FIREMAKING":{"s":0,"br":0,"ar":120,"t":185843999},"COOKING":{"s":0,"br":0,"ar":70,"t":185839120},"MINING":{"s":0,"br":0,"ar":35,"t":185728992},"SMITHING":{"s":0,"br":0,"ar":18,"t":185714351},"ATTACK":{"s":88,"br":0,"ar":420,"t":185650789},"RANGED":{"s":0,"br":0,"ar":12,"t":185620128},"MAGIC":{"s":0,"br":0,"ar":9,"t":185480678},"HITPOINTS":{"s":1182,"br":0,"ar":133,"t":147282431},"PRAYER":{"s":0,"br":0,"ar":4,"t":138395855}},"compactViewSkills":[],"overall":{"s":1154,"br":0,"ar":9709,"t":185894146}}
2026-05-24 12:41:08 CDT [Client] DEBUG n.r.client.plugins.gpu.GpuPlugin - Zone invalidated: wx=0 x=12 z=11
2026-05-24 12:41:08 CDT [Client] DEBUG n.r.client.plugins.gpu.GpuPlugin - Rebuilt zone wv=0 x=12 z=11
2026-05-24 12:41:09 CDT [Client] DEBUG n.r.client.plugins.gpu.GpuPlugin - Zone invalidated: wx=0 x=12 z=11
2026-05-24 12:41:09 CDT [Client] DEBUG n.r.client.plugins.gpu.GpuPlugin - Rebuilt zone wv=0 x=12 z=11
2026-05-24 12:41:18 CDT [Client] DEBUG n.r.client.plugins.gpu.GpuPlugin - Zone invalidated: wx=0 x=8 z=13
2026-05-24 12:41:18 CDT [Client] DEBUG n.r.client.plugins.gpu.GpuPlugin - Rebuilt zone wv=0 x=8 z=13
2026-05-24 12:41:19 CDT [Client] DEBUG net.runelite.client.game.LootManager - Item despawn 1519 (1) location LocalPoint(x=3392, y=8000, worldView=0)
2026-05-24 12:41:20 CDT [Client] DEBUG net.runelite.client.game.LootManager - Item despawn 1519 (1) location LocalPoint(x=3392, y=8000, worldView=0)
2026-05-24 12:41:20 CDT [Client] DEBUG net.runelite.client.game.LootManager - Item despawn 1519 (1) location LocalPoint(x=3392, y=8000, worldView=0)
2026-05-24 12:41:21 CDT [Client] DEBUG net.runelite.client.game.LootManager - Item despawn 1519 (1) location LocalPoint(x=3392, y=8000, worldView=0)
2026-05-24 12:41:21 CDT [Client] DEBUG net.runelite.client.game.LootManager - Item despawn 1519 (1) location LocalPoint(x=3392, y=8000, worldView=0)
2026-05-24 12:41:22 CDT [Client] DEBUG net.runelite.client.game.LootManager - Item despawn 1519 (1) location LocalPoint(x=3392, y=8000, worldView=0)
2026-05-24 12:41:23 CDT [Client] DEBUG net.runelite.client.game.LootManager - Item despawn 1519 (1) location LocalPoint(x=3392, y=8000, worldView=0)
2026-05-24 12:41:23 CDT [Client] DEBUG net.runelite.client.game.LootManager - Item despawn 1519 (1) location LocalPoint(x=3392, y=8000, worldView=0)
2026-05-24 12:41:24 CDT [Client] DEBUG net.runelite.client.game.LootManager - Item despawn 1519 (1) location LocalPoint(x=3392, y=8000, worldView=0)
2026-05-24 12:41:24 CDT [Client] DEBUG net.runelite.client.game.LootManager - Item despawn 1519 (1) location LocalPoint(x=3392, y=8000, worldView=0)
2026-05-24 12:41:25 CDT [Client] DEBUG net.runelite.client.game.LootManager - Item despawn 1519 (1) location LocalPoint(x=3392, y=8000, worldView=0)
2026-05-24 12:41:26 CDT [Client] DEBUG net.runelite.client.game.LootManager - Item despawn 1519 (1) location LocalPoint(x=3392, y=8000, worldView=0)
2026-05-24 12:41:26 CDT [Client] DEBUG net.runelite.client.game.LootManager - Item despawn 1519 (1) location LocalPoint(x=3392, y=8000, worldView=0)
2026-05-24 12:41:27 CDT [Client] DEBUG net.runelite.client.game.LootManager - Item despawn 1519 (1) location LocalPoint(x=3392, y=8000, worldView=0)
2026-05-24 12:41:27 CDT [Client] DEBUG n.r.client.plugins.gpu.GpuPlugin - Zone invalidated: wx=0 x=8 z=13
2026-05-24 12:41:27 CDT [Client] DEBUG n.r.client.plugins.gpu.GpuPlugin - Rebuilt zone wv=0 x=8 z=13
2026-05-24 12:41:27 CDT [Client] DEBUG net.runelite.client.game.LootManager - Item despawn 1519 (1) location LocalPoint(x=3392, y=8000, worldView=0)
2026-05-24 12:41:28 CDT [Client] DEBUG net.runelite.client.game.LootManager - Item despawn 1519 (1) location LocalPoint(x=3392, y=8000, worldView=0)
2026-05-24 12:41:29 CDT [Client] DEBUG net.runelite.client.game.LootManager - Item despawn 1519 (1) location LocalPoint(x=3392, y=8000, worldView=0)
2026-05-24 12:41:29 CDT [Client] DEBUG net.runelite.client.game.LootManager - Item despawn 1519 (1) location LocalPoint(x=3392, y=8000, worldView=0)
2026-05-24 12:41:30 CDT [Client] DEBUG net.runelite.client.game.LootManager - Item despawn 1519 (1) location LocalPoint(x=3392, y=8000, worldView=0)
2026-05-24 12:41:30 CDT [Client] DEBUG net.runelite.client.game.LootManager - Item despawn 1519 (1) location LocalPoint(x=3392, y=8000, worldView=0)
2026-05-24 12:41:31 CDT [Client] DEBUG net.runelite.client.game.LootManager - Item despawn 1519 (1) location LocalPoint(x=3392, y=8000, worldView=0)
2026-05-24 12:41:32 CDT [Client] DEBUG net.runelite.client.game.LootManager - Item despawn 1519 (1) location LocalPoint(x=3392, y=8000, worldView=0)
2026-05-24 12:41:32 CDT [Client] DEBUG net.runelite.client.game.LootManager - Item despawn 1519 (1) location LocalPoint(x=3392, y=8000, worldView=0)
2026-05-24 12:41:33 CDT [Client] DEBUG net.runelite.client.game.LootManager - Item despawn 1519 (1) location LocalPoint(x=3392, y=8000, worldView=0)
2026-05-24 12:41:33 CDT [Client] DEBUG n.r.client.plugins.gpu.GpuPlugin - Zone invalidated: wx=0 x=8 z=9
2026-05-24 12:41:33 CDT [Client] DEBUG n.r.client.plugins.gpu.GpuPlugin - Rebuilt zone wv=0 x=8 z=9
2026-05-24 12:41:34 CDT [Client] DEBUG net.runelite.client.game.LootManager - Item despawn 1519 (1) location LocalPoint(x=3392, y=8000, worldView=0)
2026-05-24 12:41:35 CDT [Client] DEBUG net.runelite.client.game.LootManager - Item despawn 1519 (1) location LocalPoint(x=3392, y=8000, worldView=0)
2026-05-24 12:41:35 CDT [Client] DEBUG net.runelite.client.game.LootManager - Item despawn 1519 (1) location LocalPoint(x=3392, y=8000, worldView=0)
2026-05-24 12:41:42 CDT [Client] DEBUG n.r.client.plugins.gpu.GpuPlugin - Zone invalidated: wx=0 x=9 z=10
2026-05-24 12:41:42 CDT [Client] DEBUG n.r.client.plugins.gpu.GpuPlugin - Zone invalidated: wx=0 x=9 z=9
2026-05-24 12:41:42 CDT [Client] DEBUG n.r.client.plugins.gpu.GpuPlugin - Rebuilt zone wv=0 x=9 z=9
2026-05-24 12:41:42 CDT [Client] DEBUG n.r.client.plugins.gpu.GpuPlugin - Rebuilt zone wv=0 x=9 z=10
2026-05-24 12:41:56 CDT [Client] DEBUG n.r.client.plugins.gpu.GpuPlugin - Zone invalidated: wx=0 x=12 z=11
2026-05-24 12:41:56 CDT [Client] DEBUG n.r.client.plugins.gpu.GpuPlugin - Rebuilt zone wv=0 x=12 z=11
2026-05-24 12:41:57 CDT [Client] DEBUG n.r.client.plugins.gpu.GpuPlugin - Zone invalidated: wx=0 x=12 z=11
2026-05-24 12:41:57 CDT [Client] DEBUG n.r.client.plugins.gpu.GpuPlugin - Rebuilt zone wv=0 x=12 z=11
2026-05-24 12:41:59 CDT [Client] DEBUG net.runelite.client.game.LootManager - Item spawn 1519 (1) location LocalPoint(x=3392, y=8640, worldView=0)
2026-05-24 12:41:59 CDT [Client] DEBUG net.runelite.client.game.LootManager - Item spawn 1519 (1) location LocalPoint(x=3392, y=8640, worldView=0)
2026-05-24 12:42:00 CDT [Client] DEBUG net.runelite.client.game.LootManager - Item spawn 1519 (1) location LocalPoint(x=3392, y=8640, worldView=0)
2026-05-24 12:42:00 CDT [Client] DEBUG net.runelite.client.game.LootManager - Item spawn 1519 (1) location LocalPoint(x=3392, y=8640, worldView=0)
2026-05-24 12:42:01 CDT [pool-2-thread-1] DEBUG n.r.client.config.ConfigManager - Setting configuration value for xpTracker.rsprofile.E4M4xC0b.state to {"skills":{"FISHING":{"s":0,"br":0,"ar":10,"t":185953022},"WOODCUTTING":{"s":325,"br":0,"ar":8437,"t":185913859},"FIREMAKING":{"s":0,"br":0,"ar":120,"t":185904098},"COOKING":{"s":0,"br":0,"ar":70,"t":185899219},"MINING":{"s":0,"br":0,"ar":35,"t":185789091},"SMITHING":{"s":0,"br":0,"ar":18,"t":185774450},"ATTACK":{"s":88,"br":0,"ar":420,"t":185710888},"RANGED":{"s":0,"br":0,"ar":12,"t":185680227},"MAGIC":{"s":0,"br":0,"ar":9,"t":185540777},"HITPOINTS":{"s":1182,"br":0,"ar":133,"t":147342530},"PRAYER":{"s":0,"br":0,"ar":4,"t":138455954}},"compactViewSkills":[],"overall":{"s":1154,"br":0,"ar":9709,"t":185954245}}
2026-05-24 12:42:01 CDT [Client] DEBUG net.runelite.client.game.LootManager - Item spawn 1519 (1) location LocalPoint(x=3392, y=8640, worldView=0)
2026-05-24 12:42:02 CDT [Client] DEBUG net.runelite.client.game.LootManager - Item spawn 1519 (1) location LocalPoint(x=3392, y=8640, worldView=0)
2026-05-24 12:42:02 CDT [Client] DEBUG n.r.client.plugins.gpu.GpuPlugin - Zone invalidated: wx=0 x=8 z=12
2026-05-24 12:42:02 CDT [Client] DEBUG n.r.client.plugins.gpu.GpuPlugin - Rebuilt zone wv=0 x=8 z=12
2026-05-24 12:42:02 CDT [Client] DEBUG net.runelite.client.game.LootManager - Item spawn 1519 (1) location LocalPoint(x=3392, y=8640, worldView=0)
2026-05-24 12:42:03 CDT [Client] DEBUG net.runelite.client.game.LootManager - Item spawn 1519 (1) location LocalPoint(x=3392, y=8640, worldView=0)
2026-05-24 12:42:03 CDT [Client] DEBUG net.runelite.client.game.LootManager - Item spawn 1519 (1) location LocalPoint(x=3392, y=8640, worldView=0)
2026-05-24 12:42:04 CDT [Client] DEBUG net.runelite.client.game.LootManager - Item spawn 1519 (1) location LocalPoint(x=3392, y=8640, worldView=0)
2026-05-24 12:42:05 CDT [Client] DEBUG net.runelite.client.game.LootManager - Item spawn 1519 (1) location LocalPoint(x=3392, y=8640, worldView=0)
2026-05-24 12:42:06 CDT [Client] DEBUG net.runelite.client.game.LootManager - Item spawn 1519 (1) location LocalPoint(x=3392, y=8640, worldView=0)
2026-05-24 12:42:06 CDT [Client] DEBUG net.runelite.client.game.LootManager - Item spawn 1519 (1) location LocalPoint(x=3392, y=8640, worldView=0)
2026-05-24 12:42:07 CDT [Client] DEBUG net.runelite.client.game.LootManager - Item spawn 1519 (1) location LocalPoint(x=3392, y=8640, worldView=0)
2026-05-24 12:42:07 CDT [Client] DEBUG net.runelite.client.game.LootManager - Item spawn 1519 (1) location LocalPoint(x=3392, y=8640, worldView=0)
2026-05-24 12:42:08 CDT [Client] DEBUG net.runelite.client.game.LootManager - Item spawn 1519 (1) location LocalPoint(x=3392, y=8640, worldView=0)
2026-05-24 12:42:09 CDT [Client] DEBUG net.runelite.client.game.LootManager - Item spawn 1519 (1) location LocalPoint(x=3392, y=8640, worldView=0)
2026-05-24 12:42:09 CDT [Client] DEBUG net.runelite.client.game.LootManager - Item spawn 1519 (1) location LocalPoint(x=3392, y=8640, worldView=0)
2026-05-24 12:42:10 CDT [Client] DEBUG net.runelite.client.game.LootManager - Item spawn 1519 (1) location LocalPoint(x=3392, y=8640, worldView=0)
2026-05-24 12:42:10 CDT [Client] DEBUG n.r.client.plugins.gpu.GpuPlugin - Zone invalidated: wx=0 x=8 z=12
2026-05-24 12:42:10 CDT [Client] DEBUG n.r.client.plugins.gpu.GpuPlugin - Rebuilt zone wv=0 x=8 z=12
2026-05-24 12:42:11 CDT [Client] DEBUG net.runelite.client.game.LootManager - Item spawn 1519 (1) location LocalPoint(x=3392, y=8640, worldView=0)
2026-05-24 12:42:11 CDT [Client] DEBUG net.runelite.client.game.LootManager - Item spawn 1519 (1) location LocalPoint(x=3392, y=8640, worldView=0)
2026-05-24 12:42:12 CDT [Client] DEBUG net.runelite.client.game.LootManager - Item spawn 1519 (1) location LocalPoint(x=3392, y=8640, worldView=0)
2026-05-24 12:42:13 CDT [Client] DEBUG net.runelite.client.game.LootManager - Item spawn 1519 (1) location LocalPoint(x=3392, y=8640, worldView=0)
2026-05-24 12:42:14 CDT [Client] DEBUG net.runelite.client.game.LootManager - Item spawn 1519 (1) location LocalPoint(x=3392, y=8640, worldView=0)
2026-05-24 12:42:14 CDT [Client] DEBUG net.runelite.client.game.LootManager - Item spawn 1519 (1) location LocalPoint(x=3392, y=8640, worldView=0)
2026-05-24 12:42:15 CDT [Client] DEBUG net.runelite.client.game.LootManager - Item spawn 1519 (1) location LocalPoint(x=3392, y=8640, worldView=0)
2026-05-24 12:42:15 CDT [Client] DEBUG net.runelite.client.game.LootManager - Item spawn 1519 (1) location LocalPoint(x=3392, y=8640, worldView=0)
2026-05-24 12:42:35 CDT [Client] DEBUG n.r.client.plugins.gpu.GpuPlugin - Zone invalidated: wx=0 x=8 z=13
2026-05-24 12:42:35 CDT [Client] DEBUG n.r.client.plugins.gpu.GpuPlugin - Rebuilt zone wv=0 x=8 z=13
2026-05-24 12:42:44 CDT [Client] DEBUG n.r.client.plugins.gpu.GpuPlugin - Zone invalidated: wx=0 x=8 z=13
2026-05-24 12:42:44 CDT [Client] DEBUG n.r.client.plugins.gpu.GpuPlugin - Rebuilt zone wv=0 x=8 z=13
2026-05-24 12:42:58 CDT [Client] DEBUG net.runelite.client.game.LootManager - Item spawn 2347 (1) location LocalPoint(x=5824, y=6592, worldView=0)
2026-05-24 12:43:01 CDT [pool-2-thread-1] DEBUG n.r.client.config.ConfigManager - Setting configuration value for xpTracker.rsprofile.E4M4xC0b.state to {"skills":{"FISHING":{"s":0,"br":0,"ar":10,"t":186013082},"WOODCUTTING":{"s":325,"br":0,"ar":8437,"t":185973919},"FIREMAKING":{"s":0,"br":0,"ar":120,"t":185964158},"COOKING":{"s":0,"br":0,"ar":70,"t":185959279},"MINING":{"s":0,"br":0,"ar":35,"t":185849151},"SMITHING":{"s":0,"br":0,"ar":18,"t":185834510},"ATTACK":{"s":88,"br":0,"ar":420,"t":185770948},"RANGED":{"s":0,"br":0,"ar":12,"t":185740287},"MAGIC":{"s":0,"br":0,"ar":9,"t":185600837},"HITPOINTS":{"s":1182,"br":0,"ar":133,"t":147402590},"PRAYER":{"s":0,"br":0,"ar":4,"t":138516014}},"compactViewSkills":[],"overall":{"s":1154,"br":0,"ar":9709,"t":186014305}}
2026-05-24 12:43:01 CDT [OkHttp https://crowdsource.runescape.wiki/...] DEBUG n.r.c.p.c.CrowdsourcingManager - Successfully sent crowdsourcing data
2026-05-24 12:43:03 CDT [Client] DEBUG injected-client - Chat message type SPAM: You swing your axe at the tree.
2026-05-24 12:43:12 CDT [Client] DEBUG injected-client - Chat message type SPAM: You get some oak logs.
2026-05-24 12:43:12 CDT [Client] DEBUG n.r.c.plugins.discord.DiscordState - Events: [DiscordState.EventWithTime(type=TRAINING_WOODCUTTING, start=2026-05-24T17:39:47.006508200Z, updated=2026-05-24T17:43:12.245912200Z), DiscordState.EventWithTime(type=IN_GAME, start=2026-05-24T17:38:17.805038500Z, updated=2026-05-24T17:38:17.805038500Z)]
2026-05-24 12:43:13 CDT [Client] DEBUG injected-client - Chat message type SPAM: You swing your axe at the tree.
2026-05-24 12:43:15 CDT [Client] DEBUG n.r.client.plugins.gpu.GpuPlugin - Zone invalidated: wx=0 x=8 z=12
2026-05-24 12:43:15 CDT [Client] DEBUG n.r.client.plugins.gpu.GpuPlugin - Rebuilt zone wv=0 x=8 z=12
2026-05-24 12:43:24 CDT [Client] DEBUG n.r.client.plugins.gpu.GpuPlugin - Zone invalidated: wx=0 x=8 z=12
2026-05-24 12:43:24 CDT [Client] DEBUG n.r.client.plugins.gpu.GpuPlugin - Rebuilt zone wv=0 x=8 z=12
2026-05-24 12:43:24 CDT [Client] DEBUG n.r.client.config.ConfigManager - Setting configuration value for timetracking.rsprofile.E4M4xC0b.12594.4771 to 0:1779644604
2026-05-24 12:43:38 CDT [Client] DEBUG injected-client - Chat message type SPAM: You get some oak logs.
2026-05-24 12:43:38 CDT [Client] DEBUG n.r.c.plugins.discord.DiscordState - Events: [DiscordState.EventWithTime(type=TRAINING_WOODCUTTING, start=2026-05-24T17:39:47.006508200Z, updated=2026-05-24T17:43:38.626205200Z), DiscordState.EventWithTime(type=IN_GAME, start=2026-05-24T17:38:17.805038500Z, updated=2026-05-24T17:38:17.805038500Z)]
2026-05-24 12:43:38 CDT [Client] DEBUG n.r.client.plugins.gpu.GpuPlugin - Zone invalidated: wx=0 x=11 z=10
2026-05-24 12:43:38 CDT [Client] DEBUG n.r.client.plugins.gpu.GpuPlugin - Rebuilt zone wv=0 x=11 z=10
2026-05-24 12:43:41 CDT [Client] DEBUG n.r.c.p.t.farming.FarmingTracker - New region loaded. [Al Kharid] at 538 ticks
2026-05-24 12:43:41 CDT [Client] DEBUG n.r.client.config.ConfigManager - Setting configuration value for timetracking.rsprofile.E4M4xC0b.13106.4771 to 0:1779644621
2026-05-24 12:43:41 CDT [Client] DEBUG injected-client - Chat message type SPAM: You swing your axe at the tree.
2026-05-24 12:43:45 CDT [Client] DEBUG injected-client - Chat message type SPAM: You get some logs.
2026-05-24 12:43:45 CDT [Client] DEBUG n.r.c.plugins.discord.DiscordState - Events: [DiscordState.EventWithTime(type=TRAINING_WOODCUTTING, start=2026-05-24T17:39:47.006508200Z, updated=2026-05-24T17:43:45.245752200Z), DiscordState.EventWithTime(type=IN_GAME, start=2026-05-24T17:38:17.805038500Z, updated=2026-05-24T17:38:17.805038500Z)]
2026-05-24 12:43:45 CDT [Client] DEBUG n.r.client.plugins.gpu.GpuPlugin - Zone invalidated: wx=0 x=12 z=11
2026-05-24 12:43:45 CDT [Client] DEBUG n.r.client.plugins.gpu.GpuPlugin - Rebuilt zone wv=0 x=12 z=11
2026-05-24 12:43:47 CDT [Client] DEBUG n.r.client.plugins.gpu.GpuPlugin - Zone invalidated: wx=0 x=11 z=10
2026-05-24 12:43:47 CDT [Client] DEBUG n.r.client.plugins.gpu.GpuPlugin - Rebuilt zone wv=0 x=11 z=10
2026-05-24 12:43:48 CDT [Client] DEBUG injected-client - Chat message type SPAM: You swing your axe at the tree.
2026-05-24 12:43:50 CDT [Client] DEBUG injected-client - Chat message type SPAM: You get some logs.
2026-05-24 12:43:50 CDT [Client] DEBUG n.r.c.plugins.discord.DiscordState - Events: [DiscordState.EventWithTime(type=TRAINING_WOODCUTTING, start=2026-05-24T17:39:47.006508200Z, updated=2026-05-24T17:43:50.049872100Z), DiscordState.EventWithTime(type=IN_GAME, start=2026-05-24T17:38:17.805038500Z, updated=2026-05-24T17:38:17.805038500Z)]
2026-05-24 12:43:50 CDT [Client] DEBUG n.r.client.plugins.gpu.GpuPlugin - Zone invalidated: wx=0 x=12 z=11
2026-05-24 12:43:50 CDT [Client] DEBUG n.r.client.plugins.gpu.GpuPlugin - Rebuilt zone wv=0 x=12 z=11
2026-05-24 12:43:52 CDT [pool-2-thread-1] DEBUG n.runelite.client.game.WorldService - Fetching worlds
2026-05-24 12:43:52 CDT [pool-2-thread-1] DEBUG net.runelite.client.game.WorldClient - Built URI: https://api.runelite.net/runelite-1.12.26.3/worlds.js
2026-05-24 12:43:54 CDT [Client] DEBUG injected-client - Chat message type SPAM: You swing your axe at the tree.
2026-05-24 12:43:55 CDT [Client] DEBUG injected-client - Chat message type SPAM: You get some logs.
2026-05-24 12:43:55 CDT [Client] DEBUG n.r.c.plugins.discord.DiscordState - Events: [DiscordState.EventWithTime(type=TRAINING_WOODCUTTING, start=2026-05-24T17:39:47.006508200Z, updated=2026-05-24T17:43:55.425783700Z), DiscordState.EventWithTime(type=IN_GAME, start=2026-05-24T17:38:17.805038500Z, updated=2026-05-24T17:38:17.805038500Z)]
2026-05-24 12:43:55 CDT [Client] DEBUG n.r.client.plugins.gpu.GpuPlugin - Zone invalidated: wx=0 x=12 z=12
2026-05-24 12:43:55 CDT [Client] DEBUG n.r.client.plugins.gpu.GpuPlugin - Rebuilt zone wv=0 x=12 z=12
2026-05-24 12:43:58 CDT [Client] DEBUG net.runelite.client.game.LootManager - Item despawn 2347 (1) location LocalPoint(x=5824, y=6592, worldView=0)
2026-05-24 12:43:58 CDT [Client] DEBUG net.runelite.client.game.LootManager - Item despawn 1519 (1) location LocalPoint(x=3392, y=8640, worldView=0)
2026-05-24 12:43:58 CDT [Client] DEBUG net.runelite.client.game.LootManager - Item despawn 1519 (1) location LocalPoint(x=3392, y=8640, worldView=0)
2026-05-24 12:43:58 CDT [Client] DEBUG net.runelite.client.game.LootManager - Item despawn 1519 (1) location LocalPoint(x=3392, y=8640, worldView=0)
2026-05-24 12:43:58 CDT [Client] DEBUG net.runelite.client.game.LootManager - Item despawn 1519 (1) location LocalPoint(x=3392, y=8640, worldView=0)
2026-05-24 12:43:58 CDT [Client] DEBUG net.runelite.client.game.LootManager - Item despawn 1519 (1) location LocalPoint(x=3392, y=8640, worldView=0)
2026-05-24 12:43:58 CDT [Client] DEBUG net.runelite.client.game.LootManager - Item despawn 1519 (1) location LocalPoint(x=3392, y=8640, worldView=0)
2026-05-24 12:43:58 CDT [Client] DEBUG net.runelite.client.game.LootManager - Item despawn 1519 (1) location LocalPoint(x=3392, y=8640, worldView=0)
2026-05-24 12:43:58 CDT [Client] DEBUG net.runelite.client.game.LootManager - Item despawn 1519 (1) location LocalPoint(x=3392, y=8640, worldView=0)
2026-05-24 12:43:58 CDT [Client] DEBUG net.runelite.client.game.LootManager - Item despawn 1519 (1) location LocalPoint(x=3392, y=8640, worldView=0)
2026-05-24 12:43:58 CDT [Client] DEBUG net.runelite.client.game.LootManager - Item despawn 1519 (1) location LocalPoint(x=3392, y=8640, worldView=0)
2026-05-24 12:43:58 CDT [Client] DEBUG net.runelite.client.game.LootManager - Item despawn 1519 (1) location LocalPoint(x=3392, y=8640, worldView=0)
2026-05-24 12:43:58 CDT [Client] DEBUG net.runelite.client.game.LootManager - Item despawn 1519 (1) location LocalPoint(x=3392, y=8640, worldView=0)
2026-05-24 12:43:58 CDT [Client] DEBUG net.runelite.client.game.LootManager - Item despawn 1519 (1) location LocalPoint(x=3392, y=8640, worldView=0)
2026-05-24 12:43:58 CDT [Client] DEBUG net.runelite.client.game.LootManager - Item despawn 1519 (1) location LocalPoint(x=3392, y=8640, worldView=0)
2026-05-24 12:43:58 CDT [Client] DEBUG net.runelite.client.game.LootManager - Item despawn 1519 (1) location LocalPoint(x=3392, y=8640, worldView=0)
2026-05-24 12:43:58 CDT [Client] DEBUG net.runelite.client.game.LootManager - Item despawn 1519 (1) location LocalPoint(x=3392, y=8640, worldView=0)
2026-05-24 12:43:58 CDT [Client] DEBUG net.runelite.client.game.LootManager - Item despawn 1519 (1) location LocalPoint(x=3392, y=8640, worldView=0)
2026-05-24 12:43:58 CDT [Client] DEBUG net.runelite.client.game.LootManager - Item despawn 1519 (1) location LocalPoint(x=3392, y=8640, worldView=0)
2026-05-24 12:43:58 CDT [Client] DEBUG net.runelite.client.game.LootManager - Item despawn 1519 (1) location LocalPoint(x=3392, y=8640, worldView=0)
2026-05-24 12:43:58 CDT [Client] DEBUG net.runelite.client.game.LootManager - Item despawn 1519 (1) location LocalPoint(x=3392, y=8640, worldView=0)
2026-05-24 12:43:58 CDT [Client] DEBUG net.runelite.client.game.LootManager - Item despawn 1519 (1) location LocalPoint(x=3392, y=8640, worldView=0)
2026-05-24 12:43:58 CDT [Client] DEBUG net.runelite.client.game.LootManager - Item despawn 1519 (1) location LocalPoint(x=3392, y=8640, worldView=0)
2026-05-24 12:43:58 CDT [Client] DEBUG net.runelite.client.game.LootManager - Item despawn 1519 (1) location LocalPoint(x=3392, y=8640, worldView=0)
2026-05-24 12:43:58 CDT [Client] DEBUG net.runelite.client.game.LootManager - Item despawn 1519 (1) location LocalPoint(x=3392, y=8640, worldView=0)
2026-05-24 12:43:58 CDT [Client] DEBUG net.runelite.client.game.LootManager - Item despawn 1519 (1) location LocalPoint(x=3392, y=8640, worldView=0)
2026-05-24 12:43:58 CDT [Client] DEBUG net.runelite.client.game.LootManager - Item despawn 1519 (1) location LocalPoint(x=3392, y=8640, worldView=0)
2026-05-24 12:43:58 CDT [Client] DEBUG net.runelite.client.game.LootManager - Item despawn 1519 (1) location LocalPoint(x=3392, y=8640, worldView=0)
2026-05-24 12:43:58 CDT [Client] DEBUG net.runelite.client.game.LootManager - Item spawn 1519 (1) location LocalPoint(x=3392, y=8640, worldView=0)
2026-05-24 12:43:58 CDT [Client] DEBUG net.runelite.client.game.LootManager - Item spawn 1519 (1) location LocalPoint(x=3392, y=8640, worldView=0)
2026-05-24 12:43:58 CDT [Client] DEBUG net.runelite.client.game.LootManager - Item spawn 1519 (1) location LocalPoint(x=3392, y=8640, worldView=0)
2026-05-24 12:43:58 CDT [Client] DEBUG net.runelite.client.game.LootManager - Item spawn 1519 (1) location LocalPoint(x=3392, y=8640, worldView=0)
2026-05-24 12:43:58 CDT [Client] DEBUG net.runelite.client.game.LootManager - Item spawn 1519 (1) location LocalPoint(x=3392, y=8640, worldView=0)
2026-05-24 12:43:58 CDT [Client] DEBUG net.runelite.client.game.LootManager - Item spawn 1519 (1) location LocalPoint(x=3392, y=8640, worldView=0)
2026-05-24 12:43:58 CDT [Client] DEBUG net.runelite.client.game.LootManager - Item spawn 1519 (1) location LocalPoint(x=3392, y=8640, worldView=0)
2026-05-24 12:43:58 CDT [Client] DEBUG net.runelite.client.game.LootManager - Item spawn 1519 (1) location LocalPoint(x=3392, y=8640, worldView=0)
2026-05-24 12:43:58 CDT [Client] DEBUG net.runelite.client.game.LootManager - Item spawn 1519 (1) location LocalPoint(x=3392, y=8640, worldView=0)
2026-05-24 12:43:58 CDT [Client] DEBUG net.runelite.client.game.LootManager - Item spawn 1519 (1) location LocalPoint(x=3392, y=8640, worldView=0)
2026-05-24 12:43:58 CDT [Client] DEBUG net.runelite.client.game.LootManager - Item spawn 1519 (1) location LocalPoint(x=3392, y=8640, worldView=0)
2026-05-24 12:43:58 CDT [Client] DEBUG net.runelite.client.game.LootManager - Item spawn 1519 (1) location LocalPoint(x=3392, y=8640, worldView=0)
2026-05-24 12:43:58 CDT [Client] DEBUG net.runelite.client.game.LootManager - Item spawn 1519 (1) location LocalPoint(x=3392, y=8640, worldView=0)
2026-05-24 12:43:58 CDT [Client] DEBUG net.runelite.client.game.LootManager - Item spawn 1519 (1) location LocalPoint(x=3392, y=8640, worldView=0)
2026-05-24 12:43:58 CDT [Client] DEBUG net.runelite.client.game.LootManager - Item spawn 1519 (1) location LocalPoint(x=3392, y=8640, worldView=0)
2026-05-24 12:43:58 CDT [Client] DEBUG net.runelite.client.game.LootManager - Item spawn 1519 (1) location LocalPoint(x=3392, y=8640, worldView=0)
2026-05-24 12:43:58 CDT [Client] DEBUG net.runelite.client.game.LootManager - Item spawn 1519 (1) location LocalPoint(x=3392, y=8640, worldView=0)
2026-05-24 12:43:58 CDT [Client] DEBUG net.runelite.client.game.LootManager - Item spawn 1519 (1) location LocalPoint(x=3392, y=8640, worldView=0)
2026-05-24 12:43:58 CDT [Client] DEBUG net.runelite.client.game.LootManager - Item spawn 1519 (1) location LocalPoint(x=3392, y=8640, worldView=0)
2026-05-24 12:43:58 CDT [Client] DEBUG net.runelite.client.game.LootManager - Item spawn 1519 (1) location LocalPoint(x=3392, y=8640, worldView=0)
2026-05-24 12:43:58 CDT [Client] DEBUG net.runelite.client.game.LootManager - Item spawn 1519 (1) location LocalPoint(x=3392, y=8640, worldView=0)
2026-05-24 12:43:58 CDT [Client] DEBUG net.runelite.client.game.LootManager - Item spawn 1519 (1) location LocalPoint(x=3392, y=8640, worldView=0)
2026-05-24 12:43:58 CDT [Client] DEBUG net.runelite.client.game.LootManager - Item spawn 1519 (1) location LocalPoint(x=3392, y=8640, worldView=0)
2026-05-24 12:43:58 CDT [Client] DEBUG net.runelite.client.game.LootManager - Item spawn 1519 (1) location LocalPoint(x=3392, y=8640, worldView=0)
2026-05-24 12:43:58 CDT [Client] DEBUG net.runelite.client.game.LootManager - Item spawn 1519 (1) location LocalPoint(x=3392, y=8640, worldView=0)
2026-05-24 12:43:58 CDT [Client] DEBUG net.runelite.client.game.LootManager - Item spawn 1519 (1) location LocalPoint(x=3392, y=8640, worldView=0)
2026-05-24 12:43:58 CDT [Client] DEBUG net.runelite.client.game.LootManager - Item spawn 1519 (1) location LocalPoint(x=3392, y=8640, worldView=0)
2026-05-24 12:43:58 CDT [Client] DEBUG n.r.client.plugins.gpu.GpuPlugin - Zone invalidated: wx=0 x=10 z=16
2026-05-24 12:43:58 CDT [Client] DEBUG n.r.client.plugins.gpu.GpuPlugin - Zone invalidated: wx=0 x=8 z=13
2026-05-24 12:43:58 CDT [Client] DEBUG n.r.client.plugins.gpu.GpuPlugin - Rebuilt zone wv=0 x=8 z=13
2026-05-24 12:43:58 CDT [Client] DEBUG n.r.client.plugins.gpu.GpuPlugin - Rebuilt zone wv=0 x=10 z=16
2026-05-24 12:43:59 CDT [Client] DEBUG net.runelite.client.game.LootManager - Item despawn 1519 (1) location LocalPoint(x=3392, y=8640, worldView=0)
2026-05-24 12:43:59 CDT [Client] DEBUG n.r.c.p.t.farming.FarmingTracker - New region loaded. [Lumbridge] at 568 ticks
2026-05-24 12:43:59 CDT [Client] DEBUG injected-client - Chat message type SPAM: You swing your axe at the tree.
2026-05-24 12:43:59 CDT [Client] DEBUG net.runelite.client.game.LootManager - Item despawn 1519 (1) location LocalPoint(x=3392, y=8640, worldView=0)
2026-05-24 12:44:00 CDT [Client] DEBUG net.runelite.client.game.LootManager - Item despawn 1519 (1) location LocalPoint(x=3392, y=8640, worldView=0)
2026-05-24 12:44:00 CDT [Client] DEBUG net.runelite.client.game.LootManager - Item despawn 1519 (1) location LocalPoint(x=3392, y=8640, worldView=0)
2026-05-24 12:44:01 CDT [Client] DEBUG net.runelite.client.game.LootManager - Item despawn 1519 (1) location LocalPoint(x=3392, y=8640, worldView=0)
2026-05-24 12:44:01 CDT [pool-2-thread-1] DEBUG n.r.client.config.ConfigManager - Setting configuration value for xpTracker.rsprofile.E4M4xC0b.state to {"skills":{"FISHING":{"s":0,"br":0,"ar":10,"t":186073043},"WOODCUTTING":{"s":325,"br":0,"ar":8587,"t":186033880},"FIREMAKING":{"s":0,"br":0,"ar":120,"t":186024119},"COOKING":{"s":0,"br":0,"ar":70,"t":186019240},"MINING":{"s":0,"br":0,"ar":35,"t":185909112},"SMITHING":{"s":0,"br":0,"ar":18,"t":185894471},"ATTACK":{"s":88,"br":0,"ar":420,"t":185830909},"RANGED":{"s":0,"br":0,"ar":12,"t":185800248},"MAGIC":{"s":0,"br":0,"ar":9,"t":185660798},"HITPOINTS":{"s":1182,"br":0,"ar":133,"t":147462551},"PRAYER":{"s":0,"br":0,"ar":4,"t":138575975}},"compactViewSkills":[],"overall":{"s":1154,"br":0,"ar":9859,"t":186074266}}
2026-05-24 12:44:02 CDT [Client] DEBUG net.runelite.client.game.LootManager - Item spawn 526 (1) location LocalPoint(x=6592, y=12224, worldView=0)
2026-05-24 12:44:02 CDT [Client] DEBUG net.runelite.client.game.LootManager - Item spawn 2132 (1) location LocalPoint(x=6592, y=12224, worldView=0)
2026-05-24 12:44:02 CDT [Client] DEBUG net.runelite.client.game.LootManager - Item spawn 1739 (1) location LocalPoint(x=6592, y=12224, worldView=0)
2026-05-24 12:44:02 CDT [Client] DEBUG net.runelite.client.game.LootManager - Item despawn 1519 (1) location LocalPoint(x=3392, y=8640, worldView=0)
2026-05-24 12:44:02 CDT [Client] DEBUG net.runelite.client.game.LootManager - Item despawn 1519 (1) location LocalPoint(x=3392, y=8640, worldView=0)
2026-05-24 12:44:02 CDT [Client] DEBUG n.r.client.plugins.gpu.GpuPlugin - Zone invalidated: wx=0 x=8 z=13
2026-05-24 12:44:02 CDT [Client] DEBUG n.r.client.plugins.gpu.GpuPlugin - Rebuilt zone wv=0 x=8 z=13
2026-05-24 12:44:03 CDT [Client] DEBUG net.runelite.client.game.LootManager - Item despawn 1519 (1) location LocalPoint(x=3392, y=8640, worldView=0)
2026-05-24 12:44:03 CDT [Client] DEBUG net.runelite.client.game.LootManager - Item despawn 1519 (1) location LocalPoint(x=3392, y=8640, worldView=0)
2026-05-24 12:44:04 CDT [Client] DEBUG net.runelite.client.game.LootManager - Item despawn 1519 (1) location LocalPoint(x=3392, y=8640, worldView=0)
2026-05-24 12:44:05 CDT [Client] DEBUG net.runelite.client.game.LootManager - Item despawn 1519 (1) location LocalPoint(x=3392, y=8640, worldView=0)
2026-05-24 12:44:05 CDT [Client] DEBUG injected-client - Chat message type SPAM: You get some logs.
2026-05-24 12:44:05 CDT [Client] DEBUG n.r.c.plugins.discord.DiscordState - Events: [DiscordState.EventWithTime(type=TRAINING_WOODCUTTING, start=2026-05-24T17:39:47.006508200Z, updated=2026-05-24T17:44:05.629202400Z), DiscordState.EventWithTime(type=IN_GAME, start=2026-05-24T17:38:17.805038500Z, updated=2026-05-24T17:38:17.805038500Z)]
2026-05-24 12:44:05 CDT [Client] DEBUG n.r.client.plugins.gpu.GpuPlugin - Zone invalidated: wx=0 x=11 z=13
2026-05-24 12:44:05 CDT [Client] DEBUG n.r.client.plugins.gpu.GpuPlugin - Rebuilt zone wv=0 x=11 z=13
2026-05-24 12:44:06 CDT [Client] DEBUG net.runelite.client.game.LootManager - Item despawn 1519 (1) location LocalPoint(x=3392, y=8640, worldView=0)
2026-05-24 12:44:06 CDT [Client] DEBUG net.runelite.client.game.LootManager - Item despawn 1519 (1) location LocalPoint(x=3392, y=8640, worldView=0)
2026-05-24 12:44:06 CDT [Client] DEBUG n.r.client.plugins.gpu.VAOList - Allocated VAO 606 request 118152
2026-05-24 12:44:07 CDT [Client] DEBUG net.runelite.client.game.LootManager - Item despawn 1519 (1) location LocalPoint(x=3392, y=8640, worldView=0)
2026-05-24 12:44:07 CDT [Client] DEBUG net.runelite.client.game.LootManager - Item despawn 1519 (1) location LocalPoint(x=3392, y=8640, worldView=0)
2026-05-24 12:44:08 CDT [Client] DEBUG net.runelite.client.game.LootManager - Item despawn 1519 (1) location LocalPoint(x=3392, y=8640, worldView=0)
2026-05-24 12:44:09 CDT [Client] DEBUG injected-client - Chat message type SPAM: You swing your axe at the tree.
2026-05-24 12:44:09 CDT [Client] DEBUG net.runelite.client.game.LootManager - Item despawn 1519 (1) location LocalPoint(x=3392, y=8640, worldView=0)
2026-05-24 12:44:09 CDT [Client] DEBUG net.runelite.client.game.LootManager - Item despawn 1519 (1) location LocalPoint(x=3392, y=8640, worldView=0)
2026-05-24 12:44:10 CDT [Client] DEBUG net.runelite.client.game.LootManager - Item despawn 1519 (1) location LocalPoint(x=3392, y=8640, worldView=0)
2026-05-24 12:44:11 CDT [Client] DEBUG net.runelite.client.game.LootManager - Item despawn 1519 (1) location LocalPoint(x=3392, y=8640, worldView=0)
2026-05-24 12:44:11 CDT [Client] DEBUG net.runelite.client.game.LootManager - Item despawn 1519 (1) location LocalPoint(x=3392, y=8640, worldView=0)
2026-05-24 12:44:12 CDT [Client] DEBUG net.runelite.client.game.LootManager - Item despawn 1519 (1) location LocalPoint(x=3392, y=8640, worldView=0)
2026-05-24 12:44:13 CDT [Client] DEBUG net.runelite.client.game.LootManager - Item despawn 1519 (1) location LocalPoint(x=3392, y=8640, worldView=0)
2026-05-24 12:44:14 CDT [Client] DEBUG net.runelite.client.game.LootManager - Item despawn 1519 (1) location LocalPoint(x=3392, y=8640, worldView=0)
2026-05-24 12:44:14 CDT [Client] DEBUG net.runelite.client.game.LootManager - Item spawn 526 (1) location LocalPoint(x=6976, y=11968, worldView=0)
2026-05-24 12:44:14 CDT [Client] DEBUG net.runelite.client.game.LootManager - Item spawn 2132 (1) location LocalPoint(x=6976, y=11968, worldView=0)
2026-05-24 12:44:14 CDT [Client] DEBUG net.runelite.client.game.LootManager - Item spawn 1739 (1) location LocalPoint(x=6976, y=11968, worldView=0)
2026-05-24 12:44:14 CDT [Client] DEBUG net.runelite.client.game.LootManager - Item despawn 1519 (1) location LocalPoint(x=3392, y=8640, worldView=0)
2026-05-24 12:44:15 CDT [Client] DEBUG net.runelite.client.game.LootManager - Item despawn 1519 (1) location LocalPoint(x=3392, y=8640, worldView=0)
2026-05-24 12:44:15 CDT [Client] DEBUG net.runelite.client.game.LootManager - Item despawn 1519 (1) location LocalPoint(x=3392, y=8640, worldView=0)
2026-05-24 12:44:17 CDT [Client] DEBUG injected-client - Chat message type SPAM: You get some logs.
2026-05-24 12:44:17 CDT [Client] DEBUG n.r.c.plugins.discord.DiscordState - Events: [DiscordState.EventWithTime(type=TRAINING_WOODCUTTING, start=2026-05-24T17:39:47.006508200Z, updated=2026-05-24T17:44:17.649524900Z), DiscordState.EventWithTime(type=IN_GAME, start=2026-05-24T17:38:17.805038500Z, updated=2026-05-24T17:38:17.805038500Z)]
2026-05-24 12:44:17 CDT [Client] DEBUG n.r.client.plugins.gpu.GpuPlugin - Zone invalidated: wx=0 x=11 z=13
2026-05-24 12:44:17 CDT [Client] DEBUG n.r.client.plugins.gpu.GpuPlugin - Rebuilt zone wv=0 x=11 z=13
2026-05-24 12:44:20 CDT [Client] DEBUG injected-client - Chat message type SPAM: You swing your axe at the tree.
2026-05-24 12:44:21 CDT [Client] DEBUG injected-client - Chat message type SPAM: You get some logs.
2026-05-24 12:44:21 CDT [Client] DEBUG n.r.c.plugins.discord.DiscordState - Events: [DiscordState.EventWithTime(type=TRAINING_WOODCUTTING, start=2026-05-24T17:39:47.006508200Z, updated=2026-05-24T17:44:21.245317900Z), DiscordState.EventWithTime(type=IN_GAME, start=2026-05-24T17:38:17.805038500Z, updated=2026-05-24T17:38:17.805038500Z)]
2026-05-24 12:44:21 CDT [Client] DEBUG n.r.client.plugins.gpu.GpuPlugin - Zone invalidated: wx=0 x=11 z=13
2026-05-24 12:44:21 CDT [Client] DEBUG n.r.client.plugins.gpu.GpuPlugin - Rebuilt zone wv=0 x=11 z=13
2026-05-24 12:44:21 CDT [Client] DEBUG n.r.client.plugins.gpu.GpuPlugin - Zone invalidated: wx=0 x=12 z=11
2026-05-24 12:44:21 CDT [Client] DEBUG n.r.client.plugins.gpu.GpuPlugin - Rebuilt zone wv=0 x=12 z=11
2026-05-24 12:44:26 CDT [Client] DEBUG n.r.client.plugins.gpu.GpuPlugin - Zone invalidated: wx=0 x=12 z=11
2026-05-24 12:44:26 CDT [Client] DEBUG n.r.client.plugins.gpu.GpuPlugin - Rebuilt zone wv=0 x=12 z=11
2026-05-24 12:44:30 CDT [Client] DEBUG net.runelite.client.game.LootManager - Item spawn 526 (1) location LocalPoint(x=6208, y=11584, worldView=0)
2026-05-24 12:44:30 CDT [Client] DEBUG net.runelite.client.game.LootManager - Item spawn 2132 (1) location LocalPoint(x=6208, y=11584, worldView=0)
2026-05-24 12:44:30 CDT [Client] DEBUG net.runelite.client.game.LootManager - Item spawn 1739 (1) location LocalPoint(x=6208, y=11584, worldView=0)
2026-05-24 12:44:32 CDT [Client] DEBUG n.r.client.plugins.gpu.GpuPlugin - Zone invalidated: wx=0 x=8 z=12
2026-05-24 12:44:32 CDT [Client] DEBUG n.r.client.plugins.gpu.GpuPlugin - Rebuilt zone wv=0 x=8 z=12
2026-05-24 12:44:33 CDT [Client] DEBUG net.runelite.client.game.LootManager - Item spawn 1519 (1) location LocalPoint(x=3392, y=8640, worldView=0)
2026-05-24 12:44:34 CDT [Client] DEBUG net.runelite.client.game.LootManager - Item spawn 1519 (1) location LocalPoint(x=3392, y=8640, worldView=0)
2026-05-24 12:44:35 CDT [Client] DEBUG net.runelite.client.game.LootManager - Item spawn 1519 (1) location LocalPoint(x=3392, y=8640, worldView=0)
2026-05-24 12:44:35 CDT [Client] DEBUG net.runelite.client.game.LootManager - Item spawn 1519 (1) location LocalPoint(x=3392, y=8640, worldView=0)
2026-05-24 12:44:36 CDT [Client] DEBUG net.runelite.client.game.LootManager - Item spawn 1519 (1) location LocalPoint(x=3392, y=8640, worldView=0)
2026-05-24 12:44:36 CDT [Client] DEBUG net.runelite.client.game.LootManager - Item spawn 1519 (1) location LocalPoint(x=3392, y=8640, worldView=0)
2026-05-24 12:44:37 CDT [Client] DEBUG net.runelite.client.game.LootManager - Item spawn 1519 (1) location LocalPoint(x=3392, y=8640, worldView=0)
2026-05-24 12:44:38 CDT [Client] DEBUG net.runelite.client.game.LootManager - Item spawn 1519 (1) location LocalPoint(x=3392, y=8640, worldView=0)
2026-05-24 12:44:39 CDT [Client] DEBUG net.runelite.client.game.LootManager - Item spawn 1519 (1) location LocalPoint(x=3392, y=8640, worldView=0)
2026-05-24 12:44:39 CDT [Client] DEBUG net.runelite.client.game.LootManager - Item spawn 1519 (1) location LocalPoint(x=3392, y=8640, worldView=0)
2026-05-24 12:44:40 CDT [Client] DEBUG net.runelite.client.game.LootManager - Item spawn 1519 (1) location LocalPoint(x=3392, y=8640, worldView=0)
2026-05-24 12:44:40 CDT [Client] DEBUG n.r.client.plugins.gpu.GpuPlugin - Zone invalidated: wx=0 x=12 z=12
2026-05-24 12:44:40 CDT [Client] DEBUG n.r.client.plugins.gpu.GpuPlugin - Rebuilt zone wv=0 x=12 z=12
2026-05-24 12:44:41 CDT [Client] DEBUG net.runelite.client.game.LootManager - Item spawn 1519 (1) location LocalPoint(x=3392, y=8640, worldView=0)
2026-05-24 12:44:41 CDT [Client] DEBUG n.r.client.plugins.gpu.GpuPlugin - Zone invalidated: wx=0 x=8 z=12
2026-05-24 12:44:41 CDT [Client] DEBUG n.r.client.plugins.gpu.GpuPlugin - Rebuilt zone wv=0 x=8 z=12
2026-05-24 12:44:41 CDT [Client] DEBUG net.runelite.client.game.LootManager - Item spawn 1519 (1) location LocalPoint(x=3392, y=8640, worldView=0)
2026-05-24 12:44:42 CDT [Client] DEBUG net.runelite.client.game.LootManager - Item spawn 1519 (1) location LocalPoint(x=3392, y=8640, worldView=0)
2026-05-24 12:44:42 CDT [Client] DEBUG net.runelite.client.game.LootManager - Item spawn 1519 (1) location LocalPoint(x=3392, y=8640, worldView=0)
2026-05-24 12:44:43 CDT [Client] DEBUG net.runelite.client.game.LootManager - Item spawn 1519 (1) location LocalPoint(x=3392, y=8640, worldView=0)
2026-05-24 12:44:44 CDT [Client] DEBUG net.runelite.client.game.LootManager - Item spawn 1519 (1) location LocalPoint(x=3392, y=8640, worldView=0)
2026-05-24 12:44:44 CDT [Client] DEBUG net.runelite.client.game.LootManager - Item spawn 1519 (1) location LocalPoint(x=3392, y=8640, worldView=0)
2026-05-24 12:44:45 CDT [Client] DEBUG net.runelite.client.game.LootManager - Item spawn 1519 (1) location LocalPoint(x=3392, y=8640, worldView=0)
2026-05-24 12:44:45 CDT [Client] DEBUG net.runelite.client.game.LootManager - Item spawn 1519 (1) location LocalPoint(x=3392, y=8640, worldView=0)
2026-05-24 12:44:47 CDT [Client] DEBUG net.runelite.client.game.LootManager - Item spawn 1519 (1) location LocalPoint(x=3392, y=8640, worldView=0)
2026-05-24 12:44:47 CDT [Client] DEBUG net.runelite.client.game.LootManager - Item spawn 1519 (1) location LocalPoint(x=3392, y=8640, worldView=0)
2026-05-24 12:44:48 CDT [Client] DEBUG net.runelite.client.game.LootManager - Item spawn 1519 (1) location LocalPoint(x=3392, y=8640, worldView=0)
2026-05-24 12:44:48 CDT [Client] DEBUG net.runelite.client.game.LootManager - Item spawn 1519 (1) location LocalPoint(x=3392, y=8640, worldView=0)
2026-05-24 12:44:49 CDT [Client] DEBUG net.runelite.client.game.LootManager - Item spawn 1519 (1) location LocalPoint(x=3392, y=8640, worldView=0)
2026-05-24 12:44:50 CDT [Client] DEBUG net.runelite.client.game.LootManager - Item spawn 1519 (1) location LocalPoint(x=3392, y=8640, worldView=0)
2026-05-24 12:44:50 CDT [Client] DEBUG net.runelite.client.game.LootManager - Item spawn 1519 (1) location LocalPoint(x=3392, y=8640, worldView=0)
2026-05-24 12:44:55 CDT [Client] DEBUG n.r.client.plugins.gpu.GpuPlugin - Zone invalidated: wx=0 x=11 z=13
2026-05-24 12:44:55 CDT [Client] DEBUG n.r.client.plugins.gpu.GpuPlugin - Rebuilt zone wv=0 x=11 z=13
2026-05-24 12:44:56 CDT [Client] DEBUG net.runelite.client.game.LootManager - Item spawn 526 (1) location LocalPoint(x=6976, y=12224, worldView=0)
2026-05-24 12:44:56 CDT [Client] DEBUG net.runelite.client.game.LootManager - Item spawn 2132 (1) location LocalPoint(x=6976, y=12224, worldView=0)
2026-05-24 12:44:56 CDT [Client] DEBUG net.runelite.client.game.LootManager - Item spawn 1739 (1) location LocalPoint(x=6976, y=12224, worldView=0)
2026-05-24 12:44:57 CDT [Client] DEBUG n.r.client.plugins.gpu.GpuPlugin - Zone invalidated: wx=0 x=11 z=13
2026-05-24 12:44:57 CDT [Client] DEBUG n.r.client.plugins.gpu.GpuPlugin - Rebuilt zone wv=0 x=11 z=13
2026-05-24 12:45:01 CDT [pool-2-thread-1] DEBUG n.r.client.config.ConfigManager - Setting configuration value for xpTracker.rsprofile.E4M4xC0b.state to {"skills":{"FISHING":{"s":0,"br":0,"ar":10,"t":186133082},"WOODCUTTING":{"s":325,"br":0,"ar":8662,"t":186093919},"FIREMAKING":{"s":0,"br":0,"ar":120,"t":186084158},"COOKING":{"s":0,"br":0,"ar":70,"t":186079279},"MINING":{"s":0,"br":0,"ar":35,"t":185969151},"SMITHING":{"s":0,"br":0,"ar":18,"t":185954510},"ATTACK":{"s":88,"br":0,"ar":420,"t":185890948},"RANGED":{"s":0,"br":0,"ar":12,"t":185860287},"MAGIC":{"s":0,"br":0,"ar":9,"t":185720837},"HITPOINTS":{"s":1182,"br":0,"ar":133,"t":147522590},"PRAYER":{"s":0,"br":0,"ar":4,"t":138636014}},"compactViewSkills":[],"overall":{"s":1154,"br":0,"ar":9934,"t":186134305}}
2026-05-24 12:45:02 CDT [Client] DEBUG net.runelite.client.game.LootManager - Item despawn 526 (1) location LocalPoint(x=6592, y=12224, worldView=0)
2026-05-24 12:45:02 CDT [Client] DEBUG net.runelite.client.game.LootManager - Item despawn 2132 (1) location LocalPoint(x=6592, y=12224, worldView=0)
2026-05-24 12:45:02 CDT [Client] DEBUG net.runelite.client.game.LootManager - Item despawn 1739 (1) location LocalPoint(x=6592, y=12224, worldView=0)
2026-05-24 12:45:02 CDT [pool-2-thread-1] DEBUG n.r.client.config.ConfigManager - Saving profile $rsprofile (patch size: 3)
2026-05-24 12:45:03 CDT [Client] DEBUG n.r.client.plugins.gpu.GpuPlugin - Zone invalidated: wx=0 x=8 z=13
2026-05-24 12:45:03 CDT [Client] DEBUG n.r.client.plugins.gpu.GpuPlugin - Rebuilt zone wv=0 x=8 z=13
2026-05-24 12:45:12 CDT [Client] DEBUG n.r.client.plugins.gpu.GpuPlugin - Zone invalidated: wx=0 x=8 z=13
2026-05-24 12:45:12 CDT [Client] DEBUG n.r.client.plugins.gpu.GpuPlugin - Rebuilt zone wv=0 x=8 z=13
2026-05-24 12:45:14 CDT [Client] DEBUG net.runelite.client.game.LootManager - Item despawn 526 (1) location LocalPoint(x=6976, y=11968, worldView=0)
2026-05-24 12:45:14 CDT [Client] DEBUG net.runelite.client.game.LootManager - Item despawn 2132 (1) location LocalPoint(x=6976, y=11968, worldView=0)
2026-05-24 12:45:14 CDT [Client] DEBUG net.runelite.client.game.LootManager - Item despawn 1739 (1) location LocalPoint(x=6976, y=11968, worldView=0)
2026-05-24 12:45:15 CDT [Client] DEBUG n.r.client.plugins.gpu.GpuPlugin - Zone invalidated: wx=0 x=11 z=13
2026-05-24 12:45:15 CDT [Client] DEBUG n.r.client.plugins.gpu.GpuPlugin - Rebuilt zone wv=0 x=11 z=13
2026-05-24 12:45:21 CDT [Client] DEBUG net.runelite.client.game.LootManager - Item spawn 526 (1) location LocalPoint(x=6464, y=11072, worldView=0)
2026-05-24 12:45:21 CDT [Client] DEBUG net.runelite.client.game.LootManager - Item spawn 2132 (1) location LocalPoint(x=6464, y=11072, worldView=0)
2026-05-24 12:45:21 CDT [Client] DEBUG net.runelite.client.game.LootManager - Item spawn 1739 (1) location LocalPoint(x=6464, y=11072, worldView=0)
2026-05-24 12:45:30 CDT [Client] DEBUG net.runelite.client.game.LootManager - Item despawn 526 (1) location LocalPoint(x=6208, y=11584, worldView=0)
2026-05-24 12:45:30 CDT [Client] DEBUG net.runelite.client.game.LootManager - Item despawn 2132 (1) location LocalPoint(x=6208, y=11584, worldView=0)
2026-05-24 12:45:30 CDT [Client] DEBUG net.runelite.client.game.LootManager - Item despawn 1739 (1) location LocalPoint(x=6208, y=11584, worldView=0)
2026-05-24 12:45:33 CDT [Client] DEBUG net.runelite.client.game.LootManager - Item spawn 526 (1) location LocalPoint(x=6464, y=10816, worldView=0)
2026-05-24 12:45:33 CDT [Client] DEBUG net.runelite.client.game.LootManager - Item spawn 2132 (1) location LocalPoint(x=6464, y=10816, worldView=0)
2026-05-24 12:45:33 CDT [Client] DEBUG net.runelite.client.game.LootManager - Item spawn 1739 (1) location LocalPoint(x=6464, y=10816, worldView=0)
2026-05-24 12:45:40 CDT [Client] DEBUG n.r.client.plugins.gpu.GpuPlugin - Zone invalidated: wx=0 x=8 z=12
2026-05-24 12:45:40 CDT [Client] DEBUG n.r.client.plugins.gpu.GpuPlugin - Rebuilt zone wv=0 x=8 z=12
2026-05-24 12:45:48 CDT [Client] DEBUG n.r.client.plugins.gpu.GpuPlugin - Zone invalidated: wx=0 x=8 z=12
2026-05-24 12:45:48 CDT [Client] DEBUG n.r.client.plugins.gpu.GpuPlugin - Rebuilt zone wv=0 x=8 z=12
2026-05-24 12:45:50 CDT [Client] DEBUG net.runelite.client.game.LootManager - Item spawn 526 (1) location LocalPoint(x=6464, y=11072, worldView=0)
2026-05-24 12:45:50 CDT [Client] DEBUG net.runelite.client.game.LootManager - Item spawn 2132 (1) location LocalPoint(x=6464, y=11072, worldView=0)
2026-05-24 12:45:50 CDT [Client] DEBUG net.runelite.client.game.LootManager - Item spawn 1739 (1) location LocalPoint(x=6464, y=11072, worldView=0)
2026-05-24 12:45:56 CDT [Client] DEBUG net.runelite.client.game.LootManager - Item despawn 526 (1) location LocalPoint(x=6976, y=12224, worldView=0)
2026-05-24 12:45:56 CDT [Client] DEBUG net.runelite.client.game.LootManager - Item despawn 2132 (1) location LocalPoint(x=6976, y=12224, worldView=0)
2026-05-24 12:45:56 CDT [Client] DEBUG net.runelite.client.game.LootManager - Item despawn 1739 (1) location LocalPoint(x=6976, y=12224, worldView=0)
2026-05-24 12:45:58 CDT [Client] DEBUG net.runelite.client.game.LootManager - Item spawn 526 (1) location LocalPoint(x=6592, y=6976, worldView=0)
2026-05-24 12:46:00 CDT [Client] DEBUG net.runelite.client.game.LootManager - Item spawn 526 (1) location LocalPoint(x=5568, y=10432, worldView=0)
2026-05-24 12:46:00 CDT [Client] DEBUG net.runelite.client.game.LootManager - Item spawn 2347 (1) location LocalPoint(x=5568, y=10432, worldView=0)
2026-05-24 12:46:02 CDT [pool-2-thread-1] DEBUG n.r.client.config.ConfigManager - Setting configuration value for xpTracker.rsprofile.E4M4xC0b.state to {"skills":{"FISHING":{"s":0,"br":0,"ar":10,"t":186194242},"WOODCUTTING":{"s":325,"br":0,"ar":8662,"t":186155079},"FIREMAKING":{"s":0,"br":0,"ar":120,"t":186145318},"COOKING":{"s":0,"br":0,"ar":70,"t":186140439},"MINING":{"s":0,"br":0,"ar":35,"t":186030311},"SMITHING":{"s":0,"br":0,"ar":18,"t":186015670},"ATTACK":{"s":88,"br":0,"ar":420,"t":185952108},"RANGED":{"s":0,"br":0,"ar":12,"t":185921447},"MAGIC":{"s":0,"br":0,"ar":9,"t":185781997},"HITPOINTS":{"s":1182,"br":0,"ar":133,"t":147583750},"PRAYER":{"s":0,"br":0,"ar":4,"t":138697174}},"compactViewSkills":[],"overall":{"s":1154,"br":0,"ar":9934,"t":186195465}}
2026-05-24 12:46:02 CDT [Client] DEBUG net.runelite.client.game.LootManager - Item spawn 526 (1) location LocalPoint(x=6592, y=10944, worldView=0)
2026-05-24 12:46:02 CDT [Client] DEBUG net.runelite.client.game.LootManager - Item spawn 2132 (1) location LocalPoint(x=6592, y=10944, worldView=0)
2026-05-24 12:46:02 CDT [Client] DEBUG net.runelite.client.game.LootManager - Item spawn 1739 (1) location LocalPoint(x=6592, y=10944, worldView=0)
2026-05-24 12:46:08 CDT [Client] DEBUG n.r.client.plugins.gpu.GpuPlugin - Zone invalidated: wx=0 x=9 z=12
2026-05-24 12:46:08 CDT [Client] DEBUG n.r.client.plugins.gpu.GpuPlugin - Rebuilt zone wv=0 x=9 z=12
2026-05-24 12:46:11 CDT [Client] DEBUG net.runelite.client.game.LootManager - Item despawn 2132 (1) location LocalPoint(x=6592, y=10944, worldView=0)
2026-05-24 12:46:11 CDT [Client] DEBUG n.r.client.plugins.gpu.GpuPlugin - Zone invalidated: wx=0 x=9 z=12
2026-05-24 12:46:11 CDT [Client] DEBUG n.r.client.plugins.gpu.GpuPlugin - Rebuilt zone wv=0 x=9 z=12
2026-05-24 12:46:12 CDT [Client] DEBUG net.runelite.client.game.LootManager - Item despawn 2132 (1) location LocalPoint(x=6464, y=10816, worldView=0)
2026-05-24 12:46:15 CDT [Client] DEBUG net.runelite.client.game.LootManager - Item spawn 526 (1) location LocalPoint(x=6464, y=10688, worldView=0)
2026-05-24 12:46:15 CDT [Client] DEBUG net.runelite.client.game.LootManager - Item spawn 1739 (1) location LocalPoint(x=6464, y=10688, worldView=0)
2026-05-24 12:46:15 CDT [Client] DEBUG net.runelite.client.game.LootManager - Item spawn 526 (1) location LocalPoint(x=5696, y=10560, worldView=0)
2026-05-24 12:46:21 CDT [Client] DEBUG net.runelite.client.game.LootManager - Item despawn 526 (1) location LocalPoint(x=6464, y=11072, worldView=0)
2026-05-24 12:46:21 CDT [Client] DEBUG net.runelite.client.game.LootManager - Item despawn 2132 (1) location LocalPoint(x=6464, y=11072, worldView=0)
2026-05-24 12:46:21 CDT [Client] DEBUG net.runelite.client.game.LootManager - Item despawn 1739 (1) location LocalPoint(x=6464, y=11072, worldView=0)
2026-05-24 12:46:21 CDT [Client] DEBUG net.runelite.client.game.LootManager - Item spawn 526 (1) location LocalPoint(x=3776, y=10944, worldView=0)
2026-05-24 12:46:22 CDT [Client] DEBUG n.r.client.plugins.gpu.GpuPlugin - Zone invalidated: wx=0 x=9 z=15
2026-05-24 12:46:22 CDT [Client] DEBUG n.r.client.plugins.gpu.GpuPlugin - Rebuilt zone wv=0 x=9 z=15
2026-05-24 12:46:24 CDT [Client] DEBUG n.r.client.plugins.gpu.GpuPlugin - Zone invalidated: wx=0 x=8 z=13
2026-05-24 12:46:24 CDT [Client] DEBUG n.r.client.plugins.gpu.GpuPlugin - Rebuilt zone wv=0 x=8 z=13
2026-05-24 12:46:27 CDT [Client] DEBUG net.runelite.client.game.LootManager - Item spawn 526 (1) location LocalPoint(x=5824, y=10816, worldView=0)
2026-05-24 12:46:27 CDT [Client] DEBUG net.runelite.client.game.LootManager - Item spawn 2132 (1) location LocalPoint(x=5824, y=10816, worldView=0)
2026-05-24 12:46:27 CDT [Client] DEBUG net.runelite.client.game.LootManager - Item spawn 1739 (1) location LocalPoint(x=5824, y=10816, worldView=0)
2026-05-24 12:46:30 CDT [Client] DEBUG n.r.client.plugins.gpu.GpuPlugin - Zone invalidated: wx=0 x=8 z=12
2026-05-24 12:46:30 CDT [Client] DEBUG n.r.client.plugins.gpu.GpuPlugin - Zone invalidated: wx=0 x=8 z=11
2026-05-24 12:46:30 CDT [Client] DEBUG n.r.client.plugins.gpu.GpuPlugin - Rebuilt zone wv=0 x=8 z=11
2026-05-24 12:46:30 CDT [Client] DEBUG n.r.client.plugins.gpu.GpuPlugin - Rebuilt zone wv=0 x=8 z=12
2026-05-24 12:46:32 CDT [Client] DEBUG n.r.client.plugins.gpu.GpuPlugin - Zone invalidated: wx=0 x=8 z=13
2026-05-24 12:46:32 CDT [Client] DEBUG n.r.client.plugins.gpu.GpuPlugin - Rebuilt zone wv=0 x=8 z=13
2026-05-24 12:46:33 CDT [Client] DEBUG net.runelite.client.game.LootManager - Item despawn 2132 (1) location LocalPoint(x=6464, y=11072, worldView=0)
2026-05-24 12:46:33 CDT [Client] DEBUG net.runelite.client.game.LootManager - Item despawn 526 (1) location LocalPoint(x=6464, y=10816, worldView=0)
2026-05-24 12:46:33 CDT [Client] DEBUG net.runelite.client.game.LootManager - Item despawn 1739 (1) location LocalPoint(x=6464, y=10816, worldView=0)
2026-05-24 12:46:33 CDT [Client] DEBUG net.runelite.client.game.LootManager - Item despawn 1519 (1) location LocalPoint(x=3392, y=8640, worldView=0)
2026-05-24 12:46:34 CDT [Client] DEBUG net.runelite.client.game.LootManager - Item despawn 1519 (1) location LocalPoint(x=3392, y=8640, worldView=0)
2026-05-24 12:46:35 CDT [Client] DEBUG net.runelite.client.game.LootManager - Item spawn 526 (1) location LocalPoint(x=5952, y=11456, worldView=0)
2026-05-24 12:46:35 CDT [Client] DEBUG net.runelite.client.game.LootManager - Item spawn 2132 (1) location LocalPoint(x=5952, y=11456, worldView=0)
2026-05-24 12:46:35 CDT [Client] DEBUG net.runelite.client.game.LootManager - Item spawn 1739 (1) location LocalPoint(x=5952, y=11456, worldView=0)
2026-05-24 12:46:35 CDT [Client] DEBUG net.runelite.client.game.LootManager - Item despawn 1519 (1) location LocalPoint(x=3392, y=8640, worldView=0)
2026-05-24 12:46:35 CDT [Client] DEBUG net.runelite.client.game.LootManager - Item despawn 1519 (1) location LocalPoint(x=3392, y=8640, worldView=0)
2026-05-24 12:46:36 CDT [Client] DEBUG net.runelite.client.game.LootManager - Item despawn 1519 (1) location LocalPoint(x=3392, y=8640, worldView=0)
2026-05-24 12:46:36 CDT [Client] DEBUG net.runelite.client.game.LootManager - Item despawn 1519 (1) location LocalPoint(x=3392, y=8640, worldView=0)
2026-05-24 12:46:37 CDT [Client] DEBUG net.runelite.client.game.LootManager - Item despawn 1519 (1) location LocalPoint(x=3392, y=8640, worldView=0)
2026-05-24 12:46:38 CDT [Client] DEBUG net.runelite.client.game.LootManager - Item despawn 1519 (1) location LocalPoint(x=3392, y=8640, worldView=0)
2026-05-24 12:46:39 CDT [Client] DEBUG net.runelite.client.game.LootManager - Item despawn 1519 (1) location LocalPoint(x=3392, y=8640, worldView=0)
2026-05-24 12:46:39 CDT [Client] DEBUG n.r.client.plugins.gpu.GpuPlugin - Zone invalidated: wx=0 x=8 z=12
2026-05-24 12:46:39 CDT [Client] DEBUG n.r.client.plugins.gpu.GpuPlugin - Rebuilt zone wv=0 x=8 z=12
2026-05-24 12:46:39 CDT [Client] DEBUG net.runelite.client.game.LootManager - Item despawn 1519 (1) location LocalPoint(x=3392, y=8640, worldView=0)
2026-05-24 12:46:40 CDT [Client] DEBUG net.runelite.client.game.LootManager - Item despawn 1519 (1) location LocalPoint(x=3392, y=8640, worldView=0)
2026-05-24 12:46:41 CDT [Client] DEBUG net.runelite.client.game.LootManager - Item despawn 1519 (1) location LocalPoint(x=3392, y=8640, worldView=0)
2026-05-24 12:46:41 CDT [Client] DEBUG net.runelite.client.game.LootManager - Item spawn 526 (1) location LocalPoint(x=6080, y=10560, worldView=0)
2026-05-24 12:46:41 CDT [Client] DEBUG net.runelite.client.game.LootManager - Item spawn 2132 (1) location LocalPoint(x=6080, y=10560, worldView=0)
2026-05-24 12:46:41 CDT [Client] DEBUG net.runelite.client.game.LootManager - Item spawn 1739 (1) location LocalPoint(x=6080, y=10560, worldView=0)
2026-05-24 12:46:41 CDT [Client] DEBUG net.runelite.client.game.LootManager - Item despawn 1519 (1) location LocalPoint(x=3392, y=8640, worldView=0)
2026-05-24 12:46:41 CDT [Client] DEBUG net.runelite.client.game.LootManager - Item spawn 1519 (1) location LocalPoint(x=3392, y=8000, worldView=0)
2026-05-24 12:46:42 CDT [Client] DEBUG net.runelite.client.game.LootManager - Item despawn 1519 (1) location LocalPoint(x=3392, y=8640, worldView=0)
2026-05-24 12:46:42 CDT [Client] DEBUG net.runelite.client.game.LootManager - Item spawn 1519 (1) location LocalPoint(x=3392, y=8000, worldView=0)
2026-05-24 12:46:42 CDT [Client] DEBUG n.r.client.plugins.gpu.GpuPlugin - Zone invalidated: wx=0 x=9 z=10
2026-05-24 12:46:42 CDT [Client] DEBUG n.r.client.plugins.gpu.GpuPlugin - Rebuilt zone wv=0 x=9 z=10
2026-05-24 12:46:42 CDT [Client] DEBUG net.runelite.client.game.LootManager - Item despawn 1519 (1) location LocalPoint(x=3392, y=8640, worldView=0)
2026-05-24 12:46:42 CDT [Client] DEBUG net.runelite.client.game.LootManager - Item spawn 1519 (1) location LocalPoint(x=3392, y=8000, worldView=0)
2026-05-24 12:46:43 CDT [Client] DEBUG net.runelite.client.game.LootManager - Item despawn 1519 (1) location LocalPoint(x=3392, y=8640, worldView=0)
2026-05-24 12:46:43 CDT [Client] DEBUG net.runelite.client.game.LootManager - Item spawn 1519 (1) location LocalPoint(x=3392, y=8000, worldView=0)
2026-05-24 12:46:44 CDT [Client] DEBUG net.runelite.client.game.LootManager - Item spawn 1519 (1) location LocalPoint(x=3392, y=8000, worldView=0)
2026-05-24 12:46:44 CDT [Client] DEBUG net.runelite.client.game.LootManager - Item despawn 1519 (1) location LocalPoint(x=3392, y=8640, worldView=0)
2026-05-24 12:46:44 CDT [Client] DEBUG net.runelite.client.game.LootManager - Item despawn 1519 (1) location LocalPoint(x=3392, y=8640, worldView=0)
2026-05-24 12:46:44 CDT [Client] DEBUG net.runelite.client.game.LootManager - Item spawn 1519 (1) location LocalPoint(x=3392, y=8000, worldView=0)
2026-05-24 12:46:45 CDT [Client] DEBUG net.runelite.client.game.LootManager - Item spawn 1519 (1) location LocalPoint(x=3392, y=8000, worldView=0)
2026-05-24 12:46:45 CDT [Client] DEBUG net.runelite.client.game.LootManager - Item despawn 1519 (1) location LocalPoint(x=3392, y=8640, worldView=0)
2026-05-24 12:46:45 CDT [Client] DEBUG net.runelite.client.game.LootManager - Item despawn 1519 (1) location LocalPoint(x=3392, y=8640, worldView=0)
2026-05-24 12:46:45 CDT [Client] DEBUG net.runelite.client.game.LootManager - Item spawn 1519 (1) location LocalPoint(x=3392, y=8000, worldView=0)
2026-05-24 12:46:47 CDT [Client] DEBUG net.runelite.client.game.LootManager - Item despawn 1519 (1) location LocalPoint(x=3392, y=8640, worldView=0)
2026-05-24 12:46:47 CDT [Client] DEBUG net.runelite.client.game.LootManager - Item spawn 1519 (1) location LocalPoint(x=3392, y=8000, worldView=0)
2026-05-24 12:46:47 CDT [Client] DEBUG net.runelite.client.game.LootManager - Item despawn 1519 (1) location LocalPoint(x=3392, y=8640, worldView=0)
2026-05-24 12:46:47 CDT [Client] DEBUG net.runelite.client.game.LootManager - Item spawn 1519 (1) location LocalPoint(x=3392, y=8000, worldView=0)
2026-05-24 12:46:48 CDT [Client] DEBUG net.runelite.client.game.LootManager - Item despawn 1519 (1) location LocalPoint(x=3392, y=8640, worldView=0)
2026-05-24 12:46:48 CDT [Client] DEBUG net.runelite.client.game.LootManager - Item spawn 1519 (1) location LocalPoint(x=3392, y=8000, worldView=0)
2026-05-24 12:46:48 CDT [Client] DEBUG net.runelite.client.game.LootManager - Item despawn 1519 (1) location LocalPoint(x=3392, y=8640, worldView=0)
2026-05-24 12:46:48 CDT [Client] DEBUG net.runelite.client.game.LootManager - Item spawn 1519 (1) location LocalPoint(x=3392, y=8000, worldView=0)
2026-05-24 12:46:49 CDT [Client] DEBUG net.runelite.client.game.LootManager - Item despawn 1519 (1) location LocalPoint(x=3392, y=8640, worldView=0)
2026-05-24 12:46:49 CDT [Client] DEBUG net.runelite.client.game.LootManager - Item spawn 1519 (1) location LocalPoint(x=3392, y=8000, worldView=0)
2026-05-24 12:46:50 CDT [Client] DEBUG net.runelite.client.game.LootManager - Item despawn 526 (1) location LocalPoint(x=6464, y=11072, worldView=0)
2026-05-24 12:46:50 CDT [Client] DEBUG net.runelite.client.game.LootManager - Item despawn 1739 (1) location LocalPoint(x=6464, y=11072, worldView=0)
2026-05-24 12:46:50 CDT [Client] DEBUG net.runelite.client.game.LootManager - Item despawn 1519 (1) location LocalPoint(x=3392, y=8640, worldView=0)
2026-05-24 12:46:50 CDT [Client] DEBUG net.runelite.client.game.LootManager - Item spawn 1519 (1) location LocalPoint(x=3392, y=8000, worldView=0)
2026-05-24 12:46:50 CDT [Client] DEBUG net.runelite.client.game.LootManager - Item spawn 1519 (1) location LocalPoint(x=3392, y=8000, worldView=0)
2026-05-24 12:46:50 CDT [Client] DEBUG net.runelite.client.game.LootManager - Item despawn 1519 (1) location LocalPoint(x=3392, y=8640, worldView=0)
2026-05-24 12:46:51 CDT [Client] DEBUG net.runelite.client.game.LootManager - Item spawn 1519 (1) location LocalPoint(x=3392, y=8000, worldView=0)
2026-05-24 12:46:51 CDT [Client] DEBUG net.runelite.client.game.LootManager - Item spawn 526 (1) location LocalPoint(x=5952, y=11840, worldView=0)
2026-05-24 12:46:51 CDT [Client] DEBUG net.runelite.client.game.LootManager - Item spawn 2132 (1) location LocalPoint(x=5952, y=11840, worldView=0)
2026-05-24 12:46:51 CDT [Client] DEBUG net.runelite.client.game.LootManager - Item spawn 1739 (1) location LocalPoint(x=5952, y=11840, worldView=0)
2026-05-24 12:46:51 CDT [Client] DEBUG net.runelite.client.game.LootManager - Item spawn 1519 (1) location LocalPoint(x=3392, y=8000, worldView=0)
2026-05-24 12:46:52 CDT [Client] DEBUG net.runelite.client.game.LootManager - Item spawn 1519 (1) location LocalPoint(x=3392, y=8000, worldView=0)
2026-05-24 12:46:53 CDT [Client] DEBUG net.runelite.client.game.LootManager - Item spawn 1519 (1) location LocalPoint(x=3392, y=8000, worldView=0)
2026-05-24 12:46:53 CDT [Client] DEBUG net.runelite.client.game.LootManager - Item spawn 526 (1) location LocalPoint(x=6592, y=10944, worldView=0)
2026-05-24 12:46:53 CDT [Client] DEBUG net.runelite.client.game.LootManager - Item spawn 1739 (1) location LocalPoint(x=6592, y=10944, worldView=0)
2026-05-24 12:46:53 CDT [Client] DEBUG net.runelite.client.game.LootManager - Item spawn 1519 (1) location LocalPoint(x=3392, y=8000, worldView=0)
2026-05-24 12:46:54 CDT [Client] DEBUG net.runelite.client.game.LootManager - Item spawn 1519 (1) location LocalPoint(x=3392, y=8000, worldView=0)
2026-05-24 12:46:54 CDT [Client] DEBUG net.runelite.client.game.LootManager - Item spawn 1519 (1) location LocalPoint(x=3392, y=8000, worldView=0)
2026-05-24 12:46:55 CDT [Client] DEBUG net.runelite.client.game.LootManager - Item spawn 1519 (1) location LocalPoint(x=3392, y=8000, worldView=0)
2026-05-24 12:46:56 CDT [Client] DEBUG net.runelite.client.game.LootManager - Item spawn 1519 (1) location LocalPoint(x=3392, y=8000, worldView=0)
2026-05-24 12:46:57 CDT [Client] DEBUG net.runelite.client.game.LootManager - Item spawn 1519 (1) location LocalPoint(x=3392, y=8000, worldView=0)
2026-05-24 12:46:57 CDT [Client] DEBUG net.runelite.client.game.LootManager - Item spawn 1519 (1) location LocalPoint(x=3392, y=8000, worldView=0)
2026-05-24 12:46:58 CDT [Client] DEBUG n.r.client.plugins.gpu.GpuPlugin - Zone invalidated: wx=0 x=9 z=12
2026-05-24 12:46:58 CDT [Client] DEBUG net.runelite.client.game.LootManager - Item despawn 526 (1) location LocalPoint(x=6592, y=6976, worldView=0)
2026-05-24 12:46:58 CDT [Client] DEBUG net.runelite.client.game.LootManager - Item spawn 1519 (1) location LocalPoint(x=3392, y=8000, worldView=0)
2026-05-24 12:46:58 CDT [Client] DEBUG n.r.client.plugins.gpu.GpuPlugin - Rebuilt zone wv=0 x=9 z=12
2026-05-24 12:47:00 CDT [Client] DEBUG net.runelite.client.game.LootManager - Item despawn 526 (1) location LocalPoint(x=5568, y=10432, worldView=0)
2026-05-24 12:47:00 CDT [Client] DEBUG net.runelite.client.game.LootManager - Item despawn 2347 (1) location LocalPoint(x=5568, y=10432, worldView=0)
2026-05-24 12:47:00 CDT [Client] DEBUG n.r.client.plugins.gpu.GpuPlugin - Zone invalidated: wx=0 x=9 z=12
2026-05-24 12:47:00 CDT [Client] DEBUG n.r.client.plugins.gpu.GpuPlugin - Rebuilt zone wv=0 x=9 z=12
2026-05-24 12:47:02 CDT [Client] DEBUG net.runelite.client.game.LootManager - Item despawn 526 (1) location LocalPoint(x=6592, y=10944, worldView=0)
2026-05-24 12:47:02 CDT [Client] DEBUG net.runelite.client.game.LootManager - Item despawn 1739 (1) location LocalPoint(x=6592, y=10944, worldView=0)
2026-05-24 12:47:03 CDT [pool-2-thread-1] DEBUG n.r.client.config.ConfigManager - Setting configuration value for xpTracker.rsprofile.E4M4xC0b.state to {"skills":{"FISHING":{"s":0,"br":0,"ar":10,"t":186254222},"WOODCUTTING":{"s":325,"br":0,"ar":8662,"t":186215059},"FIREMAKING":{"s":0,"br":0,"ar":120,"t":186205298},"COOKING":{"s":0,"br":0,"ar":70,"t":186200419},"MINING":{"s":0,"br":0,"ar":35,"t":186090291},"SMITHING":{"s":0,"br":0,"ar":18,"t":186075650},"ATTACK":{"s":88,"br":0,"ar":420,"t":186012088},"RANGED":{"s":0,"br":0,"ar":12,"t":185981427},"MAGIC":{"s":0,"br":0,"ar":9,"t":185841977},"HITPOINTS":{"s":1182,"br":0,"ar":133,"t":147643730},"PRAYER":{"s":0,"br":0,"ar":4,"t":138757154}},"compactViewSkills":[],"overall":{"s":1154,"br":0,"ar":9934,"t":186255445}}
2026-05-24 12:47:06 CDT [Client] DEBUG n.r.client.plugins.gpu.GpuPlugin - Zone invalidated: wx=0 x=8 z=11
2026-05-24 12:47:06 CDT [Client] DEBUG n.r.client.plugins.gpu.GpuPlugin - Rebuilt zone wv=0 x=8 z=11
2026-05-24 12:47:09 CDT [Client] DEBUG net.runelite.client.game.LootManager - Item despawn 2132 (1) location LocalPoint(x=5952, y=11840, worldView=0)
2026-05-24 12:47:11 CDT [Client] DEBUG n.r.client.plugins.gpu.GpuPlugin - Zone invalidated: wx=0 x=8 z=13
2026-05-24 12:47:11 CDT [Client] DEBUG n.r.client.plugins.gpu.GpuPlugin - Rebuilt zone wv=0 x=8 z=13
2026-05-24 12:47:12 CDT [Client] DEBUG net.runelite.client.game.LootManager - Item spawn 526 (1) location LocalPoint(x=6720, y=10944, worldView=0)
2026-05-24 12:47:12 CDT [Client] DEBUG net.runelite.client.game.LootManager - Item spawn 1739 (1) location LocalPoint(x=6720, y=10944, worldView=0)
2026-05-24 12:47:14 CDT [Client] DEBUG net.runelite.client.game.LootManager - Item despawn 2132 (1) location LocalPoint(x=5952, y=11456, worldView=0)
2026-05-24 12:47:15 CDT [Client] DEBUG net.runelite.client.game.LootManager - Item despawn 526 (1) location LocalPoint(x=6464, y=10688, worldView=0)
2026-05-24 12:47:15 CDT [Client] DEBUG net.runelite.client.game.LootManager - Item despawn 1739 (1) location LocalPoint(x=6464, y=10688, worldView=0)
2026-05-24 12:47:15 CDT [Client] DEBUG net.runelite.client.game.LootManager - Item despawn 526 (1) location LocalPoint(x=5696, y=10560, worldView=0)
2026-05-24 12:47:19 CDT [Client] DEBUG n.r.client.plugins.gpu.GpuPlugin - Zone invalidated: wx=0 x=8 z=13
2026-05-24 12:47:19 CDT [Client] DEBUG n.r.client.plugins.gpu.GpuPlugin - Rebuilt zone wv=0 x=8 z=13
2026-05-24 12:47:21 CDT [Client] DEBUG net.runelite.client.game.LootManager - Item despawn 526 (1) location LocalPoint(x=3776, y=10944, worldView=0)
2026-05-24 12:47:27 CDT [Client] DEBUG net.runelite.client.game.LootManager - Item despawn 526 (1) location LocalPoint(x=5824, y=10816, worldView=0)
2026-05-24 12:47:27 CDT [Client] DEBUG net.runelite.client.game.LootManager - Item despawn 2132 (1) location LocalPoint(x=5824, y=10816, worldView=0)
2026-05-24 12:47:27 CDT [Client] DEBUG net.runelite.client.game.LootManager - Item despawn 1739 (1) location LocalPoint(x=5824, y=10816, worldView=0)
2026-05-24 12:47:30 CDT [Client] DEBUG net.runelite.client.game.LootManager - Item spawn 526 (1) location LocalPoint(x=6592, y=10944, worldView=0)
2026-05-24 12:47:30 CDT [Client] DEBUG net.runelite.client.game.LootManager - Item spawn 1739 (1) location LocalPoint(x=6592, y=10944, worldView=0)
2026-05-24 12:47:35 CDT [Client] DEBUG net.runelite.client.game.LootManager - Item despawn 526 (1) location LocalPoint(x=5952, y=11456, worldView=0)
2026-05-24 12:47:35 CDT [Client] DEBUG net.runelite.client.game.LootManager - Item despawn 1739 (1) location LocalPoint(x=5952, y=11456, worldView=0)
2026-05-24 12:47:35 CDT [Client] DEBUG n.r.client.plugins.gpu.GpuPlugin - Zone invalidated: wx=0 x=7 z=13
2026-05-24 12:47:35 CDT [Client] DEBUG n.r.client.plugins.gpu.GpuPlugin - Zone invalidated: wx=0 x=7 z=12
2026-05-24 12:47:35 CDT [Client] DEBUG n.r.client.plugins.gpu.GpuPlugin - Rebuilt zone wv=0 x=7 z=12
2026-05-24 12:47:35 CDT [Client] DEBUG n.r.client.plugins.gpu.GpuPlugin - Rebuilt zone wv=0 x=7 z=13
2026-05-24 12:47:36 CDT [Client] DEBUG n.r.client.plugins.gpu.GpuPlugin - Zone invalidated: wx=0 x=7 z=13
2026-05-24 12:47:36 CDT [Client] DEBUG n.r.client.plugins.gpu.GpuPlugin - Rebuilt zone wv=0 x=7 z=13
2026-05-24 12:47:39 CDT [Client] DEBUG injected-client - Replacing archive 12/73
2026-05-24 12:47:39 CDT [Client] DEBUG injected-client - Replacing archive 12/223
2026-05-24 12:47:41 CDT [Client] DEBUG net.runelite.client.game.LootManager - Item despawn 526 (1) location LocalPoint(x=6080, y=10560, worldView=0)
2026-05-24 12:47:41 CDT [Client] DEBUG net.runelite.client.game.LootManager - Item despawn 2132 (1) location LocalPoint(x=6080, y=10560, worldView=0)
2026-05-24 12:47:41 CDT [Client] DEBUG net.runelite.client.game.LootManager - Item despawn 1739 (1) location LocalPoint(x=6080, y=10560, worldView=0)
2026-05-24 12:47:45 CDT [Client] DEBUG n.r.client.plugins.gpu.GpuPlugin - Zone invalidated: wx=0 x=8 z=12
2026-05-24 12:47:45 CDT [Client] DEBUG n.r.client.plugins.gpu.GpuPlugin - Rebuilt zone wv=0 x=8 z=12
2026-05-24 12:47:46 CDT [Client] DEBUG n.r.client.plugins.gpu.GpuPlugin - Zone invalidated: wx=0 x=7 z=13
2026-05-24 12:47:46 CDT [Client] DEBUG n.r.client.plugins.gpu.GpuPlugin - Rebuilt zone wv=0 x=7 z=13
2026-05-24 12:47:51 CDT [Client] DEBUG net.runelite.client.game.LootManager - Item despawn 526 (1) location LocalPoint(x=5952, y=11840, worldView=0)
2026-05-24 12:47:51 CDT [Client] DEBUG net.runelite.client.game.LootManager - Item despawn 1739 (1) location LocalPoint(x=5952, y=11840, worldView=0)
2026-05-24 12:47:53 CDT [Client] DEBUG net.runelite.client.game.LootManager - Item despawn 526 (1) location LocalPoint(x=6592, y=10944, worldView=0)
2026-05-24 12:47:53 CDT [Client] DEBUG net.runelite.client.game.LootManager - Item despawn 1739 (1) location LocalPoint(x=6592, y=10944, worldView=0)
2026-05-24 12:47:53 CDT [Client] DEBUG n.r.client.plugins.gpu.GpuPlugin - Zone invalidated: wx=0 x=8 z=12
2026-05-24 12:47:53 CDT [Client] DEBUG n.r.client.plugins.gpu.GpuPlugin - Rebuilt zone wv=0 x=8 z=12
2026-05-24 12:47:54 CDT [Client] DEBUG n.r.client.plugins.gpu.GpuPlugin - Zone invalidated: wx=0 x=9 z=15
2026-05-24 12:47:54 CDT [Client] DEBUG n.r.client.plugins.gpu.GpuPlugin - Zone invalidated: wx=0 x=9 z=14
2026-05-24 12:47:54 CDT [Client] DEBUG n.r.client.plugins.gpu.GpuPlugin - Rebuilt zone wv=0 x=9 z=14
2026-05-24 12:47:54 CDT [Client] DEBUG n.r.client.plugins.gpu.GpuPlugin - Rebuilt zone wv=0 x=9 z=15
2026-05-24 12:47:55 CDT [Client] DEBUG net.runelite.client.game.LootManager - Item spawn 592 (1) location LocalPoint(x=4672, y=10432, worldView=0)
2026-05-24 12:47:59 CDT [Client] DEBUG net.runelite.client.game.LootManager - Item spawn 526 (1) location LocalPoint(x=6592, y=11840, worldView=0)
2026-05-24 12:47:59 CDT [Client] DEBUG net.runelite.client.game.LootManager - Item spawn 2132 (1) location LocalPoint(x=6592, y=11840, worldView=0)
2026-05-24 12:47:59 CDT [Client] DEBUG net.runelite.client.game.LootManager - Item spawn 1739 (1) location LocalPoint(x=6592, y=11840, worldView=0)
2026-05-24 12:48:00 CDT [Client] DEBUG n.r.client.plugins.gpu.GpuPlugin - Zone invalidated: wx=0 x=10 z=16
2026-05-24 12:48:00 CDT [Client] DEBUG n.r.client.plugins.gpu.GpuPlugin - Zone invalidated: wx=0 x=8 z=13
2026-05-24 12:48:00 CDT [Client] DEBUG n.r.client.plugins.gpu.GpuPlugin - Rebuilt zone wv=0 x=8 z=13
2026-05-24 12:48:00 CDT [Client] DEBUG n.r.client.plugins.gpu.GpuPlugin - Rebuilt zone wv=0 x=10 z=16
2026-05-24 12:48:02 CDT [Client] DEBUG n.r.client.plugins.gpu.GpuPlugin - Zone invalidated: wx=0 x=9 z=15
2026-05-24 12:48:02 CDT [Client] DEBUG n.r.client.plugins.gpu.GpuPlugin - Rebuilt zone wv=0 x=9 z=15
2026-05-24 12:48:02 CDT [OkHttp https://crowdsource.runescape.wiki/...] DEBUG n.r.c.p.c.CrowdsourcingManager - Successfully sent crowdsourcing data
2026-05-24 12:48:03 CDT [pool-2-thread-1] DEBUG n.r.client.config.ConfigManager - Setting configuration value for xpTracker.rsprofile.E4M4xC0b.state to {"skills":{"FISHING":{"s":0,"br":0,"ar":10,"t":186314261},"WOODCUTTING":{"s":325,"br":0,"ar":8662,"t":186275098},"FIREMAKING":{"s":0,"br":0,"ar":120,"t":186265337},"COOKING":{"s":0,"br":0,"ar":70,"t":186260458},"MINING":{"s":0,"br":0,"ar":35,"t":186150330},"SMITHING":{"s":0,"br":0,"ar":18,"t":186135689},"ATTACK":{"s":88,"br":0,"ar":420,"t":186072127},"RANGED":{"s":0,"br":0,"ar":12,"t":186041466},"MAGIC":{"s":0,"br":0,"ar":9,"t":185902016},"HITPOINTS":{"s":1182,"br":0,"ar":133,"t":147703769},"PRAYER":{"s":0,"br":0,"ar":4,"t":138817193}},"compactViewSkills":[],"overall":{"s":1154,"br":0,"ar":9934,"t":186315484}}
2026-05-24 12:48:09 CDT [Client] DEBUG n.r.client.plugins.gpu.GpuPlugin - Zone invalidated: wx=0 x=8 z=13
2026-05-24 12:48:09 CDT [Client] DEBUG n.r.client.plugins.gpu.GpuPlugin - Rebuilt zone wv=0 x=8 z=13
2026-05-24 12:48:10 CDT [Client] DEBUG n.r.client.plugins.gpu.GpuPlugin - Zone invalidated: wx=0 x=9 z=15
2026-05-24 12:48:10 CDT [Client] DEBUG n.r.client.plugins.gpu.GpuPlugin - Rebuilt zone wv=0 x=9 z=15
2026-05-24 12:48:12 CDT [Client] DEBUG net.runelite.client.game.LootManager - Item despawn 526 (1) location LocalPoint(x=6720, y=10944, worldView=0)
2026-05-24 12:48:12 CDT [Client] DEBUG net.runelite.client.game.LootManager - Item despawn 1739 (1) location LocalPoint(x=6720, y=10944, worldView=0)
2026-05-24 12:48:14 CDT [Client] DEBUG net.runelite.client.game.LootManager - Item spawn 526 (1) location LocalPoint(x=6336, y=11584, worldView=0)
2026-05-24 12:48:14 CDT [Client] DEBUG net.runelite.client.game.LootManager - Item spawn 2132 (1) location LocalPoint(x=6336, y=11584, worldView=0)
2026-05-24 12:48:14 CDT [Client] DEBUG net.runelite.client.game.LootManager - Item spawn 1739 (1) location LocalPoint(x=6336, y=11584, worldView=0)
2026-05-24 12:48:23 CDT [Client] DEBUG n.r.client.plugins.gpu.GpuPlugin - Zone invalidated: wx=0 x=9 z=16
2026-05-24 12:48:23 CDT [Client] DEBUG n.r.client.plugins.gpu.GpuPlugin - Rebuilt zone wv=0 x=9 z=16
2026-05-24 12:48:24 CDT [Client] DEBUG n.r.client.config.ConfigManager - Setting configuration value for timetracking.rsprofile.E4M4xC0b.12594.4771 to 0:1779644904
2026-05-24 12:48:24 CDT [Client] DEBUG net.runelite.client.game.LootManager - Item despawn 592 (1) location LocalPoint(x=4672, y=10432, worldView=0)
2026-05-24 12:48:27 CDT [Client] DEBUG net.runelite.client.game.LootManager - Item spawn 526 (1) location LocalPoint(x=5312, y=7360, worldView=0)
2026-05-24 12:48:28 CDT [Client] DEBUG net.runelite.client.game.LootManager - Item despawn 526 (1) location LocalPoint(x=5312, y=7360, worldView=0)
2026-05-24 12:48:29 CDT [Client] DEBUG n.r.client.plugins.gpu.GpuPlugin - Zone invalidated: wx=0 x=9 z=16
2026-05-24 12:48:29 CDT [Client] DEBUG n.r.client.plugins.gpu.GpuPlugin - Rebuilt zone wv=0 x=9 z=16
2026-05-24 12:48:30 CDT [Client] DEBUG net.runelite.client.game.LootManager - Item despawn 526 (1) location LocalPoint(x=6592, y=10944, worldView=0)
2026-05-24 12:48:30 CDT [Client] DEBUG net.runelite.client.game.LootManager - Item despawn 1739 (1) location LocalPoint(x=6592, y=10944, worldView=0)
2026-05-24 12:48:32 CDT [Client] DEBUG n.r.client.plugins.gpu.GpuPlugin - Zone invalidated: wx=0 x=8 z=12
2026-05-24 12:48:32 CDT [Client] DEBUG n.r.client.plugins.gpu.GpuPlugin - Rebuilt zone wv=0 x=8 z=12
2026-05-24 12:48:36 CDT [Client] DEBUG n.r.client.plugins.gpu.GpuPlugin - Zone invalidated: wx=0 x=10 z=16
2026-05-24 12:48:36 CDT [Client] DEBUG n.r.client.plugins.gpu.GpuPlugin - Rebuilt zone wv=0 x=10 z=16
2026-05-24 12:48:40 CDT [Client] DEBUG n.r.client.plugins.gpu.GpuPlugin - Zone invalidated: wx=0 x=9 z=14
2026-05-24 12:48:40 CDT [Client] DEBUG n.r.client.plugins.gpu.GpuPlugin - Zone invalidated: wx=0 x=8 z=12
2026-05-24 12:48:40 CDT [Client] DEBUG n.r.client.plugins.gpu.GpuPlugin - Rebuilt zone wv=0 x=8 z=12
2026-05-24 12:48:40 CDT [Client] DEBUG n.r.client.plugins.gpu.GpuPlugin - Rebuilt zone wv=0 x=9 z=14
2026-05-24 12:48:41 CDT [Client] DEBUG net.runelite.client.game.LootManager - Item despawn 1519 (1) location LocalPoint(x=3392, y=8000, worldView=0)
2026-05-24 12:48:42 CDT [Client] DEBUG net.runelite.client.game.LootManager - Item despawn 1519 (1) location LocalPoint(x=3392, y=8000, worldView=0)
2026-05-24 12:48:42 CDT [Client] DEBUG net.runelite.client.game.LootManager - Item despawn 1519 (1) location LocalPoint(x=3392, y=8000, worldView=0)
2026-05-24 12:48:43 CDT [Client] DEBUG net.runelite.client.game.LootManager - Item despawn 1519 (1) location LocalPoint(x=3392, y=8000, worldView=0)
2026-05-24 12:48:43 CDT [Client] DEBUG n.r.client.plugins.gpu.GpuPlugin - Zone invalidated: wx=0 x=10 z=16
2026-05-24 12:48:43 CDT [Client] DEBUG n.r.client.plugins.gpu.GpuPlugin - Rebuilt zone wv=0 x=10 z=16
2026-05-24 12:48:44 CDT [Client] DEBUG net.runelite.client.game.LootManager - Item despawn 1519 (1) location LocalPoint(x=3392, y=8000, worldView=0)
2026-05-24 12:48:44 CDT [Client] DEBUG net.runelite.client.game.LootManager - Item despawn 1519 (1) location LocalPoint(x=3392, y=8000, worldView=0)
2026-05-24 12:48:45 CDT [Client] DEBUG net.runelite.client.game.LootManager - Item despawn 1519 (1) location LocalPoint(x=3392, y=8000, worldView=0)
2026-05-24 12:48:45 CDT [Client] DEBUG net.runelite.client.game.LootManager - Item despawn 1519 (1) location LocalPoint(x=3392, y=8000, worldView=0)
2026-05-24 12:48:47 CDT [Client] DEBUG net.runelite.client.game.LootManager - Item despawn 1519 (1) location LocalPoint(x=3392, y=8000, worldView=0)
2026-05-24 12:48:47 CDT [Client] DEBUG net.runelite.client.game.LootManager - Item despawn 1519 (1) location LocalPoint(x=3392, y=8000, worldView=0)
2026-05-24 12:48:48 CDT [Client] DEBUG net.runelite.client.game.LootManager - Item despawn 1519 (1) location LocalPoint(x=3392, y=8000, worldView=0)
2026-05-24 12:48:48 CDT [Client] DEBUG net.runelite.client.game.LootManager - Item despawn 1519 (1) location LocalPoint(x=3392, y=8000, worldView=0)
2026-05-24 12:48:48 CDT [Client] DEBUG n.r.client.plugins.gpu.GpuPlugin - Zone invalidated: wx=0 x=9 z=15
2026-05-24 12:48:48 CDT [Client] DEBUG n.r.client.plugins.gpu.GpuPlugin - Rebuilt zone wv=0 x=9 z=15
2026-05-24 12:48:49 CDT [Client] DEBUG net.runelite.client.game.LootManager - Item spawn 526 (1) location LocalPoint(x=6464, y=11200, worldView=0)
2026-05-24 12:48:49 CDT [Client] DEBUG net.runelite.client.game.LootManager - Item spawn 2132 (1) location LocalPoint(x=6464, y=11200, worldView=0)
2026-05-24 12:48:49 CDT [Client] DEBUG net.runelite.client.game.LootManager - Item spawn 1739 (1) location LocalPoint(x=6464, y=11200, worldView=0)
2026-05-24 12:48:49 CDT [Client] DEBUG net.runelite.client.game.LootManager - Item despawn 1519 (1) location LocalPoint(x=3392, y=8000, worldView=0)
2026-05-24 12:48:50 CDT [Client] DEBUG net.runelite.client.game.LootManager - Item despawn 1519 (1) location LocalPoint(x=3392, y=8000, worldView=0)
2026-05-24 12:48:50 CDT [Client] DEBUG net.runelite.client.game.LootManager - Item despawn 1519 (1) location LocalPoint(x=3392, y=8000, worldView=0)
2026-05-24 12:48:51 CDT [Client] DEBUG net.runelite.client.game.LootManager - Item despawn 1519 (1) location LocalPoint(x=3392, y=8000, worldView=0)
2026-05-24 12:48:51 CDT [Client] DEBUG net.runelite.client.game.LootManager - Item despawn 1519 (1) location LocalPoint(x=3392, y=8000, worldView=0)
2026-05-24 12:48:52 CDT [Client] DEBUG net.runelite.client.game.LootManager - Item despawn 1519 (1) location LocalPoint(x=3392, y=8000, worldView=0)
2026-05-24 12:48:53 CDT [Client] DEBUG net.runelite.client.game.LootManager - Item despawn 1519 (1) location LocalPoint(x=3392, y=8000, worldView=0)
2026-05-24 12:48:53 CDT [Client] DEBUG net.runelite.client.game.LootManager - Item despawn 1519 (1) location LocalPoint(x=3392, y=8000, worldView=0)
2026-05-24 12:48:54 CDT [Client] DEBUG net.runelite.client.game.LootManager - Item despawn 1519 (1) location LocalPoint(x=3392, y=8000, worldView=0)
2026-05-24 12:48:54 CDT [Client] DEBUG net.runelite.client.game.LootManager - Item despawn 1519 (1) location LocalPoint(x=3392, y=8000, worldView=0)
2026-05-24 12:48:55 CDT [Client] DEBUG net.runelite.client.game.LootManager - Item despawn 1519 (1) location LocalPoint(x=3392, y=8000, worldView=0)
2026-05-24 12:48:56 CDT [Client] DEBUG net.runelite.client.game.LootManager - Item despawn 1519 (1) location LocalPoint(x=3392, y=8000, worldView=0)
2026-05-24 12:48:57 CDT [Client] DEBUG net.runelite.client.game.LootManager - Item despawn 1519 (1) location LocalPoint(x=3392, y=8000, worldView=0)
2026-05-24 12:48:57 CDT [Client] DEBUG net.runelite.client.game.LootManager - Item despawn 1519 (1) location LocalPoint(x=3392, y=8000, worldView=0)
2026-05-24 12:48:58 CDT [Client] DEBUG net.runelite.client.game.LootManager - Item despawn 1519 (1) location LocalPoint(x=3392, y=8000, worldView=0)
2026-05-24 12:48:59 CDT [Client] DEBUG net.runelite.client.game.LootManager - Item despawn 526 (1) location LocalPoint(x=6592, y=11840, worldView=0)
2026-05-24 12:48:59 CDT [Client] DEBUG net.runelite.client.game.LootManager - Item despawn 2132 (1) location LocalPoint(x=6592, y=11840, worldView=0)
2026-05-24 12:48:59 CDT [Client] DEBUG net.runelite.client.game.LootManager - Item despawn 1739 (1) location LocalPoint(x=6592, y=11840, worldView=0)
2026-05-24 12:49:03 CDT [pool-2-thread-1] DEBUG n.r.client.config.ConfigManager - Setting configuration value for xpTracker.rsprofile.E4M4xC0b.state to {"skills":{"FISHING":{"s":0,"br":0,"ar":10,"t":186375463},"WOODCUTTING":{"s":325,"br":0,"ar":8662,"t":186336300},"FIREMAKING":{"s":0,"br":0,"ar":120,"t":186326539},"COOKING":{"s":0,"br":0,"ar":70,"t":186321660},"MINING":{"s":0,"br":0,"ar":35,"t":186211532},"SMITHING":{"s":0,"br":0,"ar":18,"t":186196891},"ATTACK":{"s":88,"br":0,"ar":420,"t":186133329},"RANGED":{"s":0,"br":0,"ar":12,"t":186102668},"MAGIC":{"s":0,"br":0,"ar":9,"t":185963218},"HITPOINTS":{"s":1182,"br":0,"ar":133,"t":147764971},"PRAYER":{"s":0,"br":0,"ar":4,"t":138878395}},"compactViewSkills":[],"overall":{"s":1154,"br":0,"ar":9934,"t":186376686}}
2026-05-24 12:49:09 CDT [Client] DEBUG n.r.client.plugins.gpu.GpuPlugin - Zone invalidated: wx=0 x=9 z=15
2026-05-24 12:49:09 CDT [Client] DEBUG n.r.client.plugins.gpu.GpuPlugin - Rebuilt zone wv=0 x=9 z=15
2026-05-24 12:49:09 CDT [Client] DEBUG n.r.client.plugins.gpu.GpuPlugin - Zone invalidated: wx=0 x=8 z=13
2026-05-24 12:49:09 CDT [Client] DEBUG n.r.client.plugins.gpu.GpuPlugin - Rebuilt zone wv=0 x=8 z=13
2026-05-24 12:49:12 CDT [Client] DEBUG n.r.client.plugins.gpu.GpuPlugin - Zone invalidated: wx=0 x=7 z=12
2026-05-24 12:49:12 CDT [Client] DEBUG n.r.client.plugins.gpu.GpuPlugin - Rebuilt zone wv=0 x=7 z=12
2026-05-24 12:49:14 CDT [Client] DEBUG net.runelite.client.game.LootManager - Item despawn 526 (1) location LocalPoint(x=6336, y=11584, worldView=0)
2026-05-24 12:49:14 CDT [Client] DEBUG net.runelite.client.game.LootManager - Item despawn 2132 (1) location LocalPoint(x=6336, y=11584, worldView=0)
2026-05-24 12:49:14 CDT [Client] DEBUG net.runelite.client.game.LootManager - Item despawn 1739 (1) location LocalPoint(x=6336, y=11584, worldView=0)
2026-05-24 12:49:18 CDT [Client] DEBUG n.r.client.plugins.gpu.GpuPlugin - Zone invalidated: wx=0 x=9 z=16
2026-05-24 12:49:18 CDT [Client] DEBUG n.r.client.plugins.gpu.GpuPlugin - Zone invalidated: wx=0 x=8 z=13
2026-05-24 12:49:18 CDT [Client] DEBUG n.r.client.plugins.gpu.GpuPlugin - Rebuilt zone wv=0 x=8 z=13
2026-05-24 12:49:18 CDT [Client] DEBUG n.r.client.plugins.gpu.GpuPlugin - Rebuilt zone wv=0 x=9 z=16
2026-05-24 12:49:18 CDT [Client] DEBUG n.r.client.plugins.gpu.GpuPlugin - Zone invalidated: wx=0 x=8 z=12
2026-05-24 12:49:18 CDT [Client] DEBUG n.r.client.plugins.gpu.GpuPlugin - Rebuilt zone wv=0 x=8 z=12
2026-05-24 12:49:25 CDT [Client] DEBUG n.r.client.plugins.gpu.GpuPlugin - Zone invalidated: wx=0 x=9 z=16
2026-05-24 12:49:25 CDT [Client] DEBUG n.r.client.plugins.gpu.GpuPlugin - Rebuilt zone wv=0 x=9 z=16
2026-05-24 12:49:27 CDT [Client] DEBUG n.r.client.plugins.gpu.GpuPlugin - Zone invalidated: wx=0 x=8 z=12
2026-05-24 12:49:27 CDT [Client] DEBUG n.r.client.plugins.gpu.GpuPlugin - Rebuilt zone wv=0 x=8 z=12
2026-05-24 12:49:30 CDT [Client] DEBUG n.r.client.plugins.gpu.GpuPlugin - Zone invalidated: wx=0 x=10 z=16
2026-05-24 12:49:30 CDT [Client] DEBUG n.r.client.plugins.gpu.GpuPlugin - Rebuilt zone wv=0 x=10 z=16
2026-05-24 12:49:31 CDT [Client] DEBUG net.runelite.client.game.LootManager - Item spawn 1519 (1) location LocalPoint(x=3392, y=8000, worldView=0)
2026-05-24 12:49:32 CDT [Client] DEBUG net.runelite.client.game.LootManager - Item spawn 1519 (1) location LocalPoint(x=3392, y=8000, worldView=0)
2026-05-24 12:49:32 CDT [Client] DEBUG net.runelite.client.game.LootManager - Item spawn 526 (1) location LocalPoint(x=6080, y=11456, worldView=0)
2026-05-24 12:49:32 CDT [Client] DEBUG net.runelite.client.game.LootManager - Item spawn 2132 (1) location LocalPoint(x=6080, y=11456, worldView=0)
2026-05-24 12:49:32 CDT [Client] DEBUG net.runelite.client.game.LootManager - Item spawn 1739 (1) location LocalPoint(x=6080, y=11456, worldView=0)
2026-05-24 12:49:32 CDT [Client] DEBUG net.runelite.client.game.LootManager - Item spawn 1519 (1) location LocalPoint(x=3392, y=8000, worldView=0)
2026-05-24 12:49:33 CDT [Client] DEBUG net.runelite.client.game.LootManager - Item spawn 1519 (1) location LocalPoint(x=3392, y=8000, worldView=0)
2026-05-24 12:49:33 CDT [Client] DEBUG net.runelite.client.game.LootManager - Item spawn 1519 (1) location LocalPoint(x=3392, y=8000, worldView=0)
2026-05-24 12:49:34 CDT [Client] DEBUG net.runelite.client.game.LootManager - Item spawn 1519 (1) location LocalPoint(x=3392, y=8000, worldView=0)
2026-05-24 12:49:35 CDT [Client] DEBUG net.runelite.client.game.LootManager - Item spawn 1519 (1) location LocalPoint(x=3392, y=8000, worldView=0)
2026-05-24 12:49:35 CDT [Client] DEBUG net.runelite.client.game.LootManager - Item spawn 1519 (1) location LocalPoint(x=3392, y=8000, worldView=0)
2026-05-24 12:49:35 CDT [Client] DEBUG n.r.client.plugins.gpu.GpuPlugin - Zone invalidated: wx=0 x=7 z=13
2026-05-24 12:49:35 CDT [Client] DEBUG n.r.client.plugins.gpu.GpuPlugin - Rebuilt zone wv=0 x=7 z=13
2026-05-24 12:49:36 CDT [Client] DEBUG net.runelite.client.game.LootManager - Item spawn 1519 (1) location LocalPoint(x=3392, y=8000, worldView=0)
2026-05-24 12:49:37 CDT [Client] DEBUG net.runelite.client.game.LootManager - Item spawn 1519 (1) location LocalPoint(x=3392, y=8000, worldView=0)
2026-05-24 12:49:38 CDT [Client] DEBUG net.runelite.client.game.LootManager - Item spawn 1519 (1) location LocalPoint(x=3392, y=8000, worldView=0)
2026-05-24 12:49:38 CDT [Client] DEBUG net.runelite.client.game.LootManager - Item spawn 1519 (1) location LocalPoint(x=3392, y=8000, worldView=0)
2026-05-24 12:49:39 CDT [Client] DEBUG net.runelite.client.game.LootManager - Item spawn 1519 (1) location LocalPoint(x=3392, y=8000, worldView=0)
2026-05-24 12:49:39 CDT [Client] DEBUG net.runelite.client.game.LootManager - Item spawn 1519 (1) location LocalPoint(x=3392, y=8000, worldView=0)
2026-05-24 12:49:40 CDT [Client] DEBUG net.runelite.client.game.LootManager - Item spawn 1519 (1) location LocalPoint(x=3392, y=8000, worldView=0)
2026-05-24 12:49:41 CDT [Client] DEBUG net.runelite.client.game.LootManager - Item spawn 1519 (1) location LocalPoint(x=3392, y=8000, worldView=0)
2026-05-24 12:49:41 CDT [Client] DEBUG net.runelite.client.game.LootManager - Item spawn 1519 (1) location LocalPoint(x=3392, y=8000, worldView=0)
2026-05-24 12:49:42 CDT [Client] DEBUG net.runelite.client.game.LootManager - Item spawn 1519 (1) location LocalPoint(x=3392, y=8000, worldView=0)
2026-05-24 12:49:42 CDT [Client] DEBUG net.runelite.client.game.LootManager - Item spawn 1519 (1) location LocalPoint(x=3392, y=8000, worldView=0)
2026-05-24 12:49:43 CDT [Client] DEBUG net.runelite.client.game.LootManager - Item spawn 1519 (1) location LocalPoint(x=3392, y=8000, worldView=0)
2026-05-24 12:49:44 CDT [Client] DEBUG net.runelite.client.game.LootManager - Item spawn 1519 (1) location LocalPoint(x=3392, y=8000, worldView=0)
2026-05-24 12:49:44 CDT [Client] DEBUG net.runelite.client.game.LootManager - Item spawn 1519 (1) location LocalPoint(x=3392, y=8000, worldView=0)
2026-05-24 12:49:45 CDT [Client] DEBUG net.runelite.client.game.LootManager - Item spawn 1519 (1) location LocalPoint(x=3392, y=8000, worldView=0)
2026-05-24 12:49:45 CDT [Client] DEBUG net.runelite.client.game.LootManager - Item spawn 1519 (1) location LocalPoint(x=3392, y=8000, worldView=0)
2026-05-24 12:49:46 CDT [Client] DEBUG net.runelite.client.game.LootManager - Item spawn 526 (1) location LocalPoint(x=7232, y=12096, worldView=0)
2026-05-24 12:49:46 CDT [Client] DEBUG net.runelite.client.game.LootManager - Item spawn 2132 (1) location LocalPoint(x=7232, y=12096, worldView=0)
2026-05-24 12:49:46 CDT [Client] DEBUG net.runelite.client.game.LootManager - Item spawn 1739 (1) location LocalPoint(x=7232, y=12096, worldView=0)
2026-05-24 12:49:47 CDT [Client] DEBUG net.runelite.client.game.LootManager - Item spawn 1519 (1) location LocalPoint(x=3392, y=8000, worldView=0)
2026-05-24 12:49:47 CDT [Client] DEBUG net.runelite.client.game.LootManager - Item spawn 1519 (1) location LocalPoint(x=3392, y=8000, worldView=0)
2026-05-24 12:49:48 CDT [Client] DEBUG net.runelite.client.game.LootManager - Item spawn 1519 (1) location LocalPoint(x=3392, y=8000, worldView=0)
2026-05-24 12:49:49 CDT [Client] DEBUG net.runelite.client.game.LootManager - Item despawn 526 (1) location LocalPoint(x=6464, y=11200, worldView=0)
2026-05-24 12:49:49 CDT [Client] DEBUG net.runelite.client.game.LootManager - Item despawn 2132 (1) location LocalPoint(x=6464, y=11200, worldView=0)
2026-05-24 12:49:49 CDT [Client] DEBUG net.runelite.client.game.LootManager - Item despawn 1739 (1) location LocalPoint(x=6464, y=11200, worldView=0)
2026-05-24 12:49:54 CDT [Client] DEBUG net.runelite.client.game.LootManager - Item spawn 526 (1) location LocalPoint(x=5824, y=11200, worldView=0)
2026-05-24 12:49:54 CDT [Client] DEBUG net.runelite.client.game.LootManager - Item spawn 2132 (1) location LocalPoint(x=5824, y=11200, worldView=0)
2026-05-24 12:49:54 CDT [Client] DEBUG net.runelite.client.game.LootManager - Item spawn 1739 (1) location LocalPoint(x=5824, y=11200, worldView=0)
2026-05-24 12:49:55 CDT [Client] DEBUG net.runelite.client.game.LootManager - Item despawn 1739 (1) location LocalPoint(x=6080, y=11456, worldView=0)
2026-05-24 12:49:59 CDT [Client] DEBUG n.r.client.plugins.gpu.GpuPlugin - Zone invalidated: wx=0 x=8 z=13
2026-05-24 12:49:59 CDT [Client] DEBUG n.r.client.plugins.gpu.GpuPlugin - Rebuilt zone wv=0 x=8 z=13
2026-05-24 12:50:02 CDT [Client] DEBUG net.runelite.client.game.LootManager - Item despawn 1739 (1) location LocalPoint(x=5824, y=11200, worldView=0)
2026-05-24 12:50:02 CDT [pool-2-thread-1] DEBUG n.r.client.config.ConfigManager - Saving profile $rsprofile (patch size: 2)
2026-05-24 12:50:03 CDT [pool-2-thread-1] DEBUG n.r.client.config.ConfigManager - Setting configuration value for xpTracker.rsprofile.E4M4xC0b.state to {"skills":{"FISHING":{"s":0,"br":0,"ar":10,"t":186435482},"WOODCUTTING":{"s":325,"br":0,"ar":8662,"t":186396319},"FIREMAKING":{"s":0,"br":0,"ar":120,"t":186386558},"COOKING":{"s":0,"br":0,"ar":70,"t":186381679},"MINING":{"s":0,"br":0,"ar":35,"t":186271551},"SMITHING":{"s":0,"br":0,"ar":18,"t":186256910},"ATTACK":{"s":88,"br":0,"ar":420,"t":186193348},"RANGED":{"s":0,"br":0,"ar":12,"t":186162687},"MAGIC":{"s":0,"br":0,"ar":9,"t":186023237},"HITPOINTS":{"s":1182,"br":0,"ar":133,"t":147824990},"PRAYER":{"s":0,"br":0,"ar":4,"t":138938414}},"compactViewSkills":[],"overall":{"s":1154,"br":0,"ar":9934,"t":186436705}}
2026-05-24 12:50:03 CDT [Client] DEBUG n.r.client.discord.DiscordService - Sending presence update DiscordPresence(state=In Game, details=, startTimestamp=2026-05-24T17:38:17.805038500Z, endTimestamp=null, largeImageKey=null, largeImageText=RuneLite v1.12.26.3, smallImageKey=null, smallImageText=null, partyId=null, partySize=0, partyMax=0, matchSecret=null, joinSecret=null, spectateSecret=null, instance=false)
2026-05-24 12:50:05 CDT [Client] DEBUG net.runelite.client.game.LootManager - Item spawn 526 (1) location LocalPoint(x=6464, y=11328, worldView=0)
2026-05-24 12:50:05 CDT [Client] DEBUG net.runelite.client.game.LootManager - Item spawn 2132 (1) location LocalPoint(x=6464, y=11328, worldView=0)
2026-05-24 12:50:05 CDT [Client] DEBUG net.runelite.client.game.LootManager - Item spawn 1739 (1) location LocalPoint(x=6464, y=11328, worldView=0)
2026-05-24 12:50:08 CDT [Client] DEBUG n.r.client.plugins.gpu.GpuPlugin - Zone invalidated: wx=0 x=8 z=13
2026-05-24 12:50:08 CDT [Client] DEBUG n.r.client.plugins.gpu.GpuPlugin - Rebuilt zone wv=0 x=8 z=13
2026-05-24 12:50:11 CDT [Client] DEBUG n.r.client.plugins.gpu.GpuPlugin - Zone invalidated: wx=0 x=10 z=16
2026-05-24 12:50:11 CDT [Client] DEBUG n.r.client.plugins.gpu.GpuPlugin - Rebuilt zone wv=0 x=10 z=16
2026-05-24 12:50:12 CDT [Client] DEBUG n.r.client.plugins.gpu.GpuPlugin - Zone invalidated: wx=0 x=7 z=13
2026-05-24 12:50:12 CDT [Client] DEBUG n.r.client.plugins.gpu.GpuPlugin - Rebuilt zone wv=0 x=7 z=13
2026-05-24 12:50:16 CDT [Client] DEBUG net.runelite.client.game.LootManager - Item spawn 526 (1) location LocalPoint(x=6208, y=11072, worldView=0)
2026-05-24 12:50:16 CDT [Client] DEBUG net.runelite.client.game.LootManager - Item spawn 2132 (1) location LocalPoint(x=6208, y=11072, worldView=0)
2026-05-24 12:50:16 CDT [Client] DEBUG net.runelite.client.game.LootManager - Item spawn 1739 (1) location LocalPoint(x=6208, y=11072, worldView=0)
2026-05-24 12:50:17 CDT [Client] DEBUG net.runelite.client.game.LootManager - Item spawn 526 (1) location LocalPoint(x=6336, y=10816, worldView=0)
2026-05-24 12:50:17 CDT [Client] DEBUG net.runelite.client.game.LootManager - Item spawn 2132 (1) location LocalPoint(x=6336, y=10816, worldView=0)
2026-05-24 12:50:20 CDT [Client] DEBUG net.runelite.client.game.LootManager - Item despawn 1739 (1) location LocalPoint(x=6208, y=11072, worldView=0)
2026-05-24 12:50:21 CDT [Client] DEBUG n.r.client.plugins.gpu.GpuPlugin - Zone invalidated: wx=0 x=10 z=16
2026-05-24 12:50:21 CDT [Client] DEBUG n.r.client.plugins.gpu.GpuPlugin - Rebuilt zone wv=0 x=10 z=16
2026-05-24 12:50:28 CDT [Client] DEBUG net.runelite.client.game.LootManager - Item spawn 526 (1) location LocalPoint(x=6464, y=11456, worldView=0)
2026-05-24 12:50:28 CDT [Client] DEBUG net.runelite.client.game.LootManager - Item spawn 2132 (1) location LocalPoint(x=6464, y=11456, worldView=0)
2026-05-24 12:50:28 CDT [Client] DEBUG net.runelite.client.game.LootManager - Item spawn 1739 (1) location LocalPoint(x=6464, y=11456, worldView=0)
2026-05-24 12:50:30 CDT [Client] DEBUG net.runelite.client.game.LootManager - Item spawn 526 (1) location LocalPoint(x=6720, y=10432, worldView=0)
2026-05-24 12:50:30 CDT [Client] DEBUG net.runelite.client.game.LootManager - Item spawn 2132 (1) location LocalPoint(x=6720, y=10432, worldView=0)
2026-05-24 12:50:32 CDT [Client] DEBUG net.runelite.client.game.LootManager - Item despawn 526 (1) location LocalPoint(x=6080, y=11456, worldView=0)
2026-05-24 12:50:32 CDT [Client] DEBUG net.runelite.client.game.LootManager - Item despawn 2132 (1) location LocalPoint(x=6080, y=11456, worldView=0)
2026-05-24 12:50:36 CDT [Client] DEBUG net.runelite.client.game.LootManager - Item spawn 526 (1) location LocalPoint(x=6720, y=10944, worldView=0)
2026-05-24 12:50:36 CDT [Client] DEBUG net.runelite.client.game.LootManager - Item spawn 2132 (1) location LocalPoint(x=6720, y=10944, worldView=0)
2026-05-24 12:50:37 CDT [Client] DEBUG net.runelite.client.game.LootManager - Item despawn 1739 (1) location LocalPoint(x=6464, y=11456, worldView=0)
2026-05-24 12:50:38 CDT [Client] DEBUG n.r.client.plugins.gpu.GpuPlugin - Zone invalidated: wx=0 x=8 z=12
2026-05-24 12:50:38 CDT [Client] DEBUG n.r.client.plugins.gpu.GpuPlugin - Rebuilt zone wv=0 x=8 z=12
2026-05-24 12:50:46 CDT [Client] DEBUG net.runelite.client.game.LootManager - Item despawn 526 (1) location LocalPoint(x=7232, y=12096, worldView=0)
2026-05-24 12:50:46 CDT [Client] DEBUG net.runelite.client.game.LootManager - Item despawn 2132 (1) location LocalPoint(x=7232, y=12096, worldView=0)
2026-05-24 12:50:46 CDT [Client] DEBUG net.runelite.client.game.LootManager - Item despawn 1739 (1) location LocalPoint(x=7232, y=12096, worldView=0)
2026-05-24 12:50:46 CDT [Client] DEBUG n.r.client.plugins.gpu.GpuPlugin - Zone invalidated: wx=0 x=8 z=12
2026-05-24 12:50:46 CDT [Client] DEBUG n.r.client.plugins.gpu.GpuPlugin - Rebuilt zone wv=0 x=8 z=12
2026-05-24 12:50:47 CDT [Client] DEBUG net.runelite.client.game.LootManager - Item despawn 1739 (1) location LocalPoint(x=6464, y=11328, worldView=0)
2026-05-24 12:50:50 CDT [Client] DEBUG net.runelite.client.game.LootManager - Item spawn 526 (1) location LocalPoint(x=5952, y=9920, worldView=0)
2026-05-24 12:50:52 CDT [Client] DEBUG n.r.client.plugins.gpu.GpuPlugin - Zone invalidated: wx=0 x=8 z=13
2026-05-24 12:50:52 CDT [Client] DEBUG n.r.client.plugins.gpu.GpuPlugin - Rebuilt zone wv=0 x=8 z=13
2026-05-24 12:50:54 CDT [Client] DEBUG net.runelite.client.game.LootManager - Item despawn 526 (1) location LocalPoint(x=5824, y=11200, worldView=0)
2026-05-24 12:50:54 CDT [Client] DEBUG net.runelite.client.game.LootManager - Item despawn 2132 (1) location LocalPoint(x=5824, y=11200, worldView=0)
2026-05-24 12:50:54 CDT [Client] DEBUG n.r.client.plugins.gpu.GpuPlugin - Zone invalidated: wx=0 x=12 z=11
2026-05-24 12:50:54 CDT [Client] DEBUG n.r.client.plugins.gpu.GpuPlugin - Rebuilt zone wv=0 x=12 z=11
2026-05-24 12:50:56 CDT [Client] DEBUG n.r.client.plugins.gpu.GpuPlugin - Zone invalidated: wx=0 x=12 z=11
2026-05-24 12:50:56 CDT [Client] DEBUG n.r.client.plugins.gpu.GpuPlugin - Rebuilt zone wv=0 x=12 z=11
2026-05-24 12:50:57 CDT [Client] DEBUG n.r.client.plugins.gpu.GpuPlugin - Zone invalidated: wx=0 x=12 z=11
2026-05-24 12:50:57 CDT [Client] DEBUG n.r.client.plugins.gpu.GpuPlugin - Rebuilt zone wv=0 x=12 z=11
2026-05-24 12:50:57 CDT [Client] DEBUG net.runelite.client.game.LootManager - Item spawn 526 (1) location LocalPoint(x=6080, y=9536, worldView=0)
2026-05-24 12:50:58 CDT [Client] DEBUG n.r.client.plugins.gpu.GpuPlugin - Zone invalidated: wx=0 x=12 z=11
2026-05-24 12:50:58 CDT [Client] DEBUG n.r.client.plugins.gpu.GpuPlugin - Rebuilt zone wv=0 x=12 z=11
2026-05-24 12:51:00 CDT [Client] DEBUG n.r.client.plugins.gpu.GpuPlugin - Zone invalidated: wx=0 x=8 z=13
2026-05-24 12:51:00 CDT [Client] DEBUG n.r.client.plugins.gpu.GpuPlugin - Rebuilt zone wv=0 x=8 z=13
2026-05-24 12:51:02 CDT [Client] DEBUG net.runelite.client.game.LootManager - Item spawn 526 (1) location LocalPoint(x=6080, y=11072, worldView=0)
2026-05-24 12:51:02 CDT [Client] DEBUG net.runelite.client.game.LootManager - Item spawn 2132 (1) location LocalPoint(x=6080, y=11072, worldView=0)
2026-05-24 12:51:04 CDT [pool-2-thread-1] DEBUG n.r.client.config.ConfigManager - Setting configuration value for xpTracker.rsprofile.E4M4xC0b.state to {"skills":{"FISHING":{"s":0,"br":0,"ar":10,"t":186495441},"WOODCUTTING":{"s":325,"br":0,"ar":8662,"t":186456278},"FIREMAKING":{"s":0,"br":0,"ar":120,"t":186446517},"COOKING":{"s":0,"br":0,"ar":70,"t":186441638},"MINING":{"s":0,"br":0,"ar":35,"t":186331510},"SMITHING":{"s":0,"br":0,"ar":18,"t":186316869},"ATTACK":{"s":88,"br":0,"ar":420,"t":186253307},"RANGED":{"s":0,"br":0,"ar":12,"t":186222646},"MAGIC":{"s":0,"br":0,"ar":9,"t":186083196},"HITPOINTS":{"s":1182,"br":0,"ar":133,"t":147884949},"PRAYER":{"s":0,"br":0,"ar":4,"t":138998373}},"compactViewSkills":[],"overall":{"s":1154,"br":0,"ar":9934,"t":186496664}}
2026-05-24 12:51:05 CDT [Client] DEBUG net.runelite.client.game.LootManager - Item despawn 526 (1) location LocalPoint(x=6464, y=11328, worldView=0)
2026-05-24 12:51:05 CDT [Client] DEBUG net.runelite.client.game.LootManager - Item despawn 2132 (1) location LocalPoint(x=6464, y=11328, worldView=0)
2026-05-24 12:51:08 CDT [Client] DEBUG net.runelite.client.game.LootManager - Item spawn 526 (1) location LocalPoint(x=5568, y=8512, worldView=0)
2026-05-24 12:51:12 CDT [Client] DEBUG net.runelite.client.game.LootManager - Item spawn 2347 (1) location LocalPoint(x=6464, y=6848, worldView=0)
2026-05-24 12:51:16 CDT [Client] DEBUG net.runelite.client.game.LootManager - Item despawn 526 (1) location LocalPoint(x=6208, y=11072, worldView=0)
2026-05-24 12:51:16 CDT [Client] DEBUG net.runelite.client.game.LootManager - Item despawn 2132 (1) location LocalPoint(x=6208, y=11072, worldView=0)
2026-05-24 12:51:17 CDT [Client] DEBUG net.runelite.client.game.LootManager - Item despawn 526 (1) location LocalPoint(x=6336, y=10816, worldView=0)
2026-05-24 12:51:17 CDT [Client] DEBUG net.runelite.client.game.LootManager - Item despawn 2132 (1) location LocalPoint(x=6336, y=10816, worldView=0)
2026-05-24 12:51:17 CDT [Client] DEBUG net.runelite.client.game.LootManager - Item spawn 526 (1) location LocalPoint(x=5952, y=11456, worldView=0)
2026-05-24 12:51:17 CDT [Client] DEBUG net.runelite.client.game.LootManager - Item spawn 2132 (1) location LocalPoint(x=5952, y=11456, worldView=0)
2026-05-24 12:51:28 CDT [Client] DEBUG net.runelite.client.game.LootManager - Item despawn 526 (1) location LocalPoint(x=6464, y=11456, worldView=0)
2026-05-24 12:51:28 CDT [Client] DEBUG net.runelite.client.game.LootManager - Item despawn 2132 (1) location LocalPoint(x=6464, y=11456, worldView=0)
2026-05-24 12:51:28 CDT [Client] DEBUG n.r.client.plugins.gpu.GpuPlugin - Zone invalidated: wx=0 x=8 z=12
2026-05-24 12:51:28 CDT [Client] DEBUG n.r.client.plugins.gpu.GpuPlugin - Rebuilt zone wv=0 x=8 z=12
2026-05-24 12:51:30 CDT [Client] DEBUG net.runelite.client.game.LootManager - Item despawn 526 (1) location LocalPoint(x=6720, y=10432, worldView=0)
2026-05-24 12:51:30 CDT [Client] DEBUG net.runelite.client.game.LootManager - Item despawn 2132 (1) location LocalPoint(x=6720, y=10432, worldView=0)
2026-05-24 12:51:31 CDT [Client] DEBUG net.runelite.client.game.LootManager - Item despawn 1519 (1) location LocalPoint(x=3392, y=8000, worldView=0)
2026-05-24 12:51:32 CDT [Client] DEBUG net.runelite.client.game.LootManager - Item despawn 1519 (1) location LocalPoint(x=3392, y=8000, worldView=0)
2026-05-24 12:51:32 CDT [Client] DEBUG net.runelite.client.game.LootManager - Item despawn 1519 (1) location LocalPoint(x=3392, y=8000, worldView=0)
2026-05-24 12:51:32 CDT [Client] DEBUG n.r.client.plugins.gpu.GpuPlugin - Zone invalidated: wx=0 x=7 z=13
2026-05-24 12:51:32 CDT [Client] DEBUG n.r.client.plugins.gpu.GpuPlugin - Rebuilt zone wv=0 x=7 z=13
2026-05-24 12:51:33 CDT [Client] DEBUG net.runelite.client.game.LootManager - Item despawn 1519 (1) location LocalPoint(x=3392, y=8000, worldView=0)
2026-05-24 12:51:33 CDT [Client] DEBUG net.runelite.client.game.LootManager - Item despawn 1519 (1) location LocalPoint(x=3392, y=8000, worldView=0)
2026-05-24 12:51:33 CDT [Client] DEBUG net.runelite.client.game.LootManager - Item spawn 526 (1) location LocalPoint(x=6208, y=11840, worldView=0)
2026-05-24 12:51:33 CDT [Client] DEBUG net.runelite.client.game.LootManager - Item spawn 2132 (1) location LocalPoint(x=6208, y=11840, worldView=0)
2026-05-24 12:51:33 CDT [Client] DEBUG net.runelite.client.game.LootManager - Item spawn 1739 (1) location LocalPoint(x=6208, y=11840, worldView=0)
2026-05-24 12:51:34 CDT [Client] DEBUG net.runelite.client.game.LootManager - Item despawn 1519 (1) location LocalPoint(x=3392, y=8000, worldView=0)
2026-05-24 12:51:35 CDT [Client] DEBUG net.runelite.client.game.LootManager - Item despawn 1519 (1) location LocalPoint(x=3392, y=8000, worldView=0)
2026-05-24 12:51:35 CDT [Client] DEBUG net.runelite.client.game.LootManager - Item spawn 526 (1) location LocalPoint(x=6080, y=10944, worldView=0)
2026-05-24 12:51:35 CDT [Client] DEBUG net.runelite.client.game.LootManager - Item spawn 2132 (1) location LocalPoint(x=6080, y=10944, worldView=0)
2026-05-24 12:51:35 CDT [Client] DEBUG net.runelite.client.game.LootManager - Item despawn 1519 (1) location LocalPoint(x=3392, y=8000, worldView=0)
2026-05-24 12:51:36 CDT [Client] DEBUG net.runelite.client.game.LootManager - Item despawn 526 (1) location LocalPoint(x=6720, y=10944, worldView=0)
2026-05-24 12:51:36 CDT [Client] DEBUG net.runelite.client.game.LootManager - Item despawn 2132 (1) location LocalPoint(x=6720, y=10944, worldView=0)
2026-05-24 12:51:36 CDT [Client] DEBUG net.runelite.client.game.LootManager - Item despawn 1519 (1) location LocalPoint(x=3392, y=8000, worldView=0)
2026-05-24 12:51:36 CDT [Client] DEBUG n.r.client.plugins.gpu.GpuPlugin - Zone invalidated: wx=0 x=8 z=12
2026-05-24 12:51:36 CDT [Client] DEBUG n.r.client.plugins.gpu.GpuPlugin - Rebuilt zone wv=0 x=8 z=12
2026-05-24 12:51:37 CDT [Client] DEBUG net.runelite.client.game.LootManager - Item despawn 1519 (1) location LocalPoint(x=3392, y=8000, worldView=0)
2026-05-24 12:51:38 CDT [Client] DEBUG net.runelite.client.game.LootManager - Item despawn 1519 (1) location LocalPoint(x=3392, y=8000, worldView=0)
2026-05-24 12:51:38 CDT [Client] DEBUG net.runelite.client.game.LootManager - Item despawn 1519 (1) location LocalPoint(x=3392, y=8000, worldView=0)
2026-05-24 12:51:39 CDT [Client] DEBUG net.runelite.client.game.LootManager - Item despawn 1519 (1) location LocalPoint(x=3392, y=8000, worldView=0)
2026-05-24 12:51:39 CDT [Client] DEBUG net.runelite.client.game.LootManager - Item despawn 1519 (1) location LocalPoint(x=3392, y=8000, worldView=0)
2026-05-24 12:51:40 CDT [Client] DEBUG net.runelite.client.game.LootManager - Item despawn 1519 (1) location LocalPoint(x=3392, y=8000, worldView=0)
2026-05-24 12:51:41 CDT [Client] DEBUG net.runelite.client.game.LootManager - Item despawn 1519 (1) location LocalPoint(x=3392, y=8000, worldView=0)
2026-05-24 12:51:41 CDT [Client] DEBUG net.runelite.client.game.LootManager - Item despawn 1519 (1) location LocalPoint(x=3392, y=8000, worldView=0)
2026-05-24 12:51:42 CDT [Client] DEBUG net.runelite.client.game.LootManager - Item despawn 1519 (1) location LocalPoint(x=3392, y=8000, worldView=0)
2026-05-24 12:51:42 CDT [Client] DEBUG net.runelite.client.game.LootManager - Item despawn 1519 (1) location LocalPoint(x=3392, y=8000, worldView=0)
2026-05-24 12:51:43 CDT [Client] DEBUG net.runelite.client.game.LootManager - Item despawn 1519 (1) location LocalPoint(x=3392, y=8000, worldView=0)
2026-05-24 12:51:44 CDT [Client] DEBUG net.runelite.client.game.LootManager - Item despawn 1519 (1) location LocalPoint(x=3392, y=8000, worldView=0)
2026-05-24 12:51:44 CDT [Client] DEBUG net.runelite.client.game.LootManager - Item despawn 1519 (1) location LocalPoint(x=3392, y=8000, worldView=0)
2026-05-24 12:51:45 CDT [Client] DEBUG net.runelite.client.game.LootManager - Item despawn 1519 (1) location LocalPoint(x=3392, y=8000, worldView=0)
2026-05-24 12:51:45 CDT [Client] DEBUG net.runelite.client.game.LootManager - Item despawn 1519 (1) location LocalPoint(x=3392, y=8000, worldView=0)
2026-05-24 12:51:46 CDT [Client] DEBUG net.runelite.client.game.LootManager - Item spawn 526 (1) location LocalPoint(x=6464, y=7360, worldView=0)
2026-05-24 12:51:47 CDT [Client] DEBUG net.runelite.client.game.LootManager - Item despawn 1519 (1) location LocalPoint(x=3392, y=8000, worldView=0)
2026-05-24 12:51:47 CDT [Client] DEBUG net.runelite.client.game.LootManager - Item despawn 1519 (1) location LocalPoint(x=3392, y=8000, worldView=0)
2026-05-24 12:51:48 CDT [Client] DEBUG net.runelite.client.game.LootManager - Item despawn 1519 (1) location LocalPoint(x=3392, y=8000, worldView=0)
2026-05-24 12:51:50 CDT [Client] DEBUG net.runelite.client.game.LootManager - Item despawn 526 (1) location LocalPoint(x=5952, y=9920, worldView=0)
2026-05-24 12:51:53 CDT [Client] DEBUG net.runelite.client.game.LootManager - Item despawn 526 (1) location LocalPoint(x=6464, y=7360, worldView=0)
2026-05-24 12:51:55 CDT [Client] DEBUG net.runelite.client.game.LootManager - Item spawn 526 (1) location LocalPoint(x=6464, y=11456, worldView=0)
2026-05-24 12:51:55 CDT [Client] DEBUG net.runelite.client.game.LootManager - Item spawn 2132 (1) location LocalPoint(x=6464, y=11456, worldView=0)
2026-05-24 12:51:55 CDT [Client] DEBUG net.runelite.client.game.LootManager - Item spawn 1739 (1) location LocalPoint(x=6464, y=11456, worldView=0)
2026-05-24 12:51:57 CDT [Client] DEBUG net.runelite.client.game.LootManager - Item despawn 526 (1) location LocalPoint(x=6080, y=9536, worldView=0)
2026-05-24 12:51:57 CDT [Client] DEBUG net.runelite.client.game.LootManager - Item spawn 526 (1) location LocalPoint(x=6464, y=11072, worldView=0)
2026-05-24 12:51:57 CDT [Client] DEBUG net.runelite.client.game.LootManager - Item spawn 2132 (1) location LocalPoint(x=6464, y=11072, worldView=0)
2026-05-24 12:51:59 CDT [Client] DEBUG net.runelite.client.game.LootManager - Item spawn 1519 (1) location LocalPoint(x=3392, y=8000, worldView=0)
2026-05-24 12:52:02 CDT [Client] DEBUG net.runelite.client.game.LootManager - Item despawn 526 (1) location LocalPoint(x=6080, y=11072, worldView=0)
2026-05-24 12:52:02 CDT [Client] DEBUG net.runelite.client.game.LootManager - Item despawn 2132 (1) location LocalPoint(x=6080, y=11072, worldView=0)
2026-05-24 12:52:04 CDT [pool-2-thread-1] DEBUG n.r.client.config.ConfigManager - Setting configuration value for xpTracker.rsprofile.E4M4xC0b.state to {"skills":{"FISHING":{"s":0,"br":0,"ar":10,"t":186555585},"WOODCUTTING":{"s":325,"br":0,"ar":8662,"t":186516422},"FIREMAKING":{"s":0,"br":0,"ar":120,"t":186506661},"COOKING":{"s":0,"br":0,"ar":70,"t":186501782},"MINING":{"s":0,"br":0,"ar":35,"t":186391654},"SMITHING":{"s":0,"br":0,"ar":18,"t":186377013},"ATTACK":{"s":88,"br":0,"ar":420,"t":186313451},"RANGED":{"s":0,"br":0,"ar":12,"t":186282790},"MAGIC":{"s":0,"br":0,"ar":9,"t":186143340},"HITPOINTS":{"s":1182,"br":0,"ar":133,"t":147945093},"PRAYER":{"s":0,"br":0,"ar":4,"t":139058517}},"compactViewSkills":[],"overall":{"s":1154,"br":0,"ar":9934,"t":186556808}}
2026-05-24 12:52:08 CDT [Client] DEBUG n.r.client.plugins.gpu.GpuPlugin - Zone invalidated: wx=0 x=8 z=13
2026-05-24 12:52:08 CDT [Client] DEBUG n.r.client.plugins.gpu.GpuPlugin - Rebuilt zone wv=0 x=8 z=13
2026-05-24 12:52:08 CDT [Client] DEBUG net.runelite.client.game.LootManager - Item despawn 526 (1) location LocalPoint(x=5568, y=8512, worldView=0)
2026-05-24 12:52:09 CDT [Client] DEBUG net.runelite.client.game.LootManager - Item spawn 526 (1) location LocalPoint(x=6464, y=11200, worldView=0)
2026-05-24 12:52:09 CDT [Client] DEBUG net.runelite.client.game.LootManager - Item spawn 2132 (1) location LocalPoint(x=6464, y=11200, worldView=0)
2026-05-24 12:52:12 CDT [Client] DEBUG net.runelite.client.game.LootManager - Item despawn 2347 (1) location LocalPoint(x=6464, y=6848, worldView=0)
2026-05-24 12:52:14 CDT [Client] DEBUG net.runelite.client.game.LootManager - Item spawn 25766 (1) location LocalPoint(x=2496, y=6464, worldView=0)
2026-05-24 12:52:16 CDT [Client] DEBUG n.r.client.plugins.gpu.GpuPlugin - Zone invalidated: wx=0 x=8 z=13
2026-05-24 12:52:16 CDT [Client] DEBUG n.r.client.plugins.gpu.GpuPlugin - Rebuilt zone wv=0 x=8 z=13
2026-05-24 12:52:17 CDT [Client] DEBUG net.runelite.client.game.LootManager - Item spawn 1519 (1) location LocalPoint(x=3392, y=8000, worldView=0)
2026-05-24 12:52:17 CDT [Client] DEBUG net.runelite.client.game.LootManager - Item spawn 1519 (1) location LocalPoint(x=3392, y=8000, worldView=0)
2026-05-24 12:52:17 CDT [Client] DEBUG net.runelite.client.game.LootManager - Item despawn 526 (1) location LocalPoint(x=5952, y=11456, worldView=0)
2026-05-24 12:52:17 CDT [Client] DEBUG net.runelite.client.game.LootManager - Item despawn 2132 (1) location LocalPoint(x=5952, y=11456, worldView=0)
2026-05-24 12:52:18 CDT [Client] DEBUG net.runelite.client.game.LootManager - Item spawn 1519 (1) location LocalPoint(x=3392, y=8000, worldView=0)
2026-05-24 12:52:18 CDT [Client] DEBUG net.runelite.client.game.LootManager - Item spawn 1519 (1) location LocalPoint(x=3392, y=8000, worldView=0)
2026-05-24 12:52:19 CDT [Client] DEBUG net.runelite.client.game.LootManager - Item spawn 1519 (1) location LocalPoint(x=3392, y=8000, worldView=0)
2026-05-24 12:52:20 CDT [Client] DEBUG net.runelite.client.game.LootManager - Item spawn 1519 (1) location LocalPoint(x=3392, y=8000, worldView=0)
2026-05-24 12:52:21 CDT [Client] DEBUG net.runelite.client.game.LootManager - Item spawn 1519 (1) location LocalPoint(x=3392, y=8000, worldView=0)
2026-05-24 12:52:21 CDT [Client] DEBUG net.runelite.client.game.LootManager - Item spawn 1519 (1) location LocalPoint(x=3392, y=8000, worldView=0)
2026-05-24 12:52:21 CDT [Client] DEBUG net.runelite.client.game.LootManager - Item spawn 526 (1) location LocalPoint(x=6592, y=11712, worldView=0)
2026-05-24 12:52:21 CDT [Client] DEBUG net.runelite.client.game.LootManager - Item spawn 2132 (1) location LocalPoint(x=6592, y=11712, worldView=0)
2026-05-24 12:52:21 CDT [Client] DEBUG net.runelite.client.game.LootManager - Item spawn 1739 (1) location LocalPoint(x=6592, y=11712, worldView=0)
2026-05-24 12:52:22 CDT [Client] DEBUG net.runelite.client.game.LootManager - Item spawn 1519 (1) location LocalPoint(x=3392, y=8000, worldView=0)
2026-05-24 12:52:23 CDT [Client] DEBUG net.runelite.client.game.LootManager - Item spawn 1519 (1) location LocalPoint(x=3392, y=8000, worldView=0)
2026-05-24 12:52:23 CDT [Client] DEBUG net.runelite.client.game.LootManager - Item spawn 1519 (1) location LocalPoint(x=3392, y=8000, worldView=0)
2026-05-24 12:52:24 CDT [Client] DEBUG net.runelite.client.game.LootManager - Item spawn 1519 (1) location LocalPoint(x=3392, y=8000, worldView=0)
2026-05-24 12:52:24 CDT [Client] DEBUG net.runelite.client.game.LootManager - Item spawn 1519 (1) location LocalPoint(x=3392, y=8000, worldView=0)
2026-05-24 12:52:25 CDT [Client] DEBUG net.runelite.client.game.LootManager - Item spawn 526 (1) location LocalPoint(x=6464, y=10688, worldView=0)
2026-05-24 12:52:25 CDT [Client] DEBUG net.runelite.client.game.LootManager - Item spawn 2132 (1) location LocalPoint(x=6464, y=10688, worldView=0)
2026-05-24 12:52:25 CDT [Client] DEBUG net.runelite.client.game.LootManager - Item spawn 1519 (1) location LocalPoint(x=3392, y=8000, worldView=0)
2026-05-24 12:52:26 CDT [Client] DEBUG net.runelite.client.game.LootManager - Item spawn 1519 (1) location LocalPoint(x=3392, y=8000, worldView=0)
2026-05-24 12:52:26 CDT [Client] DEBUG net.runelite.client.game.LootManager - Item spawn 1519 (1) location LocalPoint(x=3392, y=8000, worldView=0)
2026-05-24 12:52:27 CDT [Client] DEBUG net.runelite.client.game.LootManager - Item spawn 1519 (1) location LocalPoint(x=3392, y=8000, worldView=0)
2026-05-24 12:52:27 CDT [Client] DEBUG net.runelite.client.game.LootManager - Item spawn 1519 (1) location LocalPoint(x=3392, y=8000, worldView=0)
2026-05-24 12:52:28 CDT [Client] DEBUG net.runelite.client.game.LootManager - Item spawn 1519 (1) location LocalPoint(x=3392, y=8000, worldView=0)
2026-05-24 12:52:29 CDT [Client] DEBUG net.runelite.client.game.LootManager - Item spawn 1519 (1) location LocalPoint(x=3392, y=8000, worldView=0)
2026-05-24 12:52:29 CDT [Client] DEBUG net.runelite.client.game.LootManager - Item despawn 1739 (1) location LocalPoint(x=6592, y=11712, worldView=0)
2026-05-24 12:52:29 CDT [Client] DEBUG net.runelite.client.game.LootManager - Item spawn 1519 (1) location LocalPoint(x=3392, y=8000, worldView=0)
2026-05-24 12:52:30 CDT [Client] DEBUG net.runelite.client.game.LootManager - Item spawn 1519 (1) location LocalPoint(x=3392, y=8000, worldView=0)
2026-05-24 12:52:30 CDT [Client] DEBUG net.runelite.client.game.LootManager - Item spawn 1519 (1) location LocalPoint(x=3392, y=8000, worldView=0)
2026-05-24 12:52:30 CDT [Client] DEBUG n.r.client.plugins.gpu.GpuPlugin - Zone invalidated: wx=0 x=7 z=13
2026-05-24 12:52:30 CDT [Client] DEBUG n.r.client.plugins.gpu.GpuPlugin - Rebuilt zone wv=0 x=7 z=13
2026-05-24 12:52:31 CDT [Client] DEBUG net.runelite.client.game.LootManager - Item spawn 1519 (1) location LocalPoint(x=3392, y=8000, worldView=0)
2026-05-24 12:52:31 CDT [Client] DEBUG net.runelite.client.game.LootManager - Item despawn 1739 (1) location LocalPoint(x=6464, y=11456, worldView=0)
2026-05-24 12:52:32 CDT [Client] DEBUG net.runelite.client.game.LootManager - Item spawn 1519 (1) location LocalPoint(x=3392, y=8000, worldView=0)
2026-05-24 12:52:33 CDT [Client] DEBUG net.runelite.client.game.LootManager - Item despawn 526 (1) location LocalPoint(x=6208, y=11840, worldView=0)
2026-05-24 12:52:33 CDT [Client] DEBUG net.runelite.client.game.LootManager - Item despawn 2132 (1) location LocalPoint(x=6208, y=11840, worldView=0)
2026-05-24 12:52:33 CDT [Client] DEBUG net.runelite.client.game.LootManager - Item despawn 1739 (1) location LocalPoint(x=6208, y=11840, worldView=0)
2026-05-24 12:52:35 CDT [Client] DEBUG net.runelite.client.game.LootManager - Item despawn 526 (1) location LocalPoint(x=6080, y=10944, worldView=0)
2026-05-24 12:52:35 CDT [Client] DEBUG net.runelite.client.game.LootManager - Item despawn 2132 (1) location LocalPoint(x=6080, y=10944, worldView=0)
2026-05-24 12:52:39 CDT [Client] DEBUG net.runelite.client.game.LootManager - Item spawn 526 (1) location LocalPoint(x=6464, y=10816, worldView=0)
2026-05-24 12:52:39 CDT [Client] DEBUG net.runelite.client.game.LootManager - Item spawn 2132 (1) location LocalPoint(x=6464, y=10816, worldView=0)
2026-05-24 12:52:39 CDT [Client] DEBUG n.r.client.plugins.gpu.GpuPlugin - Zone invalidated: wx=0 x=8 z=12
2026-05-24 12:52:39 CDT [Client] DEBUG n.r.client.plugins.gpu.GpuPlugin - Rebuilt zone wv=0 x=8 z=12
2026-05-24 12:52:39 CDT [Client] DEBUG net.runelite.client.game.LootManager - Item spawn 526 (1) location LocalPoint(x=6464, y=11072, worldView=0)
2026-05-24 12:52:39 CDT [Client] DEBUG net.runelite.client.game.LootManager - Item spawn 2132 (1) location LocalPoint(x=6464, y=11072, worldView=0)
2026-05-24 12:52:39 CDT [Client] DEBUG net.runelite.client.game.LootManager - Item spawn 1739 (1) location LocalPoint(x=6464, y=11072, worldView=0)
2026-05-24 12:52:46 CDT [Client] DEBUG net.runelite.client.game.LootManager - Item spawn 526 (1) location LocalPoint(x=6464, y=10688, worldView=0)
2026-05-24 12:52:46 CDT [Client] DEBUG net.runelite.client.game.LootManager - Item spawn 2132 (1) location LocalPoint(x=6464, y=10688, worldView=0)
2026-05-24 12:52:47 CDT [Client] DEBUG n.r.client.plugins.gpu.GpuPlugin - Zone invalidated: wx=0 x=8 z=12
2026-05-24 12:52:47 CDT [Client] DEBUG n.r.client.plugins.gpu.GpuPlugin - Rebuilt zone wv=0 x=8 z=12
2026-05-24 12:52:55 CDT [Client] DEBUG net.runelite.client.game.LootManager - Item despawn 526 (1) location LocalPoint(x=6464, y=11456, worldView=0)
2026-05-24 12:52:55 CDT [Client] DEBUG net.runelite.client.game.LootManager - Item despawn 2132 (1) location LocalPoint(x=6464, y=11456, worldView=0)
2026-05-24 12:52:55 CDT [Client] DEBUG net.runelite.client.game.LootManager - Item spawn 526 (1) location LocalPoint(x=6336, y=11584, worldView=0)
2026-05-24 12:52:55 CDT [Client] DEBUG net.runelite.client.game.LootManager - Item spawn 2132 (1) location LocalPoint(x=6336, y=11584, worldView=0)
2026-05-24 12:52:55 CDT [Client] DEBUG net.runelite.client.game.LootManager - Item spawn 1739 (1) location LocalPoint(x=6336, y=11584, worldView=0)
2026-05-24 12:52:57 CDT [Client] DEBUG net.runelite.client.game.LootManager - Item despawn 526 (1) location LocalPoint(x=6464, y=11072, worldView=0)
2026-05-24 12:52:57 CDT [Client] DEBUG net.runelite.client.game.LootManager - Item despawn 2132 (1) location LocalPoint(x=6464, y=11072, worldView=0)
2026-05-24 12:53:02 CDT [Client] DEBUG net.runelite.client.game.LootManager - Item spawn 526 (1) location LocalPoint(x=6336, y=10432, worldView=0)
2026-05-24 12:53:02 CDT [Client] DEBUG net.runelite.client.game.LootManager - Item spawn 2132 (1) location LocalPoint(x=6336, y=10432, worldView=0)
2026-05-24 12:53:04 CDT [pool-2-thread-1] DEBUG n.r.client.config.ConfigManager - Setting configuration value for xpTracker.rsprofile.E4M4xC0b.state to {"skills":{"FISHING":{"s":0,"br":0,"ar":10,"t":186615696},"WOODCUTTING":{"s":325,"br":0,"ar":8662,"t":186576533},"FIREMAKING":{"s":0,"br":0,"ar":120,"t":186566772},"COOKING":{"s":0,"br":0,"ar":70,"t":186561893},"MINING":{"s":0,"br":0,"ar":35,"t":186451765},"SMITHING":{"s":0,"br":0,"ar":18,"t":186437124},"ATTACK":{"s":88,"br":0,"ar":420,"t":186373562},"RANGED":{"s":0,"br":0,"ar":12,"t":186342901},"MAGIC":{"s":0,"br":0,"ar":9,"t":186203451},"HITPOINTS":{"s":1182,"br":0,"ar":133,"t":148005204},"PRAYER":{"s":0,"br":0,"ar":4,"t":139118628}},"compactViewSkills":[],"overall":{"s":1154,"br":0,"ar":9934,"t":186616919}}
2026-05-24 12:53:06 CDT [Client] DEBUG net.runelite.client.game.LootManager - Item spawn 526 (1) location LocalPoint(x=6592, y=10944, worldView=0)
2026-05-24 12:53:06 CDT [Client] DEBUG net.runelite.client.game.LootManager - Item spawn 2132 (1) location LocalPoint(x=6592, y=10944, worldView=0)
2026-05-24 12:53:06 CDT [Client] DEBUG net.runelite.client.game.LootManager - Item spawn 1739 (1) location LocalPoint(x=6592, y=10944, worldView=0)
2026-05-24 12:53:09 CDT [Client] DEBUG net.runelite.client.game.LootManager - Item despawn 526 (1) location LocalPoint(x=6464, y=11200, worldView=0)
2026-05-24 12:53:09 CDT [Client] DEBUG net.runelite.client.game.LootManager - Item despawn 2132 (1) location LocalPoint(x=6464, y=11200, worldView=0)
2026-05-24 12:53:11 CDT [Client] DEBUG net.runelite.client.game.LootManager - Item spawn 526 (1) location LocalPoint(x=6080, y=10432, worldView=0)
2026-05-24 12:53:11 CDT [Client] DEBUG net.runelite.client.game.LootManager - Item spawn 2132 (1) location LocalPoint(x=6080, y=10432, worldView=0)
2026-05-24 12:53:14 CDT [Client] DEBUG net.runelite.client.game.LootManager - Item despawn 25766 (1) location LocalPoint(x=2496, y=6464, worldView=0)
2026-05-24 12:53:15 CDT [Client] DEBUG n.r.client.plugins.gpu.GpuPlugin - Zone invalidated: wx=0 x=8 z=13
2026-05-24 12:53:15 CDT [Client] DEBUG n.r.client.plugins.gpu.GpuPlugin - Rebuilt zone wv=0 x=8 z=13
2026-05-24 12:53:21 CDT [Client] DEBUG net.runelite.client.game.LootManager - Item spawn 526 (1) location LocalPoint(x=5952, y=10560, worldView=0)
2026-05-24 12:53:21 CDT [Client] DEBUG net.runelite.client.game.LootManager - Item spawn 2132 (1) location LocalPoint(x=5952, y=10560, worldView=0)
2026-05-24 12:53:21 CDT [Client] DEBUG net.runelite.client.game.LootManager - Item spawn 1739 (1) location LocalPoint(x=5952, y=10560, worldView=0)
2026-05-24 12:53:21 CDT [Client] DEBUG net.runelite.client.game.LootManager - Item despawn 526 (1) location LocalPoint(x=6592, y=11712, worldView=0)
2026-05-24 12:53:21 CDT [Client] DEBUG net.runelite.client.game.LootManager - Item despawn 2132 (1) location LocalPoint(x=6592, y=11712, worldView=0)
2026-05-24 12:53:23 CDT [Client] DEBUG net.runelite.client.game.LootManager - Item spawn 2347 (1) location LocalPoint(x=5440, y=6592, worldView=0)
2026-05-24 12:53:24 CDT [Client] DEBUG n.r.client.plugins.gpu.GpuPlugin - Zone invalidated: wx=0 x=8 z=13
2026-05-24 12:53:24 CDT [Client] DEBUG n.r.client.plugins.gpu.GpuPlugin - Rebuilt zone wv=0 x=8 z=13
2026-05-24 12:53:24 CDT [Client] DEBUG n.r.client.config.ConfigManager - Setting configuration value for timetracking.rsprofile.E4M4xC0b.12594.4771 to 0:1779645204
2026-05-24 12:53:25 CDT [Client] DEBUG net.runelite.client.game.LootManager - Item despawn 526 (1) location LocalPoint(x=6464, y=10688, worldView=0)
2026-05-24 12:53:25 CDT [Client] DEBUG net.runelite.client.game.LootManager - Item despawn 2132 (1) location LocalPoint(x=6464, y=10688, worldView=0)
2026-05-24 12:53:26 CDT [Client] DEBUG net.runelite.client.game.LootManager - Item spawn 526 (1) location LocalPoint(x=6848, y=10688, worldView=0)
2026-05-24 12:53:26 CDT [Client] DEBUG net.runelite.client.game.LootManager - Item spawn 2132 (1) location LocalPoint(x=6848, y=10688, worldView=0)
2026-05-24 12:53:26 CDT [Client] DEBUG net.runelite.client.game.LootManager - Item spawn 1739 (1) location LocalPoint(x=6848, y=10688, worldView=0)
2026-05-24 12:53:30 CDT [Client] DEBUG net.runelite.client.game.LootManager - Item spawn 526 (1) location LocalPoint(x=6464, y=11584, worldView=0)
2026-05-24 12:53:30 CDT [Client] DEBUG net.runelite.client.game.LootManager - Item spawn 2132 (1) location LocalPoint(x=6464, y=11584, worldView=0)
2026-05-24 12:53:35 CDT [Client] DEBUG net.runelite.client.game.LootManager - Item despawn 1739 (1) location LocalPoint(x=5952, y=10560, worldView=0)
2026-05-24 12:53:36 CDT [Client] DEBUG n.r.client.plugins.gpu.GpuPlugin - Zone invalidated: wx=0 x=8 z=12
2026-05-24 12:53:36 CDT [Client] DEBUG n.r.client.plugins.gpu.GpuPlugin - Rebuilt zone wv=0 x=8 z=12
2026-05-24 12:53:39 CDT [Client] DEBUG net.runelite.client.game.LootManager - Item despawn 526 (1) location LocalPoint(x=6464, y=10816, worldView=0)
2026-05-24 12:53:39 CDT [Client] DEBUG net.runelite.client.game.LootManager - Item despawn 2132 (1) location LocalPoint(x=6464, y=10816, worldView=0)
2026-05-24 12:53:39 CDT [Client] DEBUG net.runelite.client.game.LootManager - Item despawn 526 (1) location LocalPoint(x=6464, y=11072, worldView=0)
2026-05-24 12:53:39 CDT [Client] DEBUG net.runelite.client.game.LootManager - Item despawn 2132 (1) location LocalPoint(x=6464, y=11072, worldView=0)
2026-05-24 12:53:39 CDT [Client] DEBUG net.runelite.client.game.LootManager - Item despawn 1739 (1) location LocalPoint(x=6464, y=11072, worldView=0)
2026-05-24 12:53:42 CDT [Client] DEBUG net.runelite.client.game.LootManager - Item spawn 526 (1) location LocalPoint(x=6080, y=10176, worldView=0)
2026-05-24 12:53:42 CDT [Client] DEBUG net.runelite.client.game.LootManager - Item spawn 2132 (1) location LocalPoint(x=6080, y=10176, worldView=0)
2026-05-24 12:53:42 CDT [Client] DEBUG net.runelite.client.game.LootManager - Item spawn 1739 (1) location LocalPoint(x=6080, y=10176, worldView=0)
2026-05-24 12:53:44 CDT [Client] DEBUG net.runelite.client.game.LootManager - Item spawn 526 (1) location LocalPoint(x=6464, y=11840, worldView=0)
2026-05-24 12:53:44 CDT [Client] DEBUG net.runelite.client.game.LootManager - Item spawn 2132 (1) location LocalPoint(x=6464, y=11840, worldView=0)
2026-05-24 12:53:44 CDT [Client] DEBUG n.r.client.plugins.gpu.GpuPlugin - Zone invalidated: wx=0 x=8 z=12
2026-05-24 12:53:44 CDT [Client] DEBUG n.r.client.plugins.gpu.GpuPlugin - Rebuilt zone wv=0 x=8 z=12
2026-05-24 12:53:46 CDT [Client] DEBUG net.runelite.client.game.LootManager - Item despawn 526 (1) location LocalPoint(x=6464, y=10688, worldView=0)
2026-05-24 12:53:46 CDT [Client] DEBUG net.runelite.client.game.LootManager - Item despawn 2132 (1) location LocalPoint(x=6464, y=10688, worldView=0)
2026-05-24 12:53:52 CDT [pool-2-thread-1] DEBUG n.runelite.client.game.WorldService - Fetching worlds
2026-05-24 12:53:52 CDT [pool-2-thread-1] DEBUG net.runelite.client.game.WorldClient - Built URI: https://api.runelite.net/runelite-1.12.26.3/worlds.js
2026-05-24 12:53:54 CDT [Client] DEBUG net.runelite.client.game.LootManager - Item despawn 1739 (1) location LocalPoint(x=6080, y=10176, worldView=0)
2026-05-24 12:53:54 CDT [Client] DEBUG net.runelite.client.game.LootManager - Item spawn 526 (1) location LocalPoint(x=6592, y=11456, worldView=0)
2026-05-24 12:53:54 CDT [Client] DEBUG net.runelite.client.game.LootManager - Item spawn 2132 (1) location LocalPoint(x=6592, y=11456, worldView=0)
2026-05-24 12:53:55 CDT [Client] DEBUG net.runelite.client.game.LootManager - Item despawn 526 (1) location LocalPoint(x=6336, y=11584, worldView=0)
2026-05-24 12:53:55 CDT [Client] DEBUG net.runelite.client.game.LootManager - Item despawn 2132 (1) location LocalPoint(x=6336, y=11584, worldView=0)
2026-05-24 12:53:55 CDT [Client] DEBUG net.runelite.client.game.LootManager - Item despawn 1739 (1) location LocalPoint(x=6336, y=11584, worldView=0)
2026-05-24 12:53:57 CDT [Client] DEBUG n.r.client.plugins.gpu.GpuPlugin - Zone invalidated: wx=0 x=8 z=13
2026-05-24 12:53:57 CDT [Client] DEBUG n.r.client.plugins.gpu.GpuPlugin - Rebuilt zone wv=0 x=8 z=13
2026-05-24 12:53:59 CDT [Client] DEBUG net.runelite.client.game.LootManager - Item despawn 1519 (1) location LocalPoint(x=3392, y=8000, worldView=0)
2026-05-24 12:53:59 CDT [Client] DEBUG net.runelite.client.game.LootManager - Item spawn 526 (1) location LocalPoint(x=6080, y=10816, worldView=0)
2026-05-24 12:53:59 CDT [Client] DEBUG net.runelite.client.game.LootManager - Item spawn 2132 (1) location LocalPoint(x=6080, y=10816, worldView=0)
2026-05-24 12:53:59 CDT [Client] DEBUG net.runelite.client.game.LootManager - Item spawn 1739 (1) location LocalPoint(x=6080, y=10816, worldView=0)
2026-05-24 12:54:02 CDT [Client] DEBUG net.runelite.client.game.LootManager - Item despawn 526 (1) location LocalPoint(x=6336, y=10432, worldView=0)
2026-05-24 12:54:02 CDT [Client] DEBUG net.runelite.client.game.LootManager - Item despawn 2132 (1) location LocalPoint(x=6336, y=10432, worldView=0)
2026-05-24 12:54:04 CDT [pool-2-thread-1] DEBUG n.r.client.config.ConfigManager - Setting configuration value for xpTracker.rsprofile.E4M4xC0b.state to {"skills":{"FISHING":{"s":0,"br":0,"ar":10,"t":186675742},"WOODCUTTING":{"s":325,"br":0,"ar":8662,"t":186636579},"FIREMAKING":{"s":0,"br":0,"ar":120,"t":186626818},"COOKING":{"s":0,"br":0,"ar":70,"t":186621939},"MINING":{"s":0,"br":0,"ar":35,"t":186511811},"SMITHING":{"s":0,"br":0,"ar":18,"t":186497170},"ATTACK":{"s":88,"br":0,"ar":420,"t":186433608},"RANGED":{"s":0,"br":0,"ar":12,"t":186402947},"MAGIC":{"s":0,"br":0,"ar":9,"t":186263497},"HITPOINTS":{"s":1182,"br":0,"ar":133,"t":148065250},"PRAYER":{"s":0,"br":0,"ar":4,"t":139178674}},"compactViewSkills":[],"overall":{"s":1154,"br":0,"ar":9934,"t":186676965}}
2026-05-24 12:54:06 CDT [Client] DEBUG n.r.client.plugins.gpu.GpuPlugin - Zone invalidated: wx=0 x=8 z=13
2026-05-24 12:54:06 CDT [Client] DEBUG n.r.client.plugins.gpu.GpuPlugin - Rebuilt zone wv=0 x=8 z=13
2026-05-24 12:54:06 CDT [Client] DEBUG net.runelite.client.game.LootManager - Item despawn 526 (1) location LocalPoint(x=6592, y=10944, worldView=0)
2026-05-24 12:54:06 CDT [Client] DEBUG net.runelite.client.game.LootManager - Item despawn 2132 (1) location LocalPoint(x=6592, y=10944, worldView=0)
2026-05-24 12:54:06 CDT [Client] DEBUG net.runelite.client.game.LootManager - Item despawn 1739 (1) location LocalPoint(x=6592, y=10944, worldView=0)
2026-05-24 12:54:09 CDT [Client] DEBUG n.r.client.plugins.gpu.GpuPlugin - Zone invalidated: wx=0 x=7 z=12
2026-05-24 12:54:09 CDT [Client] DEBUG n.r.client.plugins.gpu.GpuPlugin - Rebuilt zone wv=0 x=7 z=12
2026-05-24 12:54:11 CDT [Client] DEBUG net.runelite.client.game.LootManager - Item despawn 526 (1) location LocalPoint(x=6080, y=10432, worldView=0)
2026-05-24 12:54:11 CDT [Client] DEBUG net.runelite.client.game.LootManager - Item despawn 2132 (1) location LocalPoint(x=6080, y=10432, worldView=0)
2026-05-24 12:54:12 CDT [Client] DEBUG net.runelite.client.game.LootManager - Item spawn 526 (1) location LocalPoint(x=5952, y=11072, worldView=0)
2026-05-24 12:54:12 CDT [Client] DEBUG net.runelite.client.game.LootManager - Item spawn 2132 (1) location LocalPoint(x=5952, y=11072, worldView=0)
2026-05-24 12:54:12 CDT [Client] DEBUG net.runelite.client.game.LootManager - Item spawn 1739 (1) location LocalPoint(x=5952, y=11072, worldView=0)
2026-05-24 12:54:16 CDT [Client] DEBUG net.runelite.client.game.LootManager - Item spawn 526 (1) location LocalPoint(x=7232, y=10304, worldView=0)
2026-05-24 12:54:16 CDT [Client] DEBUG net.runelite.client.game.LootManager - Item spawn 2132 (1) location LocalPoint(x=7232, y=10304, worldView=0)
2026-05-24 12:54:17 CDT [Client] DEBUG net.runelite.client.game.LootManager - Item despawn 1519 (1) location LocalPoint(x=3392, y=8000, worldView=0)
2026-05-24 12:54:17 CDT [Client] DEBUG net.runelite.client.game.LootManager - Item despawn 1519 (1) location LocalPoint(x=3392, y=8000, worldView=0)
2026-05-24 12:54:18 CDT [Client] DEBUG net.runelite.client.game.LootManager - Item despawn 1519 (1) location LocalPoint(x=3392, y=8000, worldView=0)
2026-05-24 12:54:18 CDT [Client] DEBUG net.runelite.client.game.LootManager - Item despawn 1519 (1) location LocalPoint(x=3392, y=8000, worldView=0)
2026-05-24 12:54:19 CDT [Client] DEBUG net.runelite.client.game.LootManager - Item despawn 1519 (1) location LocalPoint(x=3392, y=8000, worldView=0)
2026-05-24 12:54:20 CDT [Client] DEBUG net.runelite.client.game.LootManager - Item despawn 1519 (1) location LocalPoint(x=3392, y=8000, worldView=0)
2026-05-24 12:54:21 CDT [Client] DEBUG net.runelite.client.game.LootManager - Item despawn 526 (1) location LocalPoint(x=5952, y=10560, worldView=0)
2026-05-24 12:54:21 CDT [Client] DEBUG net.runelite.client.game.LootManager - Item despawn 2132 (1) location LocalPoint(x=5952, y=10560, worldView=0)
2026-05-24 12:54:21 CDT [Client] DEBUG net.runelite.client.game.LootManager - Item despawn 1519 (1) location LocalPoint(x=3392, y=8000, worldView=0)
2026-05-24 12:54:21 CDT [Client] DEBUG net.runelite.client.game.LootManager - Item despawn 1519 (1) location LocalPoint(x=3392, y=8000, worldView=0)
2026-05-24 12:54:22 CDT [Client] DEBUG net.runelite.client.game.LootManager - Item despawn 1519 (1) location LocalPoint(x=3392, y=8000, worldView=0)
2026-05-24 12:54:23 CDT [Client] DEBUG net.runelite.client.game.LootManager - Item despawn 1519 (1) location LocalPoint(x=3392, y=8000, worldView=0)
2026-05-24 12:54:23 CDT [Client] DEBUG net.runelite.client.game.LootManager - Item despawn 1519 (1) location LocalPoint(x=3392, y=8000, worldView=0)
2026-05-24 12:54:23 CDT [Client] DEBUG net.runelite.client.game.LootManager - Item despawn 2347 (1) location LocalPoint(x=5440, y=6592, worldView=0)
2026-05-24 12:54:24 CDT [Client] DEBUG net.runelite.client.game.LootManager - Item despawn 1519 (1) location LocalPoint(x=3392, y=8000, worldView=0)
2026-05-24 12:54:24 CDT [Client] DEBUG net.runelite.client.game.LootManager - Item despawn 1519 (1) location LocalPoint(x=3392, y=8000, worldView=0)
2026-05-24 12:54:25 CDT [Client] DEBUG net.runelite.client.game.LootManager - Item despawn 1519 (1) location LocalPoint(x=3392, y=8000, worldView=0)
2026-05-24 12:54:26 CDT [Client] DEBUG net.runelite.client.game.LootManager - Item despawn 526 (1) location LocalPoint(x=6848, y=10688, worldView=0)
2026-05-24 12:54:26 CDT [Client] DEBUG net.runelite.client.game.LootManager - Item despawn 2132 (1) location LocalPoint(x=6848, y=10688, worldView=0)
2026-05-24 12:54:26 CDT [Client] DEBUG net.runelite.client.game.LootManager - Item despawn 1739 (1) location LocalPoint(x=6848, y=10688, worldView=0)
2026-05-24 12:54:26 CDT [Client] DEBUG net.runelite.client.game.LootManager - Item despawn 1519 (1) location LocalPoint(x=3392, y=8000, worldView=0)
2026-05-24 12:54:26 CDT [Client] DEBUG net.runelite.client.game.LootManager - Item despawn 1519 (1) location LocalPoint(x=3392, y=8000, worldView=0)
2026-05-24 12:54:27 CDT [Client] DEBUG net.runelite.client.game.LootManager - Item despawn 1519 (1) location LocalPoint(x=3392, y=8000, worldView=0)
2026-05-24 12:54:27 CDT [Client] DEBUG net.runelite.client.game.LootManager - Item despawn 1519 (1) location LocalPoint(x=3392, y=8000, worldView=0)
2026-05-24 12:54:28 CDT [Client] DEBUG net.runelite.client.game.LootManager - Item despawn 1519 (1) location LocalPoint(x=3392, y=8000, worldView=0)
2026-05-24 12:54:29 CDT [Client] DEBUG net.runelite.client.game.LootManager - Item despawn 1519 (1) location LocalPoint(x=3392, y=8000, worldView=0)
2026-05-24 12:54:29 CDT [Client] DEBUG net.runelite.client.game.LootManager - Item despawn 1519 (1) location LocalPoint(x=3392, y=8000, worldView=0)
2026-05-24 12:54:30 CDT [Client] DEBUG net.runelite.client.game.LootManager - Item spawn 526 (1) location LocalPoint(x=6464, y=11072, worldView=0)
2026-05-24 12:54:30 CDT [Client] DEBUG net.runelite.client.game.LootManager - Item spawn 2132 (1) location LocalPoint(x=6464, y=11072, worldView=0)
2026-05-24 12:54:30 CDT [Client] DEBUG net.runelite.client.game.LootManager - Item spawn 1739 (1) location LocalPoint(x=6464, y=11072, worldView=0)
2026-05-24 12:54:30 CDT [Client] DEBUG net.runelite.client.game.LootManager - Item despawn 1519 (1) location LocalPoint(x=3392, y=8000, worldView=0)
2026-05-24 12:54:30 CDT [Client] DEBUG net.runelite.client.game.LootManager - Item despawn 526 (1) location LocalPoint(x=6464, y=11584, worldView=0)
2026-05-24 12:54:30 CDT [Client] DEBUG net.runelite.client.game.LootManager - Item despawn 2132 (1) location LocalPoint(x=6464, y=11584, worldView=0)
2026-05-24 12:54:30 CDT [Client] DEBUG net.runelite.client.game.LootManager - Item despawn 1519 (1) location LocalPoint(x=3392, y=8000, worldView=0)
2026-05-24 12:54:31 CDT [Client] DEBUG net.runelite.client.game.LootManager - Item despawn 1519 (1) location LocalPoint(x=3392, y=8000, worldView=0)
2026-05-24 12:54:32 CDT [Client] DEBUG net.runelite.client.game.LootManager - Item despawn 1519 (1) location LocalPoint(x=3392, y=8000, worldView=0)
2026-05-24 12:54:36 CDT [Client] DEBUG n.r.client.plugins.gpu.GpuPlugin - Zone invalidated: wx=0 x=8 z=12
2026-05-24 12:54:36 CDT [Client] DEBUG n.r.client.plugins.gpu.GpuPlugin - Zone invalidated: wx=0 x=8 z=11
2026-05-24 12:54:36 CDT [Client] DEBUG n.r.client.plugins.gpu.GpuPlugin - Rebuilt zone wv=0 x=8 z=11
2026-05-24 12:54:36 CDT [Client] DEBUG n.r.client.plugins.gpu.GpuPlugin - Rebuilt zone wv=0 x=8 z=12
2026-05-24 12:54:40 CDT [Client] DEBUG n.r.client.plugins.gpu.GpuPlugin - Zone invalidated: wx=0 x=8 z=13
2026-05-24 12:54:40 CDT [Client] DEBUG n.r.client.plugins.gpu.GpuPlugin - Rebuilt zone wv=0 x=8 z=13
2026-05-24 12:54:42 CDT [Client] DEBUG net.runelite.client.game.LootManager - Item despawn 526 (1) location LocalPoint(x=6080, y=10176, worldView=0)
2026-05-24 12:54:42 CDT [Client] DEBUG net.runelite.client.game.LootManager - Item despawn 2132 (1) location LocalPoint(x=6080, y=10176, worldView=0)
2026-05-24 12:54:42 CDT [Client] DEBUG net.runelite.client.game.LootManager - Item spawn 526 (1) location LocalPoint(x=5952, y=10688, worldView=0)
2026-05-24 12:54:42 CDT [Client] DEBUG net.runelite.client.game.LootManager - Item spawn 2132 (1) location LocalPoint(x=5952, y=10688, worldView=0)
2026-05-24 12:54:44 CDT [Client] DEBUG net.runelite.client.game.LootManager - Item despawn 526 (1) location LocalPoint(x=6464, y=11840, worldView=0)
2026-05-24 12:54:44 CDT [Client] DEBUG net.runelite.client.game.LootManager - Item despawn 2132 (1) location LocalPoint(x=6464, y=11840, worldView=0)
2026-05-24 12:54:44 CDT [Client] DEBUG n.r.client.plugins.gpu.GpuPlugin - Zone invalidated: wx=0 x=8 z=12
2026-05-24 12:54:44 CDT [Client] DEBUG n.r.client.plugins.gpu.GpuPlugin - Rebuilt zone wv=0 x=8 z=12
2026-05-24 12:54:48 CDT [Client] DEBUG n.r.client.plugins.gpu.GpuPlugin - Zone invalidated: wx=0 x=8 z=13
2026-05-24 12:54:48 CDT [Client] DEBUG n.r.client.plugins.gpu.GpuPlugin - Rebuilt zone wv=0 x=8 z=13
2026-05-24 12:54:53 CDT [Client] DEBUG net.runelite.client.game.LootManager - Item spawn 526 (1) location LocalPoint(x=5952, y=10304, worldView=0)
2026-05-24 12:54:53 CDT [Client] DEBUG net.runelite.client.game.LootManager - Item spawn 2132 (1) location LocalPoint(x=5952, y=10304, worldView=0)
2026-05-24 12:54:53 CDT [Client] DEBUG n.r.client.plugins.gpu.GpuPlugin - Zone invalidated: wx=0 x=7 z=12
2026-05-24 12:54:53 CDT [Client] DEBUG n.r.client.plugins.gpu.GpuPlugin - Rebuilt zone wv=0 x=7 z=12
2026-05-24 12:54:54 CDT [Client] DEBUG net.runelite.client.game.LootManager - Item spawn 526 (1) location LocalPoint(x=6080, y=11200, worldView=0)
2026-05-24 12:54:54 CDT [Client] DEBUG net.runelite.client.game.LootManager - Item spawn 2132 (1) location LocalPoint(x=6080, y=11200, worldView=0)
2026-05-24 12:54:54 CDT [Client] DEBUG net.runelite.client.game.LootManager - Item spawn 1739 (1) location LocalPoint(x=6080, y=11200, worldView=0)
2026-05-24 12:54:54 CDT [Client] DEBUG net.runelite.client.game.LootManager - Item despawn 526 (1) location LocalPoint(x=6592, y=11456, worldView=0)
2026-05-24 12:54:54 CDT [Client] DEBUG net.runelite.client.game.LootManager - Item despawn 2132 (1) location LocalPoint(x=6592, y=11456, worldView=0)
2026-05-24 12:54:59 CDT [Client] DEBUG net.runelite.client.game.LootManager - Item despawn 526 (1) location LocalPoint(x=6080, y=10816, worldView=0)
2026-05-24 12:54:59 CDT [Client] DEBUG net.runelite.client.game.LootManager - Item despawn 2132 (1) location LocalPoint(x=6080, y=10816, worldView=0)
2026-05-24 12:54:59 CDT [Client] DEBUG net.runelite.client.game.LootManager - Item despawn 1739 (1) location LocalPoint(x=6080, y=10816, worldView=0)
2026-05-24 12:55:02 CDT [pool-2-thread-1] DEBUG n.r.client.config.ConfigManager - Saving profile $rsprofile (patch size: 2)
2026-05-24 12:55:03 CDT [Client] DEBUG net.runelite.client.game.LootManager - Item spawn 1519 (1) location LocalPoint(x=3392, y=8000, worldView=0)
2026-05-24 12:55:03 CDT [Client] DEBUG n.r.client.plugins.gpu.GpuPlugin - Zone invalidated: wx=0 x=7 z=13
2026-05-24 12:55:03 CDT [Client] DEBUG n.r.client.plugins.gpu.GpuPlugin - Rebuilt zone wv=0 x=7 z=13
2026-05-24 12:55:04 CDT [Client] DEBUG net.runelite.client.game.LootManager - Item spawn 1519 (1) location LocalPoint(x=3392, y=8000, worldView=0)
2026-05-24 12:55:04 CDT [pool-2-thread-1] DEBUG n.r.client.config.ConfigManager - Setting configuration value for xpTracker.rsprofile.E4M4xC0b.state to {"skills":{"FISHING":{"s":0,"br":0,"ar":10,"t":186735942},"WOODCUTTING":{"s":325,"br":0,"ar":8662,"t":186696779},"FIREMAKING":{"s":0,"br":0,"ar":120,"t":186687018},"COOKING":{"s":0,"br":0,"ar":70,"t":186682139},"MINING":{"s":0,"br":0,"ar":35,"t":186572011},"SMITHING":{"s":0,"br":0,"ar":18,"t":186557370},"ATTACK":{"s":88,"br":0,"ar":420,"t":186493808},"RANGED":{"s":0,"br":0,"ar":12,"t":186463147},"MAGIC":{"s":0,"br":0,"ar":9,"t":186323697},"HITPOINTS":{"s":1182,"br":0,"ar":133,"t":148125450},"PRAYER":{"s":0,"br":0,"ar":4,"t":139238874}},"compactViewSkills":[],"overall":{"s":1154,"br":0,"ar":9934,"t":186737165}}
2026-05-24 12:55:05 CDT [Client] DEBUG net.runelite.client.game.LootManager - Item spawn 1519 (1) location LocalPoint(x=3392, y=8000, worldView=0)
2026-05-24 12:55:05 CDT [Client] DEBUG net.runelite.client.game.LootManager - Item spawn 1519 (1) location LocalPoint(x=3392, y=8000, worldView=0)
2026-05-24 12:55:06 CDT [Client] DEBUG net.runelite.client.game.LootManager - Item spawn 1519 (1) location LocalPoint(x=3392, y=8000, worldView=0)
2026-05-24 12:55:06 CDT [Client] DEBUG net.runelite.client.game.LootManager - Item spawn 526 (1) location LocalPoint(x=6080, y=11584, worldView=0)
2026-05-24 12:55:06 CDT [Client] DEBUG net.runelite.client.game.LootManager - Item spawn 2132 (1) location LocalPoint(x=6080, y=11584, worldView=0)
2026-05-24 12:55:06 CDT [Client] DEBUG net.runelite.client.game.LootManager - Item spawn 1739 (1) location LocalPoint(x=6080, y=11584, worldView=0)
2026-05-24 12:55:06 CDT [Client] DEBUG n.r.client.plugins.gpu.GpuPlugin - Zone invalidated: wx=0 x=10 z=16
2026-05-24 12:55:06 CDT [Client] DEBUG n.r.client.plugins.gpu.GpuPlugin - Rebuilt zone wv=0 x=10 z=16
2026-05-24 12:55:07 CDT [Client] DEBUG net.runelite.client.game.LootManager - Item spawn 1519 (1) location LocalPoint(x=3392, y=8000, worldView=0)
2026-05-24 12:55:08 CDT [Client] DEBUG net.runelite.client.game.LootManager - Item spawn 1519 (1) location LocalPoint(x=3392, y=8000, worldView=0)
2026-05-24 12:55:09 CDT [Client] DEBUG net.runelite.client.game.LootManager - Item spawn 1519 (1) location LocalPoint(x=3392, y=8000, worldView=0)
2026-05-24 12:55:09 CDT [Client] DEBUG net.runelite.client.game.LootManager - Item spawn 1519 (1) location LocalPoint(x=3392, y=8000, worldView=0)
2026-05-24 12:55:09 CDT [Client] DEBUG net.runelite.client.game.LootManager - Item spawn 1519 (1) location LocalPoint(x=3392, y=8000, worldView=0)
2026-05-24 12:55:10 CDT [Client] DEBUG net.runelite.client.game.LootManager - Item spawn 1519 (1) location LocalPoint(x=3392, y=8000, worldView=0)
2026-05-24 12:55:11 CDT [Client] DEBUG net.runelite.client.game.LootManager - Item spawn 1519 (1) location LocalPoint(x=3392, y=8000, worldView=0)
2026-05-24 12:55:11 CDT [Client] DEBUG n.r.client.plugins.gpu.GpuPlugin - Zone invalidated: wx=0 x=7 z=13
2026-05-24 12:55:11 CDT [Client] DEBUG n.r.client.plugins.gpu.GpuPlugin - Rebuilt zone wv=0 x=7 z=13
2026-05-24 12:55:12 CDT [Client] DEBUG net.runelite.client.game.LootManager - Item spawn 1519 (1) location LocalPoint(x=3392, y=8000, worldView=0)
2026-05-24 12:55:12 CDT [Client] DEBUG net.runelite.client.game.LootManager - Item despawn 526 (1) location LocalPoint(x=5952, y=11072, worldView=0)
2026-05-24 12:55:12 CDT [Client] DEBUG net.runelite.client.game.LootManager - Item despawn 2132 (1) location LocalPoint(x=5952, y=11072, worldView=0)
2026-05-24 12:55:12 CDT [Client] DEBUG net.runelite.client.game.LootManager - Item despawn 1739 (1) location LocalPoint(x=5952, y=11072, worldView=0)
2026-05-24 12:55:12 CDT [Client] DEBUG net.runelite.client.game.LootManager - Item spawn 1519 (1) location LocalPoint(x=3392, y=8000, worldView=0)
2026-05-24 12:55:13 CDT [Client] DEBUG net.runelite.client.game.LootManager - Item spawn 1519 (1) location LocalPoint(x=3392, y=8000, worldView=0)
2026-05-24 12:55:14 CDT [Client] DEBUG net.runelite.client.game.LootManager - Item spawn 1519 (1) location LocalPoint(x=3392, y=8000, worldView=0)
2026-05-24 12:55:14 CDT [Client] DEBUG net.runelite.client.game.LootManager - Item spawn 526 (1) location LocalPoint(x=6336, y=10944, worldView=0)
2026-05-24 12:55:14 CDT [Client] DEBUG net.runelite.client.game.LootManager - Item spawn 2132 (1) location LocalPoint(x=6336, y=10944, worldView=0)
2026-05-24 12:55:14 CDT [Client] DEBUG net.runelite.client.game.LootManager - Item spawn 1739 (1) location LocalPoint(x=6336, y=10944, worldView=0)
2026-05-24 12:55:14 CDT [Client] DEBUG net.runelite.client.game.LootManager - Item spawn 1519 (1) location LocalPoint(x=3392, y=8000, worldView=0)
2026-05-24 12:55:15 CDT [Client] DEBUG net.runelite.client.game.LootManager - Item spawn 1519 (1) location LocalPoint(x=3392, y=8000, worldView=0)
2026-05-24 12:55:15 CDT [Client] DEBUG net.runelite.client.game.LootManager - Item spawn 1519 (1) location LocalPoint(x=3392, y=8000, worldView=0)
2026-05-24 12:55:16 CDT [Client] DEBUG net.runelite.client.game.LootManager - Item despawn 526 (1) location LocalPoint(x=7232, y=10304, worldView=0)
2026-05-24 12:55:16 CDT [Client] DEBUG net.runelite.client.game.LootManager - Item despawn 2132 (1) location LocalPoint(x=7232, y=10304, worldView=0)
2026-05-24 12:55:16 CDT [Client] DEBUG net.runelite.client.game.LootManager - Item spawn 1519 (1) location LocalPoint(x=3392, y=8000, worldView=0)
2026-05-24 12:55:17 CDT [Client] DEBUG net.runelite.client.game.LootManager - Item spawn 1519 (1) location LocalPoint(x=3392, y=8000, worldView=0)
2026-05-24 12:55:17 CDT [Client] DEBUG net.runelite.client.game.LootManager - Item spawn 1519 (1) location LocalPoint(x=3392, y=8000, worldView=0)
2026-05-24 12:55:18 CDT [Client] DEBUG n.r.client.plugins.gpu.GpuPlugin - Zone invalidated: wx=0 x=8 z=12
2026-05-24 12:55:18 CDT [Client] DEBUG n.r.client.plugins.gpu.GpuPlugin - Rebuilt zone wv=0 x=8 z=12
2026-05-24 12:55:18 CDT [Client] DEBUG net.runelite.client.game.LootManager - Item spawn 1519 (1) location LocalPoint(x=3392, y=8000, worldView=0)
2026-05-24 12:55:19 CDT [Client] DEBUG net.runelite.client.game.LootManager - Item spawn 1519 (1) location LocalPoint(x=3392, y=8000, worldView=0)
2026-05-24 12:55:20 CDT [Client] DEBUG net.runelite.client.game.LootManager - Item spawn 1519 (1) location LocalPoint(x=3392, y=8000, worldView=0)
2026-05-24 12:55:20 CDT [Client] DEBUG n.r.client.plugins.gpu.GpuPlugin - Zone invalidated: wx=0 x=8 z=11
2026-05-24 12:55:20 CDT [Client] DEBUG n.r.client.plugins.gpu.GpuPlugin - Rebuilt zone wv=0 x=8 z=11
2026-05-24 12:55:21 CDT [Client] DEBUG net.runelite.client.game.LootManager - Item spawn 1519 (1) location LocalPoint(x=3392, y=8000, worldView=0)
2026-05-24 12:55:23 CDT [Client] DEBUG net.runelite.client.game.LootManager - Item spawn 526 (1) location LocalPoint(x=6080, y=10688, worldView=0)
2026-05-24 12:55:23 CDT [Client] DEBUG net.runelite.client.game.LootManager - Item spawn 2132 (1) location LocalPoint(x=6080, y=10688, worldView=0)
2026-05-24 12:55:23 CDT [Client] DEBUG net.runelite.client.game.LootManager - Item spawn 1739 (1) location LocalPoint(x=6080, y=10688, worldView=0)
2026-05-24 12:55:26 CDT [Client] DEBUG net.runelite.client.game.LootManager - Item spawn 526 (1) location LocalPoint(x=5824, y=11200, worldView=0)
2026-05-24 12:55:26 CDT [Client] DEBUG net.runelite.client.game.LootManager - Item spawn 2132 (1) location LocalPoint(x=5824, y=11200, worldView=0)
2026-05-24 12:55:26 CDT [Client] DEBUG net.runelite.client.game.LootManager - Item spawn 1739 (1) location LocalPoint(x=5824, y=11200, worldView=0)
2026-05-24 12:55:26 CDT [Client] DEBUG n.r.client.plugins.gpu.GpuPlugin - Zone invalidated: wx=0 x=8 z=12
2026-05-24 12:55:26 CDT [Client] DEBUG n.r.client.plugins.gpu.GpuPlugin - Rebuilt zone wv=0 x=8 z=12
2026-05-24 12:55:30 CDT [Client] DEBUG net.runelite.client.game.LootManager - Item despawn 526 (1) location LocalPoint(x=6464, y=11072, worldView=0)
2026-05-24 12:55:30 CDT [Client] DEBUG net.runelite.client.game.LootManager - Item despawn 2132 (1) location LocalPoint(x=6464, y=11072, worldView=0)
2026-05-24 12:55:30 CDT [Client] DEBUG net.runelite.client.game.LootManager - Item despawn 1739 (1) location LocalPoint(x=6464, y=11072, worldView=0)
2026-05-24 12:55:35 CDT [Client] DEBUG net.runelite.client.game.LootManager - Item spawn 526 (1) location LocalPoint(x=5952, y=10560, worldView=0)
2026-05-24 12:55:35 CDT [Client] DEBUG net.runelite.client.game.LootManager - Item spawn 2132 (1) location LocalPoint(x=5952, y=10560, worldView=0)
2026-05-24 12:55:35 CDT [Client] DEBUG net.runelite.client.game.LootManager - Item spawn 1739 (1) location LocalPoint(x=5952, y=10560, worldView=0)
2026-05-24 12:55:38 CDT [Client] DEBUG net.runelite.client.game.LootManager - Item spawn 526 (1) location LocalPoint(x=6464, y=11456, worldView=0)
2026-05-24 12:55:38 CDT [Client] DEBUG net.runelite.client.game.LootManager - Item spawn 2132 (1) location LocalPoint(x=6464, y=11456, worldView=0)
2026-05-24 12:55:38 CDT [Client] DEBUG net.runelite.client.game.LootManager - Item spawn 1739 (1) location LocalPoint(x=6464, y=11456, worldView=0)
2026-05-24 12:55:39 CDT [Client] DEBUG n.r.client.plugins.gpu.GpuPlugin - Zone invalidated: wx=0 x=8 z=13
2026-05-24 12:55:39 CDT [Client] DEBUG n.r.client.plugins.gpu.GpuPlugin - Rebuilt zone wv=0 x=8 z=13
2026-05-24 12:55:42 CDT [Client] DEBUG net.runelite.client.game.LootManager - Item despawn 526 (1) location LocalPoint(x=5952, y=10688, worldView=0)
2026-05-24 12:55:42 CDT [Client] DEBUG net.runelite.client.game.LootManager - Item despawn 2132 (1) location LocalPoint(x=5952, y=10688, worldView=0)
2026-05-24 12:55:47 CDT [Client] DEBUG net.runelite.client.game.LootManager - Item spawn 526 (1) location LocalPoint(x=5824, y=10176, worldView=0)
2026-05-24 12:55:47 CDT [Client] DEBUG net.runelite.client.game.LootManager - Item spawn 2132 (1) location LocalPoint(x=5824, y=10176, worldView=0)
2026-05-24 12:55:47 CDT [Client] DEBUG net.runelite.client.game.LootManager - Item spawn 1739 (1) location LocalPoint(x=5824, y=10176, worldView=0)
2026-05-24 12:55:48 CDT [Client] DEBUG n.r.client.plugins.gpu.GpuPlugin - Zone invalidated: wx=0 x=8 z=13
2026-05-24 12:55:48 CDT [Client] DEBUG n.r.client.plugins.gpu.GpuPlugin - Rebuilt zone wv=0 x=8 z=13
2026-05-24 12:55:48 CDT [Client] DEBUG n.r.client.plugins.gpu.GpuPlugin - Zone invalidated: wx=0 x=10 z=16
2026-05-24 12:55:48 CDT [Client] DEBUG n.r.client.plugins.gpu.GpuPlugin - Rebuilt zone wv=0 x=10 z=16
2026-05-24 12:55:52 CDT [Client] DEBUG net.runelite.client.game.LootManager - Item spawn 526 (1) location LocalPoint(x=5952, y=11712, worldView=0)
2026-05-24 12:55:52 CDT [Client] DEBUG net.runelite.client.game.LootManager - Item spawn 2132 (1) location LocalPoint(x=5952, y=11712, worldView=0)
2026-05-24 12:55:52 CDT [Client] DEBUG net.runelite.client.game.LootManager - Item spawn 1739 (1) location LocalPoint(x=5952, y=11712, worldView=0)
2026-05-24 12:55:53 CDT [Client] DEBUG net.runelite.client.game.LootManager - Item despawn 526 (1) location LocalPoint(x=5952, y=10304, worldView=0)
2026-05-24 12:55:53 CDT [Client] DEBUG net.runelite.client.game.LootManager - Item despawn 2132 (1) location LocalPoint(x=5952, y=10304, worldView=0)
2026-05-24 12:55:54 CDT [Client] DEBUG net.runelite.client.game.LootManager - Item despawn 526 (1) location LocalPoint(x=6080, y=11200, worldView=0)
2026-05-24 12:55:54 CDT [Client] DEBUG net.runelite.client.game.LootManager - Item despawn 2132 (1) location LocalPoint(x=6080, y=11200, worldView=0)
2026-05-24 12:55:54 CDT [Client] DEBUG net.runelite.client.game.LootManager - Item despawn 1739 (1) location LocalPoint(x=6080, y=11200, worldView=0)
2026-05-24 12:55:55 CDT [Client] DEBUG injected-client - Game state changed: LOGIN_SCREEN (state: 10, 2 step: false)
2026-05-24 12:55:55 CDT [Client] DEBUG injected-client - Cache is ready
2026-05-24 12:55:55 CDT [Client] DEBUG n.r.c.plugins.discord.DiscordState - Events: [DiscordState.EventWithTime(type=IN_MENU, start=2026-05-24T17:55:55.753561700Z, updated=2026-05-24T17:55:55.753561700Z)]
2026-05-24 12:55:55 CDT [Client] DEBUG n.r.client.discord.DiscordService - Sending presence update DiscordPresence(state=In Menu, details=, startTimestamp=2026-05-24T17:55:55.753561700Z, endTimestamp=null, largeImageKey=null, largeImageText=RuneLite v1.12.26.3, smallImageKey=null, smallImageText=null, partyId=null, partySize=0, partyMax=0, matchSecret=null, joinSecret=null, spectateSecret=null, instance=false)
2026-05-24 12:55:55 CDT [OkHttp https://static.runelite.net/...] DEBUG n.r.client.RuntimeConfigRefresher - Successfully refreshed the runtimeConfig
2026-05-24 12:56:04 CDT [pool-2-thread-1] DEBUG n.r.client.config.ConfigManager - Setting configuration value for xpTracker.rsprofile.E4M4xC0b.state to {"skills":{"FISHING":{"s":0,"br":0,"ar":10,"t":186786162},"WOODCUTTING":{"s":325,"br":0,"ar":8662,"t":186746999},"FIREMAKING":{"s":0,"br":0,"ar":120,"t":186737238},"COOKING":{"s":0,"br":0,"ar":70,"t":186732359},"MINING":{"s":0,"br":0,"ar":35,"t":186622231},"SMITHING":{"s":0,"br":0,"ar":18,"t":186607590},"ATTACK":{"s":88,"br":0,"ar":420,"t":186544028},"RANGED":{"s":0,"br":0,"ar":12,"t":186513367},"MAGIC":{"s":0,"br":0,"ar":9,"t":186373917},"HITPOINTS":{"s":1182,"br":0,"ar":133,"t":148175670},"PRAYER":{"s":0,"br":0,"ar":4,"t":139289094}},"compactViewSkills":[],"overall":{"s":1154,"br":0,"ar":9934,"t":186787385}}
2026-05-24 13:00:02 CDT [pool-2-thread-1] DEBUG n.r.client.config.ConfigManager - Saving profile $rsprofile (patch size: 1)

Deprecated Gradle features were used in this build, making it incompatible with Gradle 9.0.

You can use '--warning-mode all' to show the individual deprecation warnings and determine if they come from your own scripts or plugins.

For more on this, please refer to https://docs.gradle.org/8.10/userguide/command_line_interface.html#sec:command_line_warnings in the Gradle documentation.

BUILD SUCCESSFUL in 31m 5s
4 actionable tasks: 1 executed, 3 up-to-date
